Scenario,Year,Metal,Technology,"Climate change, ecosystem quality, long term","Climate change, ecosystem quality, short term","Climate change, human health, long term","Climate change, human health, short term",Fisheries impact,Freshwater acidification,"Freshwater ecotoxicity, long term","Freshwater ecotoxicity, short term",Freshwater eutrophication,"Human toxicity cancer, long term","Human toxicity cancer, short term","Human toxicity non-cancer, long term","Human toxicity non-cancer, short term","Ionizing radiations, ecosystem quality","Ionizing radiations, human health","Land occupation, biodiversity","Land transformation, biodiversity","Marine acidification, long term","Marine acidification, short term","Marine ecotoxicity, long term","Marine ecotoxicity, short term",Marine eutrophication,Ozone layer depletion,Particulate matter formation,"Photochemical ozone formation, ecosystem quality","Photochemical ozone formation, human health",Terrestrial acidification,"Terrestrial ecotoxicity, long term","Terrestrial ecotoxicity, short term",Thermally polluted water,"Water availability, freshwater ecosystem","Water availability, human health","Water availability, terrestrial ecosystem",Total human health,Total ecosystem quality
NZE,2022,Aluminium,Electricity Networks,4.375463848,1.301711739,5.90E-05,1.75E-05,4.55E-13,0.099553345,1.240845458,0.517901309,0.000211819,6.45E-08,1.00E-06,1.91E-06,6.05E-07,4.87E-10,7.61E-09,0.082497535,0.098772567,1.490163302,0.161757867,6.27E-07,5.31E-07,0.00651689,1.13E-10,1.36E-05,0.170054734,1.74E-08,0.784303686,0.022892274,0.019396621,0.002923597,1.70E-05,3.71E-07,0.000420564,9.41E-05,10.3754054
NZE,2030,Aluminium,Electricity Networks,2.863005682,0.840702128,3.86E-05,1.13E-05,9.72E-13,0.082749067,1.014767429,0.314003542,0.000173754,5.51E-08,9.10E-07,1.67E-06,6.26E-07,4.93E-10,8.10E-09,0.078381894,0.115660002,0.952042995,0.103343832,5.90E-07,5.15E-07,0.004675073,8.53E-11,9.09E-06,0.122414084,1.25E-08,0.61565527,0.021527827,0.018782199,0.002602026,1.31E-05,3.28E-07,0.000249392,6.26E-05,7.150750494
NZE,2035,Aluminium,Electricity Networks,2.407516915,0.702342934,3.24E-05,9.47E-06,1.07E-12,0.077730132,0.956264384,0.257317243,0.000168511,5.26E-08,8.77E-07,1.61E-06,6.34E-07,4.62E-10,7.72E-09,0.086001141,0.121221051,0.790203609,0.085775925,5.78E-07,5.18E-07,0.004182052,7.55E-11,7.91E-06,0.10903012,1.11E-08,0.568457835,0.021110431,0.018916633,0.00226109,1.17E-05,3.12E-07,0.000204283,5.33E-05,6.208717124
NZE,2040,Aluminium,Electricity Networks,2.114165153,0.612742152,2.85E-05,8.26E-06,1.06E-12,0.074282639,0.904372571,0.210926608,0.000163251,5.06E-08,8.44E-07,1.56E-06,6.40E-07,4.27E-10,7.28E-09,0.093804648,0.119522458,0.687280712,0.074603596,5.66E-07,5.18E-07,0.003843883,7.81E-11,7.15E-06,0.100043324,1.02E-08,0.533906823,0.020680548,0.018899672,0.00207435,1.05E-05,2.97E-07,0.00017412,4.73E-05,5.571498173
NZE,2045,Aluminium,Electricity Networks,1.836555223,0.528688638,2.48E-05,7.13E-06,9.34E-13,0.070216858,0.84786243,0.168543122,0.000151876,4.82E-08,8.05E-07,1.49E-06,6.37E-07,3.99E-10,6.96E-09,0.093142682,0.114773474,0.591323946,0.064187459,5.49E-07,5.11E-07,0.003486616,7.54E-11,6.41E-06,0.090774528,9.24E-09,0.495858752,0.020045661,0.018663479,0.001931421,9.76E-06,2.84E-07,0.000146687,4.16E-05,4.946363715
NZE,2050,Aluminium,Electricity Networks,1.606726839,0.458738222,2.17E-05,6.18E-06,8.36E-13,0.066989589,0.800238157,0.131666844,0.000140716,4.59E-08,7.75E-07,1.43E-06,6.28E-07,3.80E-10,6.72E-09,0.088188272,0.111596201,0.51134769,0.055505964,5.34E-07,5.03E-07,0.003181611,7.21E-11,5.78E-06,0.083182509,8.46E-09,0.464909832,0.019504324,0.018370409,0.001982499,9.03E-06,2.74E-07,0.000122654,3.68E-05,4.422402439
NZE,2022,Arsenic,Solar PV,2.142760788,0.648143773,2.89E-05,8.74E-06,2.33E-12,0.091521845,1.328018093,0.219171189,0.000926776,1.04E-07,1.28E-05,5.32E-06,4.01E-06,1.49E-09,2.07E-08,0.134348918,0.190608417,0.772419203,0.083845748,7.26E-07,1.35E-06,0.008195402,5.17E-10,6.56E-06,0.171865371,1.75E-08,0.511046783,0.026484648,0.049222396,0.001816177,4.57E-05,3.23E-06,0.000737338,6.97E-05,6.381180707
NZE,2030,Arsenic,Solar PV,1.089150842,0.330798187,1.47E-05,4.46E-06,4.72E-12,0.071500146,1.197745184,0.128881556,0.0009293,9.78E-08,1.28E-05,5.15E-06,4.01E-06,1.19E-09,1.67E-08,0.146641842,0.206456027,0.390412011,0.042377964,6.95E-07,1.36E-06,0.006967668,4.83E-10,3.69E-06,0.135740855,1.38E-08,0.386340566,0.025383078,0.049793024,0.001701924,4.02E-05,3.20E-06,0.000593479,4.82E-05,4.211455958
NZE,2035,Arsenic,Solar PV,0.816982059,0.249263465,1.10E-05,3.36E-06,4.96E-12,0.066735346,1.179817207,0.111295704,0.000947644,9.72E-08,1.28E-05,5.15E-06,4.03E-06,9.44E-10,1.33E-08,0.182581163,0.206158136,0.291634778,0.03165586,6.82E-07,1.39E-06,0.006749534,4.74E-10,3.01E-06,0.127134574,1.30E-08,0.359691203,0.024894884,0.050837421,0.00147264,3.76E-05,3.19E-06,0.000571927,4.27E-05,3.708463218
NZE,2040,Arsenic,Solar PV,0.731066671,0.223432622,9.85E-06,3.01E-06,4.95E-12,0.065336026,1.185037242,0.107746862,0.000969703,9.78E-08,1.28E-05,5.18E-06,4.05E-06,7.58E-10,1.07E-08,0.227726952,0.197331772,0.260485638,0.028275175,6.77E-07,1.43E-06,0.006765134,5.03E-10,3.00E-06,0.125063622,1.28E-08,0.354860356,0.024723389,0.052105429,0.001341919,3.61E-05,3.19E-06,0.000574888,4.12E-05,3.592881637
NZE,2045,Arsenic,Solar PV,0.668840656,0.204720217,9.01E-06,2.76E-06,4.46E-12,0.064757029,1.19118805,0.102505949,0.000980507,9.77E-08,1.28E-05,5.19E-06,4.05E-06,6.24E-10,8.82E-09,0.253734502,0.190166983,0.237897667,0.025823664,6.72E-07,1.46E-06,0.006793983,5.09E-10,3.04E-06,0.12418015,1.27E-08,0.352503789,0.024543856,0.053189559,0.001285679,3.53E-05,3.18E-06,0.000580349,4.02E-05,3.503730081
NZE,2050,Arsenic,Solar PV,0.63799999,0.195449045,8.60E-06,2.63E-06,4.03E-12,0.06447047,1.198083773,0.099206383,0.000983872,9.73E-08,1.28E-05,5.18E-06,4.05E-06,5.43E-10,7.68E-09,0.258557908,0.186586077,0.226652671,0.024603207,6.65E-07,1.47E-06,0.006807779,5.09E-10,3.06E-06,0.123774375,1.27E-08,0.350731904,0.02426061,0.053826554,0.001244852,3.49E-05,3.19E-06,0.000585861,3.96E-05,3.453862337
NZE,2022,Boron,Wind,1.173456706,0.354298452,1.58E-05,4.77E-06,5.47E-13,0.098239232,0.650228832,0.093589641,0.000358196,4.86E-08,5.69E-07,1.73E-06,1.07E-06,2.70E-10,4.14E-09,0.068877149,0.101120026,0.424263632,0.046053854,4.79E-07,8.94E-07,0.004340084,8.76E-11,4.99E-06,0.118809209,1.21E-08,0.579808006,0.017485103,0.032625787,0.000561398,1.46E-05,1.30E-06,0.000438563,3.03E-05,3.764569822
NZE,2030,Boron,Wind,0.802685571,0.24148618,1.08E-05,3.25E-06,1.11E-12,0.091344657,0.603385779,0.053545851,0.000358557,4.67E-08,5.58E-07,1.68E-06,1.08E-06,2.67E-10,4.07E-09,0.075326236,0.107007353,0.29000231,0.031479473,4.75E-07,9.00E-07,0.003923996,8.04E-11,3.84E-06,0.105890026,1.07E-08,0.534965817,0.017329767,0.032862038,0.000545691,1.32E-05,1.29E-06,0.000396225,2.26E-05,2.992550072
NZE,2035,Boron,Wind,0.692513289,0.208316343,9.33E-06,2.81E-06,1.19E-12,0.089490545,0.59877677,0.046053764,0.000368017,4.66E-08,5.52E-07,1.69E-06,1.08E-06,2.45E-10,3.68E-09,0.096541228,0.107688012,0.250040987,0.027141744,4.76E-07,9.15E-07,0.003860156,7.71E-11,3.58E-06,0.102675568,1.04E-08,0.524613905,0.017368532,0.033381461,0.000480982,1.26E-05,1.30E-06,0.000390676,2.04E-05,2.799716015
NZE,2040,Boron,Wind,0.643233124,0.193524802,8.67E-06,2.61E-06,1.19E-12,0.08873641,0.603250534,0.04444624,0.000382602,4.70E-08,5.49E-07,1.70E-06,1.09E-06,2.22E-10,3.32E-09,0.131302519,0.10542505,0.232163409,0.025201359,4.80E-07,9.34E-07,0.003879936,8.90E-11,3.58E-06,0.101840927,1.03E-08,0.52220352,0.017512699,0.034104845,0.000446845,1.24E-05,1.30E-06,0.000393495,1.96E-05,2.748062127
NZE,2045,Boron,Wind,0.602064632,0.181159884,8.11E-06,2.44E-06,1.10E-12,0.088655148,0.614318736,0.041927992,0.000392832,4.71E-08,5.50E-07,1.71E-06,1.10E-06,2.08E-10,3.11E-09,0.158170843,0.105078974,0.217178599,0.023574927,4.85E-07,9.56E-07,0.003899845,9.19E-11,3.60E-06,0.10124767,1.03E-08,0.521775127,0.01769228,0.034888847,0.000445462,1.24E-05,1.30E-06,0.00039947,1.89E-05,2.712885085
NZE,2050,Boron,Wind,0.576127631,0.173379424,7.76E-06,2.34E-06,1.01E-12,0.088927694,0.630016203,0.040223167,0.000397495,4.73E-08,5.51E-07,1.72E-06,1.10E-06,2.15E-10,3.16E-09,0.166819082,0.106524412,0.207670514,0.022542896,4.88E-07,9.73E-07,0.003926501,9.25E-11,3.62E-06,0.101220737,1.03E-08,0.522623977,0.017822498,0.035517679,0.000451534,1.25E-05,1.32E-06,0.000406282,1.85E-05,2.694611672
NZE,2022,Cadmium,Solar PV,2.10044857,0.636823503,2.83E-05,8.58E-06,5.31E-13,0.092686881,1.600400635,0.243053188,0.00017874,1.16E-07,1.65E-05,6.40E-06,5.79E-06,1.76E-09,2.42E-08,0.141215885,0.204422147,0.757617221,0.082240403,4.84E-07,7.54E-07,0.00827556,1.01E-10,5.90E-06,0.187666993,1.93E-08,0.504915802,0.017652006,0.027513238,0.002350106,4.80E-05,2.95E-06,0.000673977,7.46E-05,6.608184165
NZE,2030,Cadmium,Solar PV,0.81092943,0.24600776,1.09E-05,3.32E-06,1.19E-12,0.067044164,1.434045419,0.113507942,0.000171143,1.07E-07,1.65E-05,6.16E-06,5.79E-06,1.39E-09,1.97E-08,0.148329504,0.227812013,0.290451072,0.031528365,4.48E-07,7.65E-07,0.006808947,6.21E-11,2.69E-06,0.146934752,1.51E-08,0.350019204,0.016338941,0.027921902,0.002214439,4.04E-05,2.89E-06,0.000498522,4.84E-05,3.920605102
NZE,2035,Cadmium,Solar PV,0.528198892,0.160766254,7.12E-06,2.17E-06,1.31E-12,0.059230004,1.407221323,0.092233026,0.000183673,1.06E-07,1.65E-05,6.13E-06,5.79E-06,1.08E-09,1.56E-08,0.17503168,0.233016189,0.187924491,0.020398991,4.26E-07,7.83E-07,0.006558938,5.06E-11,2.13E-06,0.138564566,1.43E-08,0.316500747,0.01555927,0.028593325,0.001890883,3.66E-05,2.86E-06,0.000473142,4.28E-05,3.372383214
NZE,2040,Cadmium,Solar PV,0.454315913,0.138440644,6.12E-06,1.87E-06,1.32E-12,0.055642894,1.40313988,0.088700883,0.000198818,1.06E-07,1.65E-05,6.14E-06,5.80E-06,8.58E-10,1.27E-08,0.209759048,0.230794482,0.161151143,0.017492895,4.14E-07,8.02E-07,0.00653797,5.85E-11,2.07E-06,0.13660702,1.41E-08,0.305894851,0.015095865,0.029261064,0.001719385,3.45E-05,2.84E-06,0.000473661,4.14E-05,3.255262132
NZE,2045,Cadmium,Solar PV,0.409270241,0.124863936,5.52E-06,1.68E-06,1.20E-12,0.054414906,1.403180301,0.08529192,0.000206708,1.06E-07,1.65E-05,6.13E-06,5.79E-06,7.03E-10,1.06E-08,0.231828616,0.228155248,0.144802984,0.015718421,4.03E-07,8.18E-07,0.006535996,5.97E-11,2.05E-06,0.135746032,1.40E-08,0.301411009,0.014714699,0.029872598,0.001645027,3.34E-05,2.83E-06,0.000477646,4.06E-05,3.18817092
NZE,2050,Cadmium,Solar PV,0.38518024,0.117607444,5.19E-06,1.58E-06,1.10E-12,0.054170894,1.407445303,0.082542155,0.000209082,1.05E-07,1.65E-05,6.12E-06,5.78E-06,6.12E-10,9.40E-09,0.23641162,0.226743414,0.136014813,0.014764515,3.93E-07,8.31E-07,0.006536673,5.95E-11,2.04E-06,0.13534945,1.40E-08,0.299797358,0.014351339,0.030333765,0.001600158,3.27E-05,2.84E-06,0.000482605,4.02E-05,3.149574809
NZE,2022,Cadmium,Other low emissions power generation,2.10044857,0.636823503,2.83E-05,8.58E-06,5.31E-13,0.092686881,1.600400635,0.243053188,0.00017874,1.16E-07,1.65E-05,6.40E-06,5.79E-06,1.76E-09,2.42E-08,0.141215885,0.204422147,0.757617221,0.082240403,4.84E-07,7.54E-07,0.00827556,1.01E-10,5.90E-06,0.187666993,1.93E-08,0.504915802,0.017652006,0.027513238,0.002350106,4.80E-05,2.95E-06,0.000673977,7.46E-05,6.608184165
NZE,2030,Cadmium,Other low emissions power generation,0.81092943,0.24600776,1.09E-05,3.32E-06,1.19E-12,0.067044164,1.434045419,0.113507942,0.000171143,1.07E-07,1.65E-05,6.16E-06,5.79E-06,1.39E-09,1.97E-08,0.148329504,0.227812013,0.290451072,0.031528365,4.48E-07,7.65E-07,0.006808947,6.21E-11,2.69E-06,0.146934752,1.51E-08,0.350019204,0.016338941,0.027921902,0.002214439,4.04E-05,2.89E-06,0.000498522,4.84E-05,3.920605102
NZE,2035,Cadmium,Other low emissions power generation,0.528198892,0.160766254,7.12E-06,2.17E-06,1.31E-12,0.059230004,1.407221323,0.092233026,0.000183673,1.06E-07,1.65E-05,6.13E-06,5.79E-06,1.08E-09,1.56E-08,0.17503168,0.233016189,0.187924491,0.020398991,4.26E-07,7.83E-07,0.006558938,5.06E-11,2.13E-06,0.138564566,1.43E-08,0.316500747,0.01555927,0.028593325,0.001890883,3.66E-05,2.86E-06,0.000473142,4.28E-05,3.372383214
NZE,2040,Cadmium,Other low emissions power generation,0.454315913,0.138440644,6.12E-06,1.87E-06,1.32E-12,0.055642894,1.40313988,0.088700883,0.000198818,1.06E-07,1.65E-05,6.14E-06,5.80E-06,8.58E-10,1.27E-08,0.209759048,0.230794482,0.161151143,0.017492895,4.14E-07,8.02E-07,0.00653797,5.85E-11,2.07E-06,0.13660702,1.41E-08,0.305894851,0.015095865,0.029261064,0.001719385,3.45E-05,2.84E-06,0.000473661,4.14E-05,3.255262132
NZE,2045,Cadmium,Other low emissions power generation,0.409270241,0.124863936,5.52E-06,1.68E-06,1.20E-12,0.054414906,1.403180301,0.08529192,0.000206708,1.06E-07,1.65E-05,6.13E-06,5.79E-06,7.03E-10,1.06E-08,0.231828616,0.228155248,0.144802984,0.015718421,4.03E-07,8.18E-07,0.006535996,5.97E-11,2.05E-06,0.135746032,1.40E-08,0.301411009,0.014714699,0.029872598,0.001645027,3.34E-05,2.83E-06,0.000477646,4.06E-05,3.18817092
NZE,2050,Cadmium,Other low emissions power generation,0.38518024,0.117607444,5.19E-06,1.58E-06,1.10E-12,0.054170894,1.407445303,0.082542155,0.000209082,1.05E-07,1.65E-05,6.12E-06,5.78E-06,6.12E-10,9.40E-09,0.23641162,0.226743414,0.136014813,0.014764515,3.93E-07,8.31E-07,0.006536673,5.95E-11,2.04E-06,0.13534945,1.40E-08,0.299797358,0.014351339,0.030333765,0.001600158,3.27E-05,2.84E-06,0.000482605,4.02E-05,3.149574809
NZE,2022,Chromium,Wind,1.671047617,0.509781844,2.25E-05,6.87E-06,3.24E-13,0.110624005,1.193759302,0.265538645,0.000792214,1.48E-08,1.05E-05,3.20E-07,1.28E-07,6.69E-10,1.04E-08,0.051341954,0.081850055,0.604208783,0.065587697,8.91E-07,0.000341183,0.003402073,3.75E-11,1.15E-05,0.068791723,6.79E-09,0.390552321,0.032511393,12.45317706,0.000993728,9.35E-06,2.81E-07,0.000344129,5.21E-05,17.5046561
NZE,2030,Chromium,Wind,1.103613139,0.337734405,1.49E-05,4.55E-06,6.90E-13,0.063422498,1.119766823,0.215398476,0.000789009,1.10E-08,1.04E-05,2.19E-07,1.24E-07,6.56E-10,9.97E-09,0.054834361,0.086960899,0.398634573,0.043272118,8.87E-07,0.000341199,0.002843115,2.59E-11,8.88E-06,0.050414264,4.94E-09,0.233065343,0.032368249,12.45376357,0.00098006,6.57E-06,2.71E-07,0.000270463,3.94E-05,16.19848015
NZE,2035,Chromium,Wind,0.922243636,0.282804797,1.24E-05,3.81E-06,7.47E-13,0.037870825,1.10598154,0.204300882,0.000794894,1.03E-08,1.04E-05,2.07E-07,1.32E-07,5.61E-10,8.41E-09,0.066195639,0.087816001,0.33290248,0.03613684,8.79E-07,0.000341218,0.002738629,2.14E-11,8.08E-06,0.044874459,4.40E-09,0.164391358,0.032079531,12.45446645,0.000864436,5.22E-06,2.69E-07,0.000252394,3.54E-05,15.77706224
NZE,2040,Chromium,Wind,0.864480183,0.265324906,1.17E-05,3.58E-06,7.52E-13,0.02245281,1.103735562,0.202426001,0.000801385,1.03E-08,1.04E-05,2.12E-07,1.39E-07,4.48E-10,6.70E-09,0.079099327,0.08639444,0.31197637,0.033865423,8.70E-07,0.000341232,0.002735199,2.86E-11,7.84E-06,0.043253395,4.24E-09,0.127938481,0.031763638,12.45496215,0.0007731,4.36E-06,2.63E-07,0.000247825,3.41E-05,15.63257679
NZE,2045,Chromium,Wind,0.842405528,0.25863679,1.14E-05,3.49E-06,6.83E-13,0.018476671,1.104929176,0.201543035,0.000803755,1.04E-08,1.04E-05,2.17E-07,1.43E-07,3.70E-10,5.55E-09,0.084611652,0.085430485,0.303979914,0.032997512,8.64E-07,0.000341242,0.002738898,2.99E-11,7.79E-06,0.042717666,4.19E-09,0.118739901,0.031529722,12.455328,0.00072873,4.03E-06,2.59E-07,0.00024778,3.37E-05,15.58619148
NZE,2050,Chromium,Wind,0.835964614,0.256688798,1.13E-05,3.46E-06,6.20E-13,0.018476108,1.106748949,0.201149661,0.000804045,1.04E-08,1.04E-05,2.20E-07,1.44E-07,3.21E-10,4.82E-09,0.084704199,0.085014379,0.301637134,0.032743255,8.58E-07,0.000341247,0.002739634,2.94E-11,7.79E-06,0.042549597,4.18E-09,0.118762849,0.03131996,12.45551845,0.000702074,3.90E-06,2.58E-07,0.000249032,3.36E-05,15.57611888
NZE,2022,Chromium,Other low emissions power generation,1.671047617,0.509781844,2.25E-05,6.87E-06,3.24E-13,0.110624005,1.193759302,0.265538645,0.000792214,1.48E-08,1.05E-05,3.20E-07,1.28E-07,6.69E-10,1.04E-08,0.051341954,0.081850055,0.604208783,0.065587697,8.91E-07,0.000341183,0.003402073,3.75E-11,1.15E-05,0.068791723,6.79E-09,0.390552321,0.032511393,12.45317706,0.000993728,9.35E-06,2.81E-07,0.000344129,5.21E-05,17.5046561
NZE,2030,Chromium,Other low emissions power generation,1.103613139,0.337734405,1.49E-05,4.55E-06,6.90E-13,0.063422498,1.119766823,0.215398476,0.000789009,1.10E-08,1.04E-05,2.19E-07,1.24E-07,6.56E-10,9.97E-09,0.054834361,0.086960899,0.398634573,0.043272118,8.87E-07,0.000341199,0.002843115,2.59E-11,8.88E-06,0.050414264,4.94E-09,0.233065343,0.032368249,12.45376357,0.00098006,6.57E-06,2.71E-07,0.000270463,3.94E-05,16.19848015
NZE,2035,Chromium,Other low emissions power generation,0.922243636,0.282804797,1.24E-05,3.81E-06,7.47E-13,0.037870825,1.10598154,0.204300882,0.000794894,1.03E-08,1.04E-05,2.07E-07,1.32E-07,5.61E-10,8.41E-09,0.066195639,0.087816001,0.33290248,0.03613684,8.79E-07,0.000341218,0.002738629,2.14E-11,8.08E-06,0.044874459,4.40E-09,0.164391358,0.032079531,12.45446645,0.000864436,5.22E-06,2.69E-07,0.000252394,3.54E-05,15.77706224
NZE,2040,Chromium,Other low emissions power generation,0.864480183,0.265324906,1.17E-05,3.58E-06,7.52E-13,0.02245281,1.103735562,0.202426001,0.000801385,1.03E-08,1.04E-05,2.12E-07,1.39E-07,4.48E-10,6.70E-09,0.079099327,0.08639444,0.31197637,0.033865423,8.70E-07,0.000341232,0.002735199,2.86E-11,7.84E-06,0.043253395,4.24E-09,0.127938481,0.031763638,12.45496215,0.0007731,4.36E-06,2.63E-07,0.000247825,3.41E-05,15.63257679
NZE,2045,Chromium,Other low emissions power generation,0.842405528,0.25863679,1.14E-05,3.49E-06,6.83E-13,0.018476671,1.104929176,0.201543035,0.000803755,1.04E-08,1.04E-05,2.17E-07,1.43E-07,3.70E-10,5.55E-09,0.084611652,0.085430485,0.303979914,0.032997512,8.64E-07,0.000341242,0.002738898,2.99E-11,7.79E-06,0.042717666,4.19E-09,0.118739901,0.031529722,12.455328,0.00072873,4.03E-06,2.59E-07,0.00024778,3.37E-05,15.58619148
NZE,2050,Chromium,Other low emissions power generation,0.835964614,0.256688798,1.13E-05,3.46E-06,6.20E-13,0.018476108,1.106748949,0.201149661,0.000804045,1.04E-08,1.04E-05,2.20E-07,1.44E-07,3.21E-10,4.82E-09,0.084704199,0.085014379,0.301637134,0.032743255,8.58E-07,0.000341247,0.002739634,2.94E-11,7.79E-06,0.042549597,4.18E-09,0.118762849,0.03131996,12.45551845,0.000702074,3.90E-06,2.58E-07,0.000249032,3.36E-05,15.57611888
NZE,2022,Cobalt,Low emissions power generation,4.171998421,1.250940462,5.62E-05,1.69E-05,2.40E-12,0.132614441,1.183881947,0.27916854,0.001355134,5.23E-08,3.01E-06,1.72E-06,1.49E-06,1.04E-09,1.27E-08,0.143905105,0.293479442,1.509890606,0.163898053,1.17E-06,1.39E-06,0.008849092,4.96E-10,2.42E-05,0.324525554,3.28E-08,1.125964063,0.04284523,0.050615229,0.001461785,7.20E-05,5.04E-06,0.00097089,0.000108676,10.68643864
NZE,2030,Cobalt,Low emissions power generation,3.366051156,1.003048242,4.54E-05,1.35E-05,4.89E-12,0.123974759,1.078147062,0.164703779,0.001363429,4.81E-08,3.02E-06,1.61E-06,1.51E-06,1.09E-09,1.37E-08,0.156369862,0.309164843,1.21844265,0.132260689,1.18E-06,1.42E-06,0.007768028,4.95E-10,2.06E-05,0.272254875,2.74E-08,1.025100369,0.043155291,0.051672354,0.00146364,6.93E-05,5.09E-06,0.000882513,9.08E-05,8.955895472
NZE,2035,Cobalt,Low emissions power generation,3.034820197,0.903366623,4.09E-05,1.22E-05,4.96E-12,0.117972729,1.041301537,0.14208693,0.001342694,4.70E-08,2.91E-06,1.59E-06,1.49E-06,1.05E-09,1.31E-08,0.201356902,0.296230043,1.098478191,0.119239105,1.16E-06,1.41E-06,0.007281415,4.78E-10,1.87E-05,0.239351871,2.40E-08,0.96127243,0.042194317,0.051569112,0.00127237,6.60E-05,4.94E-06,0.000843887,8.27E-05,8.260048986
NZE,2040,Cobalt,Low emissions power generation,2.705933034,0.805220372,3.65E-05,1.09E-05,4.64E-12,0.109686987,0.994313248,0.131093373,0.001300253,4.54E-08,2.71E-06,1.56E-06,1.43E-06,9.78E-10,1.22E-08,0.290154444,0.267708595,0.979356279,0.106309397,1.10E-06,1.38E-06,0.006777677,4.96E-10,1.68E-05,0.208283231,2.09E-08,0.883957545,0.040154036,0.050487797,0.001140309,6.13E-05,4.62E-06,0.000796136,7.46E-05,7.582736505
NZE,2045,Cobalt,Low emissions power generation,2.356579052,0.701024878,3.18E-05,9.45E-06,3.95E-12,0.102624696,0.970990585,0.118957945,0.001273408,4.37E-08,2.53E-06,1.52E-06,1.38E-06,9.08E-10,1.13E-08,0.424395369,0.246747337,0.852594189,0.092549937,1.05E-06,1.37E-06,0.006368137,4.67E-10,1.54E-05,0.185822401,1.86E-08,0.81741788,0.038363746,0.050181997,0.001080689,5.74E-05,4.37E-06,0.000763054,6.65E-05,6.96779512
NZE,2050,Cobalt,Low emissions power generation,2.050410783,0.609754214,2.76E-05,8.22E-06,3.44E-12,0.098792144,1.010815528,0.10986075,0.001240923,4.33E-08,2.40E-06,1.51E-06,1.34E-06,8.59E-10,1.06E-08,0.496906377,0.244528041,0.741072818,0.080444404,1.02E-06,1.40E-06,0.006070908,4.33E-10,1.43E-05,0.168056986,1.69E-08,0.769643102,0.037155057,0.051102698,0.001071719,5.52E-05,4.36E-06,0.000757669,5.98E-05,6.477741783
NZE,2022,Cobalt,Electric vehicles,4.171998421,1.250940462,5.62E-05,1.69E-05,2.40E-12,0.132614441,1.183881947,0.27916854,0.001355134,5.23E-08,3.01E-06,1.72E-06,1.49E-06,1.04E-09,1.27E-08,0.143905105,0.293479442,1.509890606,0.163898053,1.17E-06,1.39E-06,0.008849092,4.96E-10,2.42E-05,0.324525554,3.28E-08,1.125964063,0.04284523,0.050615229,0.001461785,7.20E-05,5.04E-06,0.00097089,0.000108676,10.68643864
NZE,2030,Cobalt,Electric vehicles,3.366051156,1.003048242,4.54E-05,1.35E-05,4.89E-12,0.123974759,1.078147062,0.164703779,0.001363429,4.81E-08,3.02E-06,1.61E-06,1.51E-06,1.09E-09,1.37E-08,0.156369862,0.309164843,1.21844265,0.132260689,1.18E-06,1.42E-06,0.007768028,4.95E-10,2.06E-05,0.272254875,2.74E-08,1.025100369,0.043155291,0.051672354,0.00146364,6.93E-05,5.09E-06,0.000882513,9.08E-05,8.955895472
NZE,2035,Cobalt,Electric vehicles,3.034820197,0.903366623,4.09E-05,1.22E-05,4.96E-12,0.117972729,1.041301537,0.14208693,0.001342694,4.70E-08,2.91E-06,1.59E-06,1.49E-06,1.05E-09,1.31E-08,0.201356902,0.296230043,1.098478191,0.119239105,1.16E-06,1.41E-06,0.007281415,4.78E-10,1.87E-05,0.239351871,2.40E-08,0.96127243,0.042194317,0.051569112,0.00127237,6.60E-05,4.94E-06,0.000843887,8.27E-05,8.260048986
NZE,2040,Cobalt,Electric vehicles,2.705933034,0.805220372,3.65E-05,1.09E-05,4.64E-12,0.109686987,0.994313248,0.131093373,0.001300253,4.54E-08,2.71E-06,1.56E-06,1.43E-06,9.78E-10,1.22E-08,0.290154444,0.267708595,0.979356279,0.106309397,1.10E-06,1.38E-06,0.006777677,4.96E-10,1.68E-05,0.208283231,2.09E-08,0.883957545,0.040154036,0.050487797,0.001140309,6.13E-05,4.62E-06,0.000796136,7.46E-05,7.582736505
NZE,2045,Cobalt,Electric vehicles,2.356579052,0.701024878,3.18E-05,9.45E-06,3.95E-12,0.102624696,0.970990585,0.118957945,0.001273408,4.37E-08,2.53E-06,1.52E-06,1.38E-06,9.08E-10,1.13E-08,0.424395369,0.246747337,0.852594189,0.092549937,1.05E-06,1.37E-06,0.006368137,4.67E-10,1.54E-05,0.185822401,1.86E-08,0.81741788,0.038363746,0.050181997,0.001080689,5.74E-05,4.37E-06,0.000763054,6.65E-05,6.96779512
NZE,2050,Cobalt,Electric vehicles,2.050410783,0.609754214,2.76E-05,8.22E-06,3.44E-12,0.098792144,1.010815528,0.10986075,0.001240923,4.33E-08,2.40E-06,1.51E-06,1.34E-06,8.59E-10,1.06E-08,0.496906377,0.244528041,0.741072818,0.080444404,1.02E-06,1.40E-06,0.006070908,4.33E-10,1.43E-05,0.168056986,1.69E-08,0.769643102,0.037155057,0.051102698,0.001071719,5.52E-05,4.36E-06,0.000757669,5.98E-05,6.477741783
NZE,2022,Cobalt,Grid battery storage,4.171998421,1.250940462,5.62E-05,1.69E-05,2.40E-12,0.132614441,1.183881947,0.27916854,0.001355134,5.23E-08,3.01E-06,1.72E-06,1.49E-06,1.04E-09,1.27E-08,0.143905105,0.293479442,1.509890606,0.163898053,1.17E-06,1.39E-06,0.008849092,4.96E-10,2.42E-05,0.324525554,3.28E-08,1.125964063,0.04284523,0.050615229,0.001461785,7.20E-05,5.04E-06,0.00097089,0.000108676,10.68643864
NZE,2030,Cobalt,Grid battery storage,3.366051156,1.003048242,4.54E-05,1.35E-05,4.89E-12,0.123974759,1.078147062,0.164703779,0.001363429,4.81E-08,3.02E-06,1.61E-06,1.51E-06,1.09E-09,1.37E-08,0.156369862,0.309164843,1.21844265,0.132260689,1.18E-06,1.42E-06,0.007768028,4.95E-10,2.06E-05,0.272254875,2.74E-08,1.025100369,0.043155291,0.051672354,0.00146364,6.93E-05,5.09E-06,0.000882513,9.08E-05,8.955895472
NZE,2035,Cobalt,Grid battery storage,3.034820197,0.903366623,4.09E-05,1.22E-05,4.96E-12,0.117972729,1.041301537,0.14208693,0.001342694,4.70E-08,2.91E-06,1.59E-06,1.49E-06,1.05E-09,1.31E-08,0.201356902,0.296230043,1.098478191,0.119239105,1.16E-06,1.41E-06,0.007281415,4.78E-10,1.87E-05,0.239351871,2.40E-08,0.96127243,0.042194317,0.051569112,0.00127237,6.60E-05,4.94E-06,0.000843887,8.27E-05,8.260048986
NZE,2040,Cobalt,Grid battery storage,2.705933034,0.805220372,3.65E-05,1.09E-05,4.64E-12,0.109686987,0.994313248,0.131093373,0.001300253,4.54E-08,2.71E-06,1.56E-06,1.43E-06,9.78E-10,1.22E-08,0.290154444,0.267708595,0.979356279,0.106309397,1.10E-06,1.38E-06,0.006777677,4.96E-10,1.68E-05,0.208283231,2.09E-08,0.883957545,0.040154036,0.050487797,0.001140309,6.13E-05,4.62E-06,0.000796136,7.46E-05,7.582736505
NZE,2045,Cobalt,Grid battery storage,2.356579052,0.701024878,3.18E-05,9.45E-06,3.95E-12,0.102624696,0.970990585,0.118957945,0.001273408,4.37E-08,2.53E-06,1.52E-06,1.38E-06,9.08E-10,1.13E-08,0.424395369,0.246747337,0.852594189,0.092549937,1.05E-06,1.37E-06,0.006368137,4.67E-10,1.54E-05,0.185822401,1.86E-08,0.81741788,0.038363746,0.050181997,0.001080689,5.74E-05,4.37E-06,0.000763054,6.65E-05,6.96779512
NZE,2050,Cobalt,Grid battery storage,2.050410783,0.609754214,2.76E-05,8.22E-06,3.44E-12,0.098792144,1.010815528,0.10986075,0.001240923,4.33E-08,2.40E-06,1.51E-06,1.34E-06,8.59E-10,1.06E-08,0.496906377,0.244528041,0.741072818,0.080444404,1.02E-06,1.40E-06,0.006070908,4.33E-10,1.43E-05,0.168056986,1.69E-08,0.769643102,0.037155057,0.051102698,0.001071719,5.52E-05,4.36E-06,0.000757669,5.98E-05,6.477741783
NZE,2022,Cobalt,Hydrogen technologies,4.171998421,1.250940462,5.62E-05,1.69E-05,2.40E-12,0.132614441,1.183881947,0.27916854,0.001355134,5.23E-08,3.01E-06,1.72E-06,1.49E-06,1.04E-09,1.27E-08,0.143905105,0.293479442,1.509890606,0.163898053,1.17E-06,1.39E-06,0.008849092,4.96E-10,2.42E-05,0.324525554,3.28E-08,1.125964063,0.04284523,0.050615229,0.001461785,7.20E-05,5.04E-06,0.00097089,0.000108676,10.68643864
NZE,2030,Cobalt,Hydrogen technologies,3.366051156,1.003048242,4.54E-05,1.35E-05,4.89E-12,0.123974759,1.078147062,0.164703779,0.001363429,4.81E-08,3.02E-06,1.61E-06,1.51E-06,1.09E-09,1.37E-08,0.156369862,0.309164843,1.21844265,0.132260689,1.18E-06,1.42E-06,0.007768028,4.95E-10,2.06E-05,0.272254875,2.74E-08,1.025100369,0.043155291,0.051672354,0.00146364,6.93E-05,5.09E-06,0.000882513,9.08E-05,8.955895472
NZE,2035,Cobalt,Hydrogen technologies,3.034820197,0.903366623,4.09E-05,1.22E-05,4.96E-12,0.117972729,1.041301537,0.14208693,0.001342694,4.70E-08,2.91E-06,1.59E-06,1.49E-06,1.05E-09,1.31E-08,0.201356902,0.296230043,1.098478191,0.119239105,1.16E-06,1.41E-06,0.007281415,4.78E-10,1.87E-05,0.239351871,2.40E-08,0.96127243,0.042194317,0.051569112,0.00127237,6.60E-05,4.94E-06,0.000843887,8.27E-05,8.260048986
NZE,2040,Cobalt,Hydrogen technologies,2.705933034,0.805220372,3.65E-05,1.09E-05,4.64E-12,0.109686987,0.994313248,0.131093373,0.001300253,4.54E-08,2.71E-06,1.56E-06,1.43E-06,9.78E-10,1.22E-08,0.290154444,0.267708595,0.979356279,0.106309397,1.10E-06,1.38E-06,0.006777677,4.96E-10,1.68E-05,0.208283231,2.09E-08,0.883957545,0.040154036,0.050487797,0.001140309,6.13E-05,4.62E-06,0.000796136,7.46E-05,7.582736505
NZE,2045,Cobalt,Hydrogen technologies,2.356579052,0.701024878,3.18E-05,9.45E-06,3.95E-12,0.102624696,0.970990585,0.118957945,0.001273408,4.37E-08,2.53E-06,1.52E-06,1.38E-06,9.08E-10,1.13E-08,0.424395369,0.246747337,0.852594189,0.092549937,1.05E-06,1.37E-06,0.006368137,4.67E-10,1.54E-05,0.185822401,1.86E-08,0.81741788,0.038363746,0.050181997,0.001080689,5.74E-05,4.37E-06,0.000763054,6.65E-05,6.96779512
NZE,2050,Cobalt,Hydrogen technologies,2.050410783,0.609754214,2.76E-05,8.22E-06,3.44E-12,0.098792144,1.010815528,0.10986075,0.001240923,4.33E-08,2.40E-06,1.51E-06,1.34E-06,8.59E-10,1.06E-08,0.496906377,0.244528041,0.741072818,0.080444404,1.02E-06,1.40E-06,0.006070908,4.33E-10,1.43E-05,0.168056986,1.69E-08,0.769643102,0.037155057,0.051102698,0.001071719,5.52E-05,4.36E-06,0.000757669,5.98E-05,6.477741783
NZE,2022,Copper,Solar PV,2.282385599,0.703458865,3.08E-05,9.48E-06,2.12E-12,1.775332723,23.60591972,0.315053792,0.000785395,2.46E-06,5.29E-06,8.57E-05,5.96E-05,1.45E-09,1.82E-08,0.703819302,1.361168511,0.814423798,0.08840535,1.99E-05,2.49E-05,0.029328709,1.06E-10,5.17E-05,0.564162444,5.76E-08,8.741195928,0.726094799,0.90921294,0.004020999,7.47E-05,5.05E-06,0.000416551,0.000250098,42.62530479
NZE,2030,Copper,Solar PV,1.296292047,0.404914202,1.75E-05,5.46E-06,4.31E-12,1.704558819,23.70969608,0.224354621,0.000795073,2.48E-06,5.32E-06,8.63E-05,6.01E-05,1.42E-09,1.79E-08,0.723180281,1.388706995,0.457124986,0.049619706,1.99E-05,2.51E-05,0.028508662,8.29E-11,4.80E-05,0.534172183,5.45E-08,8.540747196,0.728099904,0.915523254,0.003931591,7.00E-05,5.03E-06,0.000300721,0.000230369,40.71064116
NZE,2035,Copper,Solar PV,0.997108364,0.314745979,1.34E-05,4.24E-06,4.49E-12,1.676829112,23.45142554,0.20479048,0.00080872,2.46E-06,5.26E-06,8.56E-05,5.96E-05,1.29E-09,1.61E-08,0.759002618,1.375293831,0.348772964,0.03785816,1.99E-05,2.50E-05,0.028045497,7.29E-11,4.67E-05,0.520109574,5.31E-08,8.415248572,0.725446336,0.910908978,0.003661974,6.66E-05,4.94E-06,0.000277533,0.000222271,39.77044549
NZE,2040,Copper,Solar PV,0.884866141,0.280793605,1.19E-05,3.78E-06,4.44E-12,1.654734883,23.21763409,0.19890176,0.000829156,2.44E-06,5.20E-06,8.48E-05,5.90E-05,1.16E-09,1.44E-08,0.815607702,1.354169731,0.308253382,0.033460154,1.98E-05,2.48E-05,0.027806173,9.27E-11,4.62E-05,0.512974312,5.24E-08,8.318406847,0.722957698,0.906451646,0.003492541,6.44E-05,4.87E-06,0.000277755,0.000218292,39.24172644
NZE,2045,Copper,Solar PV,0.798772197,0.254470581,1.08E-05,3.43E-06,3.90E-12,1.605265326,22.51445632,0.190589341,0.000821761,2.37E-06,5.05E-06,8.24E-05,5.74E-05,1.05E-09,1.29E-08,0.835989675,1.309309008,0.277457629,0.030117585,1.96E-05,2.44E-05,0.027012065,9.36E-11,4.49E-05,0.496799288,5.08E-08,8.073302037,0.71548349,0.890270987,0.003343222,6.18E-05,4.72E-06,0.000278759,0.000211073,38.0238449
NZE,2050,Copper,Solar PV,0.744234359,0.237642621,1.00E-05,3.20E-06,3.42E-12,1.557487317,21.81486278,0.183834659,0.000805544,2.30E-06,4.90E-06,8.01E-05,5.57E-05,9.80E-10,1.20E-08,0.828562558,1.268322064,0.258033118,0.028009192,1.94E-05,2.39E-05,0.026179997,9.02E-11,4.36E-05,0.480579155,4.91E-08,7.831987627,0.707936752,0.873709807,0.003224006,5.96E-05,4.58E-06,0.000280486,0.000204412,36.84579485
NZE,2022,Copper,Wind,2.282385599,0.703458865,3.08E-05,9.48E-06,2.12E-12,1.775332723,23.60591972,0.315053792,0.000785395,2.46E-06,5.29E-06,8.57E-05,5.96E-05,1.45E-09,1.82E-08,0.703819302,1.361168511,0.814423798,0.08840535,1.99E-05,2.49E-05,0.029328709,1.06E-10,5.17E-05,0.564162444,5.76E-08,8.741195928,0.726094799,0.90921294,0.004020999,7.47E-05,5.05E-06,0.000416551,0.000250098,42.62530479
NZE,2030,Copper,Wind,1.296292047,0.404914202,1.75E-05,5.46E-06,4.31E-12,1.704558819,23.70969608,0.224354621,0.000795073,2.48E-06,5.32E-06,8.63E-05,6.01E-05,1.42E-09,1.79E-08,0.723180281,1.388706995,0.457124986,0.049619706,1.99E-05,2.51E-05,0.028508662,8.29E-11,4.80E-05,0.534172183,5.45E-08,8.540747196,0.728099904,0.915523254,0.003931591,7.00E-05,5.03E-06,0.000300721,0.000230369,40.71064116
NZE,2035,Copper,Wind,0.997108364,0.314745979,1.34E-05,4.24E-06,4.49E-12,1.676829112,23.45142554,0.20479048,0.00080872,2.46E-06,5.26E-06,8.56E-05,5.96E-05,1.29E-09,1.61E-08,0.759002618,1.375293831,0.348772964,0.03785816,1.99E-05,2.50E-05,0.028045497,7.29E-11,4.67E-05,0.520109574,5.31E-08,8.415248572,0.725446336,0.910908978,0.003661974,6.66E-05,4.94E-06,0.000277533,0.000222271,39.77044549
NZE,2040,Copper,Wind,0.884866141,0.280793605,1.19E-05,3.78E-06,4.44E-12,1.654734883,23.21763409,0.19890176,0.000829156,2.44E-06,5.20E-06,8.48E-05,5.90E-05,1.16E-09,1.44E-08,0.815607702,1.354169731,0.308253382,0.033460154,1.98E-05,2.48E-05,0.027806173,9.27E-11,4.62E-05,0.512974312,5.24E-08,8.318406847,0.722957698,0.906451646,0.003492541,6.44E-05,4.87E-06,0.000277755,0.000218292,39.24172644
NZE,2045,Copper,Wind,0.798772197,0.254470581,1.08E-05,3.43E-06,3.90E-12,1.605265326,22.51445632,0.190589341,0.000821761,2.37E-06,5.05E-06,8.24E-05,5.74E-05,1.05E-09,1.29E-08,0.835989675,1.309309008,0.277457629,0.030117585,1.96E-05,2.44E-05,0.027012065,9.36E-11,4.49E-05,0.496799288,5.08E-08,8.073302037,0.71548349,0.890270987,0.003343222,6.18E-05,4.72E-06,0.000278759,0.000211073,38.0238449
NZE,2050,Copper,Wind,0.744234359,0.237642621,1.00E-05,3.20E-06,3.42E-12,1.557487317,21.81486278,0.183834659,0.000805544,2.30E-06,4.90E-06,8.01E-05,5.57E-05,9.80E-10,1.20E-08,0.828562558,1.268322064,0.258033118,0.028009192,1.94E-05,2.39E-05,0.026179997,9.02E-11,4.36E-05,0.480579155,4.91E-08,7.831987627,0.707936752,0.873709807,0.003224006,5.96E-05,4.58E-06,0.000280486,0.000204412,36.84579485
NZE,2022,Copper,Other low emissions power generation,2.282385599,0.703458865,3.08E-05,9.48E-06,2.12E-12,1.775332723,23.60591972,0.315053792,0.000785395,2.46E-06,5.29E-06,8.57E-05,5.96E-05,1.45E-09,1.82E-08,0.703819302,1.361168511,0.814423798,0.08840535,1.99E-05,2.49E-05,0.029328709,1.06E-10,5.17E-05,0.564162444,5.76E-08,8.741195928,0.726094799,0.90921294,0.004020999,7.47E-05,5.05E-06,0.000416551,0.000250098,42.62530479
NZE,2030,Copper,Other low emissions power generation,1.296292047,0.404914202,1.75E-05,5.46E-06,4.31E-12,1.704558819,23.70969608,0.224354621,0.000795073,2.48E-06,5.32E-06,8.63E-05,6.01E-05,1.42E-09,1.79E-08,0.723180281,1.388706995,0.457124986,0.049619706,1.99E-05,2.51E-05,0.028508662,8.29E-11,4.80E-05,0.534172183,5.45E-08,8.540747196,0.728099904,0.915523254,0.003931591,7.00E-05,5.03E-06,0.000300721,0.000230369,40.71064116
NZE,2035,Copper,Other low emissions power generation,0.997108364,0.314745979,1.34E-05,4.24E-06,4.49E-12,1.676829112,23.45142554,0.20479048,0.00080872,2.46E-06,5.26E-06,8.56E-05,5.96E-05,1.29E-09,1.61E-08,0.759002618,1.375293831,0.348772964,0.03785816,1.99E-05,2.50E-05,0.028045497,7.29E-11,4.67E-05,0.520109574,5.31E-08,8.415248572,0.725446336,0.910908978,0.003661974,6.66E-05,4.94E-06,0.000277533,0.000222271,39.77044549
NZE,2040,Copper,Other low emissions power generation,0.884866141,0.280793605,1.19E-05,3.78E-06,4.44E-12,1.654734883,23.21763409,0.19890176,0.000829156,2.44E-06,5.20E-06,8.48E-05,5.90E-05,1.16E-09,1.44E-08,0.815607702,1.354169731,0.308253382,0.033460154,1.98E-05,2.48E-05,0.027806173,9.27E-11,4.62E-05,0.512974312,5.24E-08,8.318406847,0.722957698,0.906451646,0.003492541,6.44E-05,4.87E-06,0.000277755,0.000218292,39.24172644
NZE,2045,Copper,Other low emissions power generation,0.798772197,0.254470581,1.08E-05,3.43E-06,3.90E-12,1.605265326,22.51445632,0.190589341,0.000821761,2.37E-06,5.05E-06,8.24E-05,5.74E-05,1.05E-09,1.29E-08,0.835989675,1.309309008,0.277457629,0.030117585,1.96E-05,2.44E-05,0.027012065,9.36E-11,4.49E-05,0.496799288,5.08E-08,8.073302037,0.71548349,0.890270987,0.003343222,6.18E-05,4.72E-06,0.000278759,0.000211073,38.0238449
NZE,2050,Copper,Other low emissions power generation,0.744234359,0.237642621,1.00E-05,3.20E-06,3.42E-12,1.557487317,21.81486278,0.183834659,0.000805544,2.30E-06,4.90E-06,8.01E-05,5.57E-05,9.80E-10,1.20E-08,0.828562558,1.268322064,0.258033118,0.028009192,1.94E-05,2.39E-05,0.026179997,9.02E-11,4.36E-05,0.480579155,4.91E-08,7.831987627,0.707936752,0.873709807,0.003224006,5.96E-05,4.58E-06,0.000280486,0.000204412,36.84579485
NZE,2022,Copper,Electric vehicles,2.282385599,0.703458865,3.08E-05,9.48E-06,2.12E-12,1.775332723,23.60591972,0.315053792,0.000785395,2.46E-06,5.29E-06,8.57E-05,5.96E-05,1.45E-09,1.82E-08,0.703819302,1.361168511,0.814423798,0.08840535,1.99E-05,2.49E-05,0.029328709,1.06E-10,5.17E-05,0.564162444,5.76E-08,8.741195928,0.726094799,0.90921294,0.004020999,7.47E-05,5.05E-06,0.000416551,0.000250098,42.62530479
NZE,2030,Copper,Electric vehicles,1.296292047,0.404914202,1.75E-05,5.46E-06,4.31E-12,1.704558819,23.70969608,0.224354621,0.000795073,2.48E-06,5.32E-06,8.63E-05,6.01E-05,1.42E-09,1.79E-08,0.723180281,1.388706995,0.457124986,0.049619706,1.99E-05,2.51E-05,0.028508662,8.29E-11,4.80E-05,0.534172183,5.45E-08,8.540747196,0.728099904,0.915523254,0.003931591,7.00E-05,5.03E-06,0.000300721,0.000230369,40.71064116
NZE,2035,Copper,Electric vehicles,0.997108364,0.314745979,1.34E-05,4.24E-06,4.49E-12,1.676829112,23.45142554,0.20479048,0.00080872,2.46E-06,5.26E-06,8.56E-05,5.96E-05,1.29E-09,1.61E-08,0.759002618,1.375293831,0.348772964,0.03785816,1.99E-05,2.50E-05,0.028045497,7.29E-11,4.67E-05,0.520109574,5.31E-08,8.415248572,0.725446336,0.910908978,0.003661974,6.66E-05,4.94E-06,0.000277533,0.000222271,39.77044549
NZE,2040,Copper,Electric vehicles,0.884866141,0.280793605,1.19E-05,3.78E-06,4.44E-12,1.654734883,23.21763409,0.19890176,0.000829156,2.44E-06,5.20E-06,8.48E-05,5.90E-05,1.16E-09,1.44E-08,0.815607702,1.354169731,0.308253382,0.033460154,1.98E-05,2.48E-05,0.027806173,9.27E-11,4.62E-05,0.512974312,5.24E-08,8.318406847,0.722957698,0.906451646,0.003492541,6.44E-05,4.87E-06,0.000277755,0.000218292,39.24172644
NZE,2045,Copper,Electric vehicles,0.798772197,0.254470581,1.08E-05,3.43E-06,3.90E-12,1.605265326,22.51445632,0.190589341,0.000821761,2.37E-06,5.05E-06,8.24E-05,5.74E-05,1.05E-09,1.29E-08,0.835989675,1.309309008,0.277457629,0.030117585,1.96E-05,2.44E-05,0.027012065,9.36E-11,4.49E-05,0.496799288,5.08E-08,8.073302037,0.71548349,0.890270987,0.003343222,6.18E-05,4.72E-06,0.000278759,0.000211073,38.0238449
NZE,2050,Copper,Electric vehicles,0.744234359,0.237642621,1.00E-05,3.20E-06,3.42E-12,1.557487317,21.81486278,0.183834659,0.000805544,2.30E-06,4.90E-06,8.01E-05,5.57E-05,9.80E-10,1.20E-08,0.828562558,1.268322064,0.258033118,0.028009192,1.94E-05,2.39E-05,0.026179997,9.02E-11,4.36E-05,0.480579155,4.91E-08,7.831987627,0.707936752,0.873709807,0.003224006,5.96E-05,4.58E-06,0.000280486,0.000204412,36.84579485
NZE,2022,Copper,Grid battery storage,2.282385599,0.703458865,3.08E-05,9.48E-06,2.12E-12,1.775332723,23.60591972,0.315053792,0.000785395,2.46E-06,5.29E-06,8.57E-05,5.96E-05,1.45E-09,1.82E-08,0.703819302,1.361168511,0.814423798,0.08840535,1.99E-05,2.49E-05,0.029328709,1.06E-10,5.17E-05,0.564162444,5.76E-08,8.741195928,0.726094799,0.90921294,0.004020999,7.47E-05,5.05E-06,0.000416551,0.000250098,42.62530479
NZE,2030,Copper,Grid battery storage,1.296292047,0.404914202,1.75E-05,5.46E-06,4.31E-12,1.704558819,23.70969608,0.224354621,0.000795073,2.48E-06,5.32E-06,8.63E-05,6.01E-05,1.42E-09,1.79E-08,0.723180281,1.388706995,0.457124986,0.049619706,1.99E-05,2.51E-05,0.028508662,8.29E-11,4.80E-05,0.534172183,5.45E-08,8.540747196,0.728099904,0.915523254,0.003931591,7.00E-05,5.03E-06,0.000300721,0.000230369,40.71064116
NZE,2035,Copper,Grid battery storage,0.997108364,0.314745979,1.34E-05,4.24E-06,4.49E-12,1.676829112,23.45142554,0.20479048,0.00080872,2.46E-06,5.26E-06,8.56E-05,5.96E-05,1.29E-09,1.61E-08,0.759002618,1.375293831,0.348772964,0.03785816,1.99E-05,2.50E-05,0.028045497,7.29E-11,4.67E-05,0.520109574,5.31E-08,8.415248572,0.725446336,0.910908978,0.003661974,6.66E-05,4.94E-06,0.000277533,0.000222271,39.77044549
NZE,2040,Copper,Grid battery storage,0.884866141,0.280793605,1.19E-05,3.78E-06,4.44E-12,1.654734883,23.21763409,0.19890176,0.000829156,2.44E-06,5.20E-06,8.48E-05,5.90E-05,1.16E-09,1.44E-08,0.815607702,1.354169731,0.308253382,0.033460154,1.98E-05,2.48E-05,0.027806173,9.27E-11,4.62E-05,0.512974312,5.24E-08,8.318406847,0.722957698,0.906451646,0.003492541,6.44E-05,4.87E-06,0.000277755,0.000218292,39.24172644
NZE,2045,Copper,Grid battery storage,0.798772197,0.254470581,1.08E-05,3.43E-06,3.90E-12,1.605265326,22.51445632,0.190589341,0.000821761,2.37E-06,5.05E-06,8.24E-05,5.74E-05,1.05E-09,1.29E-08,0.835989675,1.309309008,0.277457629,0.030117585,1.96E-05,2.44E-05,0.027012065,9.36E-11,4.49E-05,0.496799288,5.08E-08,8.073302037,0.71548349,0.890270987,0.003343222,6.18E-05,4.72E-06,0.000278759,0.000211073,38.0238449
NZE,2050,Copper,Grid battery storage,0.744234359,0.237642621,1.00E-05,3.20E-06,3.42E-12,1.557487317,21.81486278,0.183834659,0.000805544,2.30E-06,4.90E-06,8.01E-05,5.57E-05,9.80E-10,1.20E-08,0.828562558,1.268322064,0.258033118,0.028009192,1.94E-05,2.39E-05,0.026179997,9.02E-11,4.36E-05,0.480579155,4.91E-08,7.831987627,0.707936752,0.873709807,0.003224006,5.96E-05,4.58E-06,0.000280486,0.000204412,36.84579485
NZE,2022,Copper,Electricity networks,2.282385599,0.703458865,3.08E-05,9.48E-06,2.12E-12,1.775332723,23.60591972,0.315053792,0.000785395,2.46E-06,5.29E-06,8.57E-05,5.96E-05,1.45E-09,1.82E-08,0.703819302,1.361168511,0.814423798,0.08840535,1.99E-05,2.49E-05,0.029328709,1.06E-10,5.17E-05,0.564162444,5.76E-08,8.741195928,0.726094799,0.90921294,0.004020999,7.47E-05,5.05E-06,0.000416551,0.000250098,42.62530479
NZE,2030,Copper,Electricity networks,1.296292047,0.404914202,1.75E-05,5.46E-06,4.31E-12,1.704558819,23.70969608,0.224354621,0.000795073,2.48E-06,5.32E-06,8.63E-05,6.01E-05,1.42E-09,1.79E-08,0.723180281,1.388706995,0.457124986,0.049619706,1.99E-05,2.51E-05,0.028508662,8.29E-11,4.80E-05,0.534172183,5.45E-08,8.540747196,0.728099904,0.915523254,0.003931591,7.00E-05,5.03E-06,0.000300721,0.000230369,40.71064116
NZE,2035,Copper,Electricity networks,0.997108364,0.314745979,1.34E-05,4.24E-06,4.49E-12,1.676829112,23.45142554,0.20479048,0.00080872,2.46E-06,5.26E-06,8.56E-05,5.96E-05,1.29E-09,1.61E-08,0.759002618,1.375293831,0.348772964,0.03785816,1.99E-05,2.50E-05,0.028045497,7.29E-11,4.67E-05,0.520109574,5.31E-08,8.415248572,0.725446336,0.910908978,0.003661974,6.66E-05,4.94E-06,0.000277533,0.000222271,39.77044549
NZE,2040,Copper,Electricity networks,0.884866141,0.280793605,1.19E-05,3.78E-06,4.44E-12,1.654734883,23.21763409,0.19890176,0.000829156,2.44E-06,5.20E-06,8.48E-05,5.90E-05,1.16E-09,1.44E-08,0.815607702,1.354169731,0.308253382,0.033460154,1.98E-05,2.48E-05,0.027806173,9.27E-11,4.62E-05,0.512974312,5.24E-08,8.318406847,0.722957698,0.906451646,0.003492541,6.44E-05,4.87E-06,0.000277755,0.000218292,39.24172644
NZE,2045,Copper,Electricity networks,0.798772197,0.254470581,1.08E-05,3.43E-06,3.90E-12,1.605265326,22.51445632,0.190589341,0.000821761,2.37E-06,5.05E-06,8.24E-05,5.74E-05,1.05E-09,1.29E-08,0.835989675,1.309309008,0.277457629,0.030117585,1.96E-05,2.44E-05,0.027012065,9.36E-11,4.49E-05,0.496799288,5.08E-08,8.073302037,0.71548349,0.890270987,0.003343222,6.18E-05,4.72E-06,0.000278759,0.000211073,38.0238449
NZE,2050,Copper,Electricity networks,0.744234359,0.237642621,1.00E-05,3.20E-06,3.42E-12,1.557487317,21.81486278,0.183834659,0.000805544,2.30E-06,4.90E-06,8.01E-05,5.57E-05,9.80E-10,1.20E-08,0.828562558,1.268322064,0.258033118,0.028009192,1.94E-05,2.39E-05,0.026179997,9.02E-11,4.36E-05,0.480579155,4.91E-08,7.831987627,0.707936752,0.873709807,0.003224006,5.96E-05,4.58E-06,0.000280486,0.000204412,36.84579485
NZE,2022,Copper,Hydrogen technologies,2.282385599,0.703458865,3.08E-05,9.48E-06,2.12E-12,1.775332723,23.60591972,0.315053792,0.000785395,2.46E-06,5.29E-06,8.57E-05,5.96E-05,1.45E-09,1.82E-08,0.703819302,1.361168511,0.814423798,0.08840535,1.99E-05,2.49E-05,0.029328709,1.06E-10,5.17E-05,0.564162444,5.76E-08,8.741195928,0.726094799,0.90921294,0.004020999,7.47E-05,5.05E-06,0.000416551,0.000250098,42.62530479
NZE,2030,Copper,Hydrogen technologies,1.296292047,0.404914202,1.75E-05,5.46E-06,4.31E-12,1.704558819,23.70969608,0.224354621,0.000795073,2.48E-06,5.32E-06,8.63E-05,6.01E-05,1.42E-09,1.79E-08,0.723180281,1.388706995,0.457124986,0.049619706,1.99E-05,2.51E-05,0.028508662,8.29E-11,4.80E-05,0.534172183,5.45E-08,8.540747196,0.728099904,0.915523254,0.003931591,7.00E-05,5.03E-06,0.000300721,0.000230369,40.71064116
NZE,2035,Copper,Hydrogen technologies,0.997108364,0.314745979,1.34E-05,4.24E-06,4.49E-12,1.676829112,23.45142554,0.20479048,0.00080872,2.46E-06,5.26E-06,8.56E-05,5.96E-05,1.29E-09,1.61E-08,0.759002618,1.375293831,0.348772964,0.03785816,1.99E-05,2.50E-05,0.028045497,7.29E-11,4.67E-05,0.520109574,5.31E-08,8.415248572,0.725446336,0.910908978,0.003661974,6.66E-05,4.94E-06,0.000277533,0.000222271,39.77044549
NZE,2040,Copper,Hydrogen technologies,0.884866141,0.280793605,1.19E-05,3.78E-06,4.44E-12,1.654734883,23.21763409,0.19890176,0.000829156,2.44E-06,5.20E-06,8.48E-05,5.90E-05,1.16E-09,1.44E-08,0.815607702,1.354169731,0.308253382,0.033460154,1.98E-05,2.48E-05,0.027806173,9.27E-11,4.62E-05,0.512974312,5.24E-08,8.318406847,0.722957698,0.906451646,0.003492541,6.44E-05,4.87E-06,0.000277755,0.000218292,39.24172644
NZE,2045,Copper,Hydrogen technologies,0.798772197,0.254470581,1.08E-05,3.43E-06,3.90E-12,1.605265326,22.51445632,0.190589341,0.000821761,2.37E-06,5.05E-06,8.24E-05,5.74E-05,1.05E-09,1.29E-08,0.835989675,1.309309008,0.277457629,0.030117585,1.96E-05,2.44E-05,0.027012065,9.36E-11,4.49E-05,0.496799288,5.08E-08,8.073302037,0.71548349,0.890270987,0.003343222,6.18E-05,4.72E-06,0.000278759,0.000211073,38.0238449
NZE,2050,Copper,Hydrogen technologies,0.744234359,0.237642621,1.00E-05,3.20E-06,3.42E-12,1.557487317,21.81486278,0.183834659,0.000805544,2.30E-06,4.90E-06,8.01E-05,5.57E-05,9.80E-10,1.20E-08,0.828562558,1.268322064,0.258033118,0.028009192,1.94E-05,2.39E-05,0.026179997,9.02E-11,4.36E-05,0.480579155,4.91E-08,7.831987627,0.707936752,0.873709807,0.003224006,5.96E-05,4.58E-06,0.000280486,0.000204412,36.84579485
NZE,2022,Dysprosium,Wind,197.3764247,60.83476244,0.002660037,0.000819868,8.91E-11,7.281434602,192.2568888,21.0343996,0.312436563,4.73E-06,0.000214628,0.000167206,0.000192369,2.32E-06,1.30E-05,138.9718314,234.0986128,71.05611912,7.713189261,0.000442361,0.000341221,242.0995921,2.47E-08,0.000564293,10.19549182,1.03E-06,53.24038333,16.14762508,12.45455124,0.089755189,0.002934707,0.00014489,0.365909944,0.004782088,1265.533133
NZE,2030,Dysprosium,Wind,153.0556783,47.32309824,0.002062727,0.000637772,1.80E-10,6.456893343,186.5080579,15.80962751,0.312317157,4.46E-06,0.000213595,0.000159963,0.000192372,2.32E-06,1.30E-05,139.4916807,234.6903213,55.00985977,5.971329596,0.000441697,0.000341837,242.0510211,2.40E-08,0.000431638,8.779208875,8.82E-07,47.02860998,16.12336452,12.47706328,0.087271124,0.002726903,0.000144139,0.360018522,0.003860549,1171.538938
NZE,2035,Dysprosium,Wind,142.079174,44.01420309,0.001914797,0.000593178,1.89E-10,6.249168668,185.8135392,14.92645141,0.313100105,4.43E-06,0.000212972,0.000159808,0.000192926,2.32E-06,1.29E-05,141.0949959,234.6224644,51.02918366,5.539232597,0.000441526,0.000342989,242.0434332,2.35E-08,0.000406405,8.461855739,8.50E-07,45.71816539,16.11713384,12.51909289,0.078039606,0.002639067,0.000144113,0.359180431,0.003642424,1150.981843
NZE,2040,Dysprosium,Wind,137.6304594,42.67373984,0.001854842,0.000575113,1.88E-10,6.186405804,186.1205016,14.7984996,0.314123878,4.46E-06,0.000212675,0.0001612,0.000193799,2.31E-06,1.29E-05,143.2536303,234.2774553,49.41600254,5.364141558,0.000441636,0.000344516,242.0441134,2.44E-08,0.000405565,8.369688648,8.42E-07,45.4960024,16.12113806,12.57484174,0.073545096,0.002592967,0.000144288,0.359327578,0.003565681,1145.077001
NZE,2045,Dysprosium,Wind,134.1346545,41.62120129,0.001807729,0.000560928,1.70E-10,6.146079487,186.4452148,14.35051819,0.314608204,4.46E-06,0.000212489,0.000161498,0.000193909,2.31E-06,1.28E-05,144.5593143,234.0193897,48.14621861,5.22632132,0.000441644,0.00034585,242.0456063,2.48E-08,0.000407212,8.322760185,8.38E-07,45.36737839,16.12142998,12.6235412,0.072356828,0.002573198,0.000144386,0.359582452,0.003506312,1139.879542
NZE,2050,Dysprosium,Wind,132.4387277,41.11651255,0.001784873,0.000554126,1.54E-10,6.115219751,186.8386174,14.04024697,0.314764026,4.45E-06,0.00021233,0.000161361,0.00019364,2.31E-06,1.28E-05,144.9080861,233.9117046,47.52647787,5.159055253,0.000441464,0.000346621,242.0468851,2.51E-08,0.0004078,8.308436334,8.37E-07,45.26096793,16.1148751,12.65167894,0.071924561,0.002564898,0.000145088,0.359847471,0.003477354,1137.187386
NZE,2022,Dysprosium,Electric vehicles,197.3764247,60.83476244,0.002660037,0.000819868,8.91E-11,7.281434602,192.2568888,21.0343996,0.312436563,4.73E-06,0.000214628,0.000167206,0.000192369,2.32E-06,1.30E-05,138.9718314,234.0986128,71.05611912,7.713189261,0.000442361,0.000341221,242.0995921,2.47E-08,0.000564293,10.19549182,1.03E-06,53.24038333,16.14762508,12.45455124,0.089755189,0.002934707,0.00014489,0.365909944,0.004782088,1265.533133
NZE,2030,Dysprosium,Electric vehicles,153.0556783,47.32309824,0.002062727,0.000637772,1.80E-10,6.456893343,186.5080579,15.80962751,0.312317157,4.46E-06,0.000213595,0.000159963,0.000192372,2.32E-06,1.30E-05,139.4916807,234.6903213,55.00985977,5.971329596,0.000441697,0.000341837,242.0510211,2.40E-08,0.000431638,8.779208875,8.82E-07,47.02860998,16.12336452,12.47706328,0.087271124,0.002726903,0.000144139,0.360018522,0.003860549,1171.538938
NZE,2035,Dysprosium,Electric vehicles,142.079174,44.01420309,0.001914797,0.000593178,1.89E-10,6.249168668,185.8135392,14.92645141,0.313100105,4.43E-06,0.000212972,0.000159808,0.000192926,2.32E-06,1.29E-05,141.0949959,234.6224644,51.02918366,5.539232597,0.000441526,0.000342989,242.0434332,2.35E-08,0.000406405,8.461855739,8.50E-07,45.71816539,16.11713384,12.51909289,0.078039606,0.002639067,0.000144113,0.359180431,0.003642424,1150.981843
NZE,2040,Dysprosium,Electric vehicles,137.6304594,42.67373984,0.001854842,0.000575113,1.88E-10,6.186405804,186.1205016,14.7984996,0.314123878,4.46E-06,0.000212675,0.0001612,0.000193799,2.31E-06,1.29E-05,143.2536303,234.2774553,49.41600254,5.364141558,0.000441636,0.000344516,242.0441134,2.44E-08,0.000405565,8.369688648,8.42E-07,45.4960024,16.12113806,12.57484174,0.073545096,0.002592967,0.000144288,0.359327578,0.003565681,1145.077001
NZE,2045,Dysprosium,Electric vehicles,134.1346545,41.62120129,0.001807729,0.000560928,1.70E-10,6.146079487,186.4452148,14.35051819,0.314608204,4.46E-06,0.000212489,0.000161498,0.000193909,2.31E-06,1.28E-05,144.5593143,234.0193897,48.14621861,5.22632132,0.000441644,0.00034585,242.0456063,2.48E-08,0.000407212,8.322760185,8.38E-07,45.36737839,16.12142998,12.6235412,0.072356828,0.002573198,0.000144386,0.359582452,0.003506312,1139.879542
NZE,2050,Dysprosium,Electric vehicles,132.4387277,41.11651255,0.001784873,0.000554126,1.54E-10,6.115219751,186.8386174,14.04024697,0.314764026,4.45E-06,0.00021233,0.000161361,0.00019364,2.31E-06,1.28E-05,144.9080861,233.9117046,47.52647787,5.159055253,0.000441464,0.000346621,242.0468851,2.51E-08,0.0004078,8.308436334,8.37E-07,45.26096793,16.1148751,12.65167894,0.071924561,0.002564898,0.000145088,0.359847471,0.003477354,1137.187386
NZE,2022,Gallium,Solar PV,79.15528551,24.5648918,0.001066774,0.00033106,3.75E-11,1.174670584,13.0952476,7.418262689,0.077123592,6.91E-07,2.11E-05,2.20E-05,1.04E-05,1.33E-08,2.24E-07,1.561809512,2.677118773,28.55680472,3.099876983,1.16E-05,2.37E-05,3.261143594,8.12E-09,0.000138429,2.376943381,2.30E-07,7.871082489,0.422768877,0.86414453,0.030988687,0.000541749,3.07E-05,0.012884266,0.001621647,176.2216259
NZE,2030,Gallium,Solar PV,59.47998946,18.53738669,0.00080161,0.000249828,7.58E-11,0.943324655,10.3291433,4.867009981,0.076942428,5.67E-07,2.06E-05,1.87E-05,1.03E-05,1.27E-08,2.14E-07,1.723993637,2.973121416,21.43822079,2.327137656,1.13E-05,2.39E-05,3.239948433,7.83E-09,8.32E-05,1.774113547,1.69E-07,5.886591752,0.411280461,0.872746164,0.030288623,0.000454308,3.04E-05,0.01049566,0.001215701,134.9222252
NZE,2035,Gallium,Solar PV,55.07609029,17.20163837,0.000742259,0.000231826,7.96E-11,0.890820528,9.98699397,4.450875874,0.077173411,5.58E-07,2.04E-05,1.86E-05,1.05E-05,1.12E-08,1.88E-07,2.233007906,2.948505191,19.84249251,2.153922916,1.12E-05,2.43E-05,3.236875183,7.64E-09,7.35E-05,1.649971232,1.56E-07,5.523116274,0.407069924,0.887784791,0.026193897,0.000423623,3.04E-05,0.010193641,0.001128511,126.603186
NZE,2040,Gallium,Solar PV,53.498692,16.72461735,0.000721,0.000225397,7.93E-11,0.872034394,10.06132851,4.410511597,0.077482721,5.68E-07,2.03E-05,1.91E-05,1.08E-05,1.00E-08,1.68E-07,2.866346739,2.795152368,19.27091485,2.09188521,1.11E-05,2.48E-05,3.236922309,7.93E-09,7.30E-05,1.614876187,1.53E-07,5.446354647,0.406701501,0.906189436,0.024208199,0.000409018,3.05E-05,0.010219871,0.001101002,124.3148838
NZE,2045,Gallium,Solar PV,52.42109164,16.39680535,0.000706478,0.000220979,7.16E-11,0.86240465,10.13041499,4.226333521,0.077600879,5.68E-07,2.02E-05,1.93E-05,1.09E-05,9.24E-09,1.56E-07,3.200948347,2.67237255,18.88019551,2.049477971,1.11E-05,2.53E-05,3.237290585,8.10E-09,7.35E-05,1.595617446,1.51E-07,5.413899581,0.405633868,0.922006877,0.023626405,0.00040391,3.05E-05,0.010281595,0.001082789,122.526443
NZE,2050,Gallium,Solar PV,51.95058022,16.25648502,0.000700137,0.000219088,6.45E-11,0.855139766,10.20711585,4.102254368,0.077622464,5.66E-07,2.01E-05,1.93E-05,1.09E-05,8.86E-09,1.49E-07,3.26491751,2.607135317,18.70844107,2.030836494,1.10E-05,2.55E-05,3.237651103,8.25E-09,7.38E-05,1.589825999,1.51E-07,5.387056763,0.402284677,0.930019491,0.023405188,0.000402667,3.07E-05,0.010346479,0.001074805,121.6415579
NZE,2022,Graphite,Electric vehicles,3.378918964,1.173687223,4.55E-05,1.58E-05,5.20E-13,0.054400435,0.979679923,0.819387773,0.001129867,3.46E-08,4.22E-06,1.11E-06,4.44E-07,4.46E-10,8.04E-09,0.139480878,0.213185386,1.19153862,0.129341452,8.97E-07,7.26E-07,0.011199588,1.07E-10,1.17E-05,0.167779687,1.71E-08,0.482220701,0.032725542,0.026509168,0.002687459,1.89E-05,4.30E-07,0.002446384,7.93E-05,8.806339598
NZE,2030,Graphite,Electric vehicles,1.663837687,0.641371922,2.24E-05,8.64E-06,1.23E-12,0.039997794,0.726461799,0.535520841,0.001089893,2.30E-08,4.19E-06,7.92E-07,4.18E-07,6.90E-10,1.24E-08,0.144004811,0.243730294,0.572031038,0.062092394,8.95E-07,7.34E-07,0.009208887,1.05E-10,5.86E-06,0.117198089,1.18E-08,0.310643235,0.032680481,0.026775607,0.002687909,1.11E-05,4.04E-07,0.002242484,4.28E-05,5.131587905
NZE,2035,Graphite,Electric vehicles,1.323517774,0.53724935,1.78E-05,7.24E-06,1.36E-12,0.037050042,0.701309185,0.498180926,0.001098271,2.22E-08,4.18E-06,7.83E-07,4.37E-07,7.50E-10,1.34E-08,0.177579524,0.246277162,0.448862511,0.048722613,9.07E-07,7.67E-07,0.008936235,1.06E-10,4.98E-06,0.108048707,1.09E-08,0.281781169,0.033122658,0.028010479,0.002310422,8.64E-06,4.09E-07,0.002215402,3.59E-05,4.484282708
NZE,2040,Graphite,Electric vehicles,1.200465833,0.500290777,1.62E-05,6.74E-06,1.39E-12,0.03609438,0.712098429,0.495066945,0.001120044,2.31E-08,4.18E-06,8.27E-07,4.69E-07,7.96E-10,1.42E-08,0.236014502,0.242084725,0.404239552,0.043879434,9.25E-07,8.11E-07,0.008946946,1.44E-10,4.88E-06,0.105512818,1.07E-08,0.27603344,0.033765937,0.029613862,0.002156734,7.53E-06,4.21E-07,0.002216811,3.38E-05,4.329610405
NZE,2045,Graphite,Electric vehicles,1.137309764,0.481335052,1.53E-05,6.49E-06,1.29E-12,0.036195675,0.732969286,0.492980255,0.001128247,2.39E-08,4.18E-06,8.65E-07,4.95E-07,8.40E-10,1.50E-08,0.256770565,0.24030244,0.38128842,0.041388619,9.39E-07,8.48E-07,0.008980882,1.54E-10,4.92E-06,0.104711321,1.06E-08,0.276472368,0.03427758,0.03094233,0.002144902,7.37E-06,4.33E-07,0.002222035,3.28E-05,4.261428865
NZE,2050,Graphite,Electric vehicles,1.109392117,0.472962389,1.50E-05,6.37E-06,1.19E-12,0.036439141,0.75214621,0.491798608,0.001130124,2.44E-08,4.18E-06,8.87E-07,5.08E-07,8.74E-10,1.56E-08,0.258929422,0.239887352,0.371089624,0.040281788,9.46E-07,8.69E-07,0.008922546,1.53E-10,4.93E-06,0.102718302,1.04E-08,0.27648815,0.034532136,0.031732727,0.002177949,7.51E-06,4.46E-07,0.002227985,3.23E-05,4.232865863
NZE,2022,Graphite,Grid battery storage,3.378918964,1.173687223,4.55E-05,1.58E-05,5.20E-13,0.054400435,0.979679923,0.819387773,0.001129867,3.46E-08,4.22E-06,1.11E-06,4.44E-07,4.46E-10,8.04E-09,0.139480878,0.213185386,1.19153862,0.129341452,8.97E-07,7.26E-07,0.011199588,1.07E-10,1.17E-05,0.167779687,1.71E-08,0.482220701,0.032725542,0.026509168,0.002687459,1.89E-05,4.30E-07,0.002446384,7.93E-05,8.806339598
NZE,2030,Graphite,Grid battery storage,1.663837687,0.641371922,2.24E-05,8.64E-06,1.23E-12,0.039997794,0.726461799,0.535520841,0.001089893,2.30E-08,4.19E-06,7.92E-07,4.18E-07,6.90E-10,1.24E-08,0.144004811,0.243730294,0.572031038,0.062092394,8.95E-07,7.34E-07,0.009208887,1.05E-10,5.86E-06,0.117198089,1.18E-08,0.310643235,0.032680481,0.026775607,0.002687909,1.11E-05,4.04E-07,0.002242484,4.28E-05,5.131587905
NZE,2035,Graphite,Grid battery storage,1.323517774,0.53724935,1.78E-05,7.24E-06,1.36E-12,0.037050042,0.701309185,0.498180926,0.001098271,2.22E-08,4.18E-06,7.83E-07,4.37E-07,7.50E-10,1.34E-08,0.177579524,0.246277162,0.448862511,0.048722613,9.07E-07,7.67E-07,0.008936235,1.06E-10,4.98E-06,0.108048707,1.09E-08,0.281781169,0.033122658,0.028010479,0.002310422,8.64E-06,4.09E-07,0.002215402,3.59E-05,4.484282708
NZE,2040,Graphite,Grid battery storage,1.200465833,0.500290777,1.62E-05,6.74E-06,1.39E-12,0.03609438,0.712098429,0.495066945,0.001120044,2.31E-08,4.18E-06,8.27E-07,4.69E-07,7.96E-10,1.42E-08,0.236014502,0.242084725,0.404239552,0.043879434,9.25E-07,8.11E-07,0.008946946,1.44E-10,4.88E-06,0.105512818,1.07E-08,0.27603344,0.033765937,0.029613862,0.002156734,7.53E-06,4.21E-07,0.002216811,3.38E-05,4.329610405
NZE,2045,Graphite,Grid battery storage,1.137309764,0.481335052,1.53E-05,6.49E-06,1.29E-12,0.036195675,0.732969286,0.492980255,0.001128247,2.39E-08,4.18E-06,8.65E-07,4.95E-07,8.40E-10,1.50E-08,0.256770565,0.24030244,0.38128842,0.041388619,9.39E-07,8.48E-07,0.008980882,1.54E-10,4.92E-06,0.104711321,1.06E-08,0.276472368,0.03427758,0.03094233,0.002144902,7.37E-06,4.33E-07,0.002222035,3.28E-05,4.261428865
NZE,2050,Graphite,Grid battery storage,1.109392117,0.472962389,1.50E-05,6.37E-06,1.19E-12,0.036439141,0.75214621,0.491798608,0.001130124,2.44E-08,4.18E-06,8.87E-07,5.08E-07,8.74E-10,1.56E-08,0.258929422,0.239887352,0.371089624,0.040281788,9.46E-07,8.69E-07,0.008922546,1.53E-10,4.93E-06,0.102718302,1.04E-08,0.27648815,0.034532136,0.031732727,0.002177949,7.51E-06,4.46E-07,0.002227985,3.23E-05,4.232865863
NZE,2022,Hafnium,Other low emissions power generation,10.19500942,3.078311162,0.000137398,4.15E-05,8.36E-12,0.33336431,3.463187197,0.82776435,0.002161188,1.42E-07,6.53E-06,4.32E-06,1.60E-06,2.78E-07,1.55E-06,0.759892939,2.004436605,4.209408669,0.456841092,4.32E-06,4.11E-06,0.020162145,1.40E-09,3.63E-05,0.49131826,4.96E-08,2.100778711,0.157580764,0.150182949,0.005374139,0.00010204,4.35E-06,0.004655077,0.000233748,28.26054003
NZE,2030,Hafnium,Other low emissions power generation,6.518548837,1.976664156,8.79E-05,2.66E-05,1.68E-11,0.252696708,2.968248778,0.532340997,0.002187368,1.15E-07,6.48E-06,3.60E-06,1.59E-06,2.77E-07,1.54E-06,0.888176907,2.04564094,2.875612371,0.31205426,4.19E-06,4.17E-06,0.01648122,1.28E-09,2.78E-05,0.381498786,3.84E-08,1.515004145,0.153111171,0.15219725,0.005142778,8.60E-05,4.29E-06,0.004153908,0.000159924,20.59985541
NZE,2035,Hafnium,Other low emissions power generation,5.642210693,1.714430739,7.60E-05,2.31E-05,1.76E-11,0.236235962,2.899239816,0.464629427,0.002270204,1.12E-07,6.46E-06,3.56E-06,1.63E-06,2.76E-07,1.52E-06,1.094777416,2.041671596,2.557515664,0.277524819,4.12E-06,4.24E-06,0.015968138,1.24E-09,2.57E-05,0.359042474,3.62E-08,1.408278482,0.15043854,0.154670919,0.00444068,7.89E-05,4.28E-06,0.004091162,0.000142444,19.02752445
NZE,2040,Hafnium,Other low emissions power generation,5.416892213,1.647232891,7.30E-05,2.22E-05,1.75E-11,0.233887859,2.898911737,0.456077938,0.002338339,1.13E-07,6.45E-06,3.63E-06,1.67E-06,2.76E-07,1.51E-06,1.25436546,2.01165215,2.475738567,0.26864887,4.07E-06,4.30E-06,0.016015633,1.29E-09,2.57E-05,0.355139612,3.58E-08,1.406053845,0.148738932,0.157040313,0.004019082,7.47E-05,4.27E-06,0.004097085,0.000138569,18.75693411
NZE,2045,Hafnium,Other low emissions power generation,5.274216069,1.604871374,7.11E-05,2.16E-05,1.57E-11,0.233657573,2.911230096,0.447708955,0.002364518,1.14E-07,6.45E-06,3.66E-06,1.69E-06,2.75E-07,1.51E-06,1.326879784,1.98794407,2.42387138,0.263019423,4.04E-06,4.36E-06,0.016131725,1.30E-09,2.59E-05,0.355507668,3.59E-08,1.408440472,0.147409059,0.159150517,0.003846391,7.24E-05,4.27E-06,0.004109427,0.000136326,18.57043983
NZE,2050,Hafnium,Other low emissions power generation,5.190636541,1.580103968,7.00E-05,2.13E-05,1.41E-11,0.233685503,2.927198565,0.441650904,0.002371484,1.13E-07,6.45E-06,3.66E-06,1.69E-06,2.75E-07,1.50E-06,1.343628696,1.975984296,2.393378003,0.259709686,4.00E-06,4.40E-06,0.016129555,1.30E-09,2.60E-05,0.354245829,3.58E-08,1.408131215,0.146101293,0.160499984,0.003734969,7.11E-05,4.31E-06,0.004122286,0.000134968,18.44139272
NZE,2022,Indium,Solar PV,34.51178468,10.35720989,0.000465114,0.000139584,1.00E-11,1.741368038,43.37062675,3.447852311,0.003559305,3.03E-06,0.000487188,0.000174404,0.000140496,3.91E-08,5.11E-07,3.431069391,5.250419333,12.45917359,1.352463545,1.04E-05,1.76E-05,0.209551402,2.31E-09,9.21E-05,4.892441552,4.95E-07,10.66375947,0.380465993,0.643392783,0.034601848,0.001189832,8.62E-05,0.016750493,0.001589165,132.767709
NZE,2030,Indium,Solar PV,17.13833616,5.197841856,0.000230973,7.01E-05,2.18E-11,1.401828619,41.45644052,2.597711134,0.003737823,2.91E-06,0.00048711,0.000171399,0.000140618,2.79E-08,3.67E-07,3.635155886,5.581011517,6.149564629,0.667539905,9.58E-06,1.78E-05,0.188918226,1.43E-09,5.75E-05,4.29489356,4.34E-07,8.709222735,0.349655839,0.650630422,0.031311359,0.001070775,8.51E-05,0.014088414,0.001246441,98.06898718
NZE,2035,Indium,Solar PV,12.86427034,3.925610733,0.000173371,5.29E-05,2.39E-11,1.341164321,41.07610982,2.373855406,0.004053066,2.89E-06,0.000487037,0.000170953,0.000140659,2.01E-08,2.63E-07,4.240303703,5.688067567,4.597074866,0.499014931,9.06E-06,1.81E-05,0.184978792,1.15E-09,5.08E-05,4.164792357,4.21E-07,8.37038281,0.330760354,0.660519187,0.026762362,0.001002359,8.44E-05,0.013704573,0.00116367,90.362455
NZE,2040,Indium,Solar PV,11.78094384,3.597947953,0.000158771,4.85E-05,2.41E-11,1.330775487,40.99715597,2.303612797,0.004403717,2.89E-06,0.00048698,0.000171012,0.000140684,1.45E-08,1.90E-07,5.07383847,5.66295308,4.204440967,0.45639605,8.75E-06,1.84E-05,0.184813103,1.20E-09,5.04E-05,4.138207511,4.18E-07,8.322010124,0.319405426,0.672366399,0.024172203,0.000962323,8.39E-05,0.013772368,0.001143759,89.08820523
NZE,2045,Indium,Solar PV,10.89770617,3.331739471,0.000146868,4.49E-05,2.20E-11,1.321454124,40.99259342,2.221059798,0.004619861,2.88E-06,0.000486964,0.000170703,0.000140446,1.06E-08,1.39E-07,5.674708717,5.627185152,3.883527418,0.421561838,8.51E-06,1.88E-05,0.184907095,1.20E-09,5.02E-05,4.124193835,4.17E-07,8.270483744,0.31059778,0.685092749,0.022988991,0.000938955,8.37E-05,0.01389153,0.001127202,87.98927818
NZE,2050,Indium,Solar PV,10.30438553,3.153105955,0.000138872,4.25E-05,2.02E-11,1.317223408,41.11736333,2.149381346,0.004700224,2.87E-06,0.000486978,0.000170438,0.000140216,8.41E-09,1.10E-07,5.836926832,5.62088373,3.666729704,0.398028675,8.30E-06,1.91E-05,0.185018108,1.21E-09,5.00E-05,4.116236754,4.17E-07,8.239040947,0.303170836,0.696641565,0.022147452,0.000923462,8.39E-05,0.014025867,0.001116281,87.14596135
NZE,2022,Indium,Other low emissions power generation,34.51178468,10.35720989,0.000465114,0.000139584,1.00E-11,1.741368038,43.37062675,3.447852311,0.003559305,3.03E-06,0.000487188,0.000174404,0.000140496,3.91E-08,5.11E-07,3.431069391,5.250419333,12.45917359,1.352463545,1.04E-05,1.76E-05,0.209551402,2.31E-09,9.21E-05,4.892441552,4.95E-07,10.66375947,0.380465993,0.643392783,0.034601848,0.001189832,8.62E-05,0.016750493,0.001589165,132.767709
NZE,2030,Indium,Other low emissions power generation,17.13833616,5.197841856,0.000230973,7.01E-05,2.18E-11,1.401828619,41.45644052,2.597711134,0.003737823,2.91E-06,0.00048711,0.000171399,0.000140618,2.79E-08,3.67E-07,3.635155886,5.581011517,6.149564629,0.667539905,9.58E-06,1.78E-05,0.188918226,1.43E-09,5.75E-05,4.29489356,4.34E-07,8.709222735,0.349655839,0.650630422,0.031311359,0.001070775,8.51E-05,0.014088414,0.001246441,98.06898718
NZE,2035,Indium,Other low emissions power generation,12.86427034,3.925610733,0.000173371,5.29E-05,2.39E-11,1.341164321,41.07610982,2.373855406,0.004053066,2.89E-06,0.000487037,0.000170953,0.000140659,2.01E-08,2.63E-07,4.240303703,5.688067567,4.597074866,0.499014931,9.06E-06,1.81E-05,0.184978792,1.15E-09,5.08E-05,4.164792357,4.21E-07,8.37038281,0.330760354,0.660519187,0.026762362,0.001002359,8.44E-05,0.013704573,0.00116367,90.362455
NZE,2040,Indium,Other low emissions power generation,11.78094384,3.597947953,0.000158771,4.85E-05,2.41E-11,1.330775487,40.99715597,2.303612797,0.004403717,2.89E-06,0.00048698,0.000171012,0.000140684,1.45E-08,1.90E-07,5.07383847,5.66295308,4.204440967,0.45639605,8.75E-06,1.84E-05,0.184813103,1.20E-09,5.04E-05,4.138207511,4.18E-07,8.322010124,0.319405426,0.672366399,0.024172203,0.000962323,8.39E-05,0.013772368,0.001143759,89.08820523
NZE,2045,Indium,Other low emissions power generation,10.89770617,3.331739471,0.000146868,4.49E-05,2.20E-11,1.321454124,40.99259342,2.221059798,0.004619861,2.88E-06,0.000486964,0.000170703,0.000140446,1.06E-08,1.39E-07,5.674708717,5.627185152,3.883527418,0.421561838,8.51E-06,1.88E-05,0.184907095,1.20E-09,5.02E-05,4.124193835,4.17E-07,8.270483744,0.31059778,0.685092749,0.022988991,0.000938955,8.37E-05,0.01389153,0.001127202,87.98927818
NZE,2050,Indium,Other low emissions power generation,10.30438553,3.153105955,0.000138872,4.25E-05,2.02E-11,1.317223408,41.11736333,2.149381346,0.004700224,2.87E-06,0.000486978,0.000170438,0.000140216,8.41E-09,1.10E-07,5.836926832,5.62088373,3.666729704,0.398028675,8.30E-06,1.91E-05,0.185018108,1.21E-09,5.00E-05,4.116236754,4.17E-07,8.239040947,0.303170836,0.696641565,0.022147452,0.000923462,8.39E-05,0.014025867,0.001116281,87.14596135
NZE,2022,Iridium,Hydrogen technologies,104088.2785,32271.86171,1.402794856,0.434926992,4.15E-08,5647417.989,28489.30824,7018.378129,14.8698737,0.002978782,0.030520497,0.101710325,0.03563523,6.93E-05,0.001038501,3375.008874,5691.580356,37224.92091,4040.80022,0.261096019,0.195941855,245.7645319,5.54E-06,55.60746487,4091.704668,0.000389341,12766890.44,9530.075323,7151.877729,70.20768793,1.44855577,0.039509442,17.670241,57.65697437,18657632.17
NZE,2030,Iridium,Hydrogen technologies,73942.49414,23089.58239,0.996520953,0.311177666,8.29E-08,5638712.009,25990.89849,5384.569012,15.13975868,0.002832689,0.029863642,0.098058569,0.036033276,6.56E-05,0.000979644,3789.29721,5699.174415,26309.45181,2855.899557,0.261761427,0.198725249,231.075616,4.91E-06,55.48051464,3161.785975,0.00029988,12744574.12,9554.3532,7253.47161,70.62785953,1.208682212,0.039205786,14.06024836,56.99549166,18570649.21
NZE,2035,Iridium,Hydrogen technologies,57326.78918,18009.24221,0.772591556,0.242710061,8.73E-08,5633660.543,25224.33033,4677.159224,15.87609759,0.002790343,0.029761176,0.097436629,0.036798581,5.28E-05,0.000786071,4862.6106,5687.798888,20295.49831,2203.078662,0.260880069,0.20141267,229.0651358,4.51E-06,55.42043727,2693.391299,0.000256732,12732698.43,9522.179907,7351.562471,62.69312819,1.057520946,0.039379362,12.4408949,56.6429523,18524533.74
NZE,2040,Iridium,Hydrogen technologies,49001.81642,15482.07361,0.660396128,0.208651479,8.77E-08,5630515.385,24908.45586,4407.370855,16.66886119,0.002775188,0.029855004,0.097540052,0.037488687,3.89E-05,0.000577394,6354.365826,5570.251417,17280.14587,1875.768627,0.259679749,0.203241586,229.4458876,5.04E-06,55.38610936,2463.36665,0.000235323,12725484.41,9478.36622,7418.317921,52.97197877,0.95499822,0.039663599,11.62387204,56.46329726,18500551.75
NZE,2045,Iridium,Hydrogen technologies,45743.92965,14493.81242,0.616489678,0.195332711,7.96E-08,5629667.212,24831.19907,4260.639624,17.06603527,0.002767702,0.029998305,0.097622172,0.037667443,2.98E-05,0.00044065,7303.906244,5508.154372,16100.01775,1747.673391,0.258804032,0.204464577,229.6050064,5.14E-06,55.37631334,2345.570018,0.000224124,12723490.55,9446.401558,7462.957069,46.89456298,0.919458123,0.039861547,11.51630335,56.39672281,18492708.02
NZE,2050,Iridium,Hydrogen technologies,44928.37514,14248.52589,0.605498472,0.192026991,7.18E-08,5629652.057,24834.15459,4207.026948,17.25514282,0.002762762,0.030060475,0.097586179,0.037562236,2.41E-05,0.000354859,7744.131722,5501.133889,15803.64852,1715.506705,0.258062556,0.205013319,229.9352747,5.11E-06,55.37473667,2322.58596,0.000221974,12723423.03,9419.33716,7482.986169,42.57583153,0.909616555,0.040200143,11.64197493,56.38101587,18491584.8
NZE,2022,Lanthanum,Other low emissions power generation,7.575891235,2.327563555,0.0001021,3.14E-05,3.29E-12,0.237940703,6.414989661,0.838459048,0.009116048,1.47E-07,6.10E-06,5.31E-06,6.38E-06,5.74E-08,3.24E-07,3.572006508,5.912570602,2.731302286,0.296485264,1.20E-05,9.91E-06,5.969266907,7.84E-10,2.13E-05,0.514648951,5.22E-08,1.848867463,0.43808047,0.361698416,0.002956691,8.58E-05,4.24E-06,0.009681307,0.000177274,39.06163301
NZE,2030,Lanthanum,Other low emissions power generation,6.038582336,1.857634086,8.14E-05,2.50E-05,6.66E-12,0.212536444,6.21306728,0.646289028,0.00911639,1.38E-07,6.06E-06,5.07E-06,6.38E-06,5.73E-08,3.23E-07,3.614710728,5.933339831,2.174913156,0.236087889,1.20E-05,9.94E-06,5.967601409,7.61E-10,1.65E-05,0.466486008,4.73E-08,1.650158535,0.437452596,0.362631005,0.002889467,7.88E-05,4.21E-06,0.009486902,0.000145125,35.83308399
NZE,2035,Lanthanum,Other low emissions power generation,5.618063527,1.73076275,7.57E-05,2.33E-05,6.99E-12,0.206090616,6.191648373,0.612512472,0.009165094,1.37E-07,6.04E-06,5.07E-06,6.40E-06,5.72E-08,3.22E-07,3.750747927,5.929595996,2.022413258,0.219534139,1.20E-05,9.99E-06,5.967373942,7.46E-10,1.56E-05,0.45548094,4.62E-08,1.608158956,0.437625376,0.364769692,0.002582961,7.60E-05,4.22E-06,0.009465808,0.000136844,35.13608999
NZE,2040,Lanthanum,Other low emissions power generation,5.340927962,1.647568324,7.20E-05,2.22E-05,7.00E-12,0.203873147,6.210063999,0.601837459,0.009254549,1.38E-07,6.04E-06,5.13E-06,6.43E-06,5.71E-08,3.21E-07,4.019250953,5.915289245,1.921829986,0.208616344,1.20E-05,1.01E-05,5.967469875,7.73E-10,1.55E-05,0.451376134,4.59E-08,1.598943183,0.438550011,0.368452285,0.002457672,7.46E-05,4.23E-06,0.009485854,0.000132025,34.91534385
NZE,2045,Lanthanum,Other low emissions power generation,5.142887735,1.588124243,6.93E-05,2.14E-05,6.38E-12,0.203805302,6.26456153,0.585106344,0.009295657,1.39E-07,6.04E-06,5.17E-06,6.46E-06,5.71E-08,3.21E-07,4.136851306,5.91321695,1.84967162,0.200783984,1.20E-05,1.02E-05,5.967597564,7.85E-10,1.56E-05,0.449913969,4.58E-08,1.599549028,0.439486471,0.371879026,0.002599054,7.44E-05,4.24E-06,0.009514818,0.000128728,34.73494135
NZE,2050,Lanthanum,Other low emissions power generation,5.021949456,1.55192749,6.77E-05,2.09E-05,5.82E-12,0.203691176,6.333473787,0.573528122,0.00931271,1.40E-07,6.05E-06,5.21E-06,6.47E-06,5.72E-08,3.22E-07,4.171127466,5.919157765,1.805380804,0.195976389,1.21E-05,1.03E-05,5.966959027,7.94E-10,1.56E-05,0.432866767,4.40E-08,1.586122822,0.440185836,0.374530675,0.002816124,7.46E-05,4.28E-06,0.009545787,0.000126667,34.59864928
NZE,2022,Lead,Solar PV,0.478588047,0.145397589,6.45E-06,1.96E-06,4.10E-13,0.06299525,0.689677918,0.055543333,0.000174533,1.77E-07,5.55E-06,1.34E-05,3.76E-06,1.84E-10,2.49E-09,0.049067027,0.061703082,0.173705006,0.018855425,1.87E-07,2.55E-07,0.002570352,5.16E-11,3.34E-06,0.035410632,3.60E-09,0.380578459,0.006839897,0.009299505,0.00029436,6.71E-06,4.23E-07,0.0001604,3.51E-05,2.17086797
NZE,2030,Lead,Solar PV,0.33356768,0.101500798,4.50E-06,1.37E-06,8.32E-13,0.060696638,0.671815291,0.041745231,0.00017564,1.76E-07,5.55E-06,1.34E-05,3.76E-06,1.48E-10,2.05E-09,0.05293356,0.064397204,0.121157023,0.013151221,1.84E-07,2.58E-07,0.002405116,4.76E-11,2.96E-06,0.030258397,3.07E-09,0.365439973,0.006723982,0.009403206,0.000270203,5.80E-06,4.11E-07,0.000142427,3.21E-05,1.875789826
NZE,2035,Lead,Solar PV,0.294732374,0.08982404,3.97E-06,1.21E-06,8.72E-13,0.060211142,0.670266298,0.039168023,0.000179982,1.76E-07,5.54E-06,1.34E-05,3.76E-06,1.19E-10,1.67E-09,0.062627095,0.064352087,0.1070698,0.011622114,1.84E-07,2.63E-07,0.002381368,4.65E-11,2.89E-06,0.029046653,2.95E-09,0.3625493,0.006710675,0.009617546,0.000234134,5.35E-06,4.06E-07,0.000140364,3.14E-05,1.810738789
NZE,2040,Lead,Solar PV,0.278165115,0.084846972,3.75E-06,1.14E-06,8.71E-13,0.060091967,0.672566617,0.038732787,0.000185507,1.76E-07,5.55E-06,1.34E-05,3.77E-06,9.94E-11,1.41E-09,0.075209299,0.06288569,0.10106179,0.010970077,1.85E-07,2.72E-07,0.002390053,5.36E-11,2.90E-06,0.028718561,2.92E-09,0.3621322,0.006757344,0.009919377,0.000216897,5.12E-06,4.04E-07,0.000141447,3.11E-05,1.79499728
NZE,2045,Lead,Solar PV,0.265866944,0.081150249,3.58E-06,1.09E-06,7.88E-13,0.060016232,0.674927885,0.038112712,0.000188885,1.76E-07,5.55E-06,1.34E-05,3.77E-06,8.59E-11,1.24E-09,0.083796358,0.061825712,0.096593184,0.010485109,1.86E-07,2.79E-07,0.002399809,5.51E-11,2.91E-06,0.028585608,2.91E-09,0.361784485,0.006786647,0.0101751,0.000211963,5.02E-06,4.04E-07,0.000143031,3.09E-05,1.783055395
NZE,2050,Lead,Solar PV,0.258628287,0.078975671,3.49E-06,1.06E-06,7.10E-13,0.059982705,0.677661861,0.037620348,0.000190243,1.76E-07,5.55E-06,1.34E-05,3.77E-06,8.06E-11,1.16E-09,0.086500567,0.061511507,0.093947298,0.010197943,1.86E-07,2.83E-07,0.002405829,5.50E-11,2.91E-06,0.028531908,2.91E-09,0.361533785,0.006784998,0.010340656,0.000209311,4.97E-06,4.07E-07,0.00014466,3.08E-05,1.775173013
NZE,2022,Lead,Other low emissions power generation,0.478588047,0.145397589,6.45E-06,1.96E-06,4.10E-13,0.06299525,0.689677918,0.055543333,0.000174533,1.77E-07,5.55E-06,1.34E-05,3.76E-06,1.84E-10,2.49E-09,0.049067027,0.061703082,0.173705006,0.018855425,1.87E-07,2.55E-07,0.002570352,5.16E-11,3.34E-06,0.035410632,3.60E-09,0.380578459,0.006839897,0.009299505,0.00029436,6.71E-06,4.23E-07,0.0001604,3.51E-05,2.17086797
NZE,2030,Lead,Other low emissions power generation,0.33356768,0.101500798,4.50E-06,1.37E-06,8.32E-13,0.060696638,0.671815291,0.041745231,0.00017564,1.76E-07,5.55E-06,1.34E-05,3.76E-06,1.48E-10,2.05E-09,0.05293356,0.064397204,0.121157023,0.013151221,1.84E-07,2.58E-07,0.002405116,4.76E-11,2.96E-06,0.030258397,3.07E-09,0.365439973,0.006723982,0.009403206,0.000270203,5.80E-06,4.11E-07,0.000142427,3.21E-05,1.875789826
NZE,2035,Lead,Other low emissions power generation,0.294732374,0.08982404,3.97E-06,1.21E-06,8.72E-13,0.060211142,0.670266298,0.039168023,0.000179982,1.76E-07,5.54E-06,1.34E-05,3.76E-06,1.19E-10,1.67E-09,0.062627095,0.064352087,0.1070698,0.011622114,1.84E-07,2.63E-07,0.002381368,4.65E-11,2.89E-06,0.029046653,2.95E-09,0.3625493,0.006710675,0.009617546,0.000234134,5.35E-06,4.06E-07,0.000140364,3.14E-05,1.810738789
NZE,2040,Lead,Other low emissions power generation,0.278165115,0.084846972,3.75E-06,1.14E-06,8.71E-13,0.060091967,0.672566617,0.038732787,0.000185507,1.76E-07,5.55E-06,1.34E-05,3.77E-06,9.94E-11,1.41E-09,0.075209299,0.06288569,0.10106179,0.010970077,1.85E-07,2.72E-07,0.002390053,5.36E-11,2.90E-06,0.028718561,2.92E-09,0.3621322,0.006757344,0.009919377,0.000216897,5.12E-06,4.04E-07,0.000141447,3.11E-05,1.79499728
NZE,2045,Lead,Other low emissions power generation,0.265866944,0.081150249,3.58E-06,1.09E-06,7.88E-13,0.060016232,0.674927885,0.038112712,0.000188885,1.76E-07,5.55E-06,1.34E-05,3.77E-06,8.59E-11,1.24E-09,0.083796358,0.061825712,0.096593184,0.010485109,1.86E-07,2.79E-07,0.002399809,5.51E-11,2.91E-06,0.028585608,2.91E-09,0.361784485,0.006786647,0.0101751,0.000211963,5.02E-06,4.04E-07,0.000143031,3.09E-05,1.783055395
NZE,2050,Lead,Other low emissions power generation,0.258628287,0.078975671,3.49E-06,1.06E-06,7.10E-13,0.059982705,0.677661861,0.037620348,0.000190243,1.76E-07,5.55E-06,1.34E-05,3.77E-06,8.06E-11,1.16E-09,0.086500567,0.061511507,0.093947298,0.010197943,1.86E-07,2.83E-07,0.002405829,5.50E-11,2.91E-06,0.028531908,2.91E-09,0.361533785,0.006784998,0.010340656,0.000209311,4.97E-06,4.07E-07,0.00014466,3.08E-05,1.775173013
NZE,2022,Lithium,Electric vehicles,2.731678654,0.824997524,3.68E-05,1.11E-05,1.49E-12,0.039267537,0.426561193,0.224199457,0.000532317,2.16E-08,3.69E-07,6.66E-07,3.01E-07,2.43E-10,3.82E-09,0.065299161,0.076820056,0.991230426,0.107599206,3.64E-07,6.66E-07,0.005570386,1.97E-10,4.27E-06,0.097492331,9.54E-09,0.284064691,0.013283429,0.024291405,0.001114436,4.10E-05,1.45E-06,0.000162025,5.50E-05,5.914206291
NZE,2030,Lithium,Electric vehicles,2.204922115,0.662721382,2.97E-05,8.93E-06,3.10E-12,0.033762428,0.351212355,0.149453581,0.000526543,1.85E-08,3.55E-07,5.81E-07,2.97E-07,2.67E-10,4.39E-09,0.072328364,0.085836568,0.800767927,0.086924047,3.59E-07,6.68E-07,0.004974263,1.90E-10,2.77E-06,0.080720942,7.82E-09,0.231001473,0.013091378,0.024364981,0.001058218,3.79E-05,1.42E-06,0.000102737,4.41E-05,4.803808272
NZE,2035,Lithium,Electric vehicles,2.024138808,0.607980015,2.73E-05,8.19E-06,3.11E-12,0.031572116,0.332447292,0.134199499,0.000519589,1.77E-08,3.37E-07,5.64E-07,2.94E-07,2.48E-10,4.14E-09,0.092129848,0.081606367,0.735214586,0.079808263,3.50E-07,6.59E-07,0.004747321,1.83E-10,2.44E-06,0.07506133,7.25E-09,0.214956811,0.012759151,0.024066062,0.000896932,3.56E-05,1.36E-06,9.26E-05,4.05E-05,4.452233201
NZE,2040,Lithium,Electric vehicles,1.895599468,0.569366844,2.55E-05,7.67E-06,2.95E-12,0.02996329,0.322188306,0.127036225,0.000511073,1.73E-08,3.18E-07,5.55E-07,2.91E-07,2.32E-10,3.91E-09,0.118910305,0.072435726,0.688546009,0.07474256,3.40E-07,6.49E-07,0.0045638,1.85E-10,2.34E-06,0.07109479,6.87E-09,0.204694562,0.012395133,0.023672075,0.000804964,3.36E-05,1.30E-06,9.06E-05,3.81E-05,4.21665036
NZE,2045,Lithium,Electric vehicles,1.62446799,0.487941869,2.19E-05,6.58E-06,2.32E-12,0.026164097,0.287715376,0.109248643,0.000453711,1.52E-08,2.77E-07,4.92E-07,2.58E-07,2.01E-10,3.42E-09,0.123957494,0.059751493,0.590051605,0.064051018,3.00E-07,5.81E-07,0.004003248,1.63E-10,2.07E-06,0.061800478,5.98E-09,0.178742435,0.010964979,0.021200578,0.000692389,2.92E-05,1.13E-06,8.24E-05,3.27E-05,3.651319923
NZE,2050,Lithium,Electric vehicles,1.323635784,0.397603057,1.78E-05,5.36E-06,1.70E-12,0.021703415,0.244490432,0.089136331,0.000377088,1.27E-08,2.28E-07,4.10E-07,2.15E-07,1.73E-10,2.91E-09,0.108017465,0.048268972,0.480744187,0.052185594,2.50E-07,4.88E-07,0.003313874,1.34E-10,1.72E-06,0.050904711,4.93E-09,0.147907222,0.009117461,0.01781932,0.000571882,2.41E-05,9.41E-07,7.10E-05,2.67E-05,2.995892652
NZE,2022,Lithium,Grid battery storage,2.731678654,0.824997524,3.68E-05,1.11E-05,1.49E-12,0.039267537,0.426561193,0.224199457,0.000532317,2.16E-08,3.69E-07,6.66E-07,3.01E-07,2.43E-10,3.82E-09,0.065299161,0.076820056,0.991230426,0.107599206,3.64E-07,6.66E-07,0.005570386,1.97E-10,4.27E-06,0.097492331,9.54E-09,0.284064691,0.013283429,0.024291405,0.001114436,4.10E-05,1.45E-06,0.000162025,5.50E-05,5.914206291
NZE,2030,Lithium,Grid battery storage,2.204922115,0.662721382,2.97E-05,8.93E-06,3.10E-12,0.033762428,0.351212355,0.149453581,0.000526543,1.85E-08,3.55E-07,5.81E-07,2.97E-07,2.67E-10,4.39E-09,0.072328364,0.085836568,0.800767927,0.086924047,3.59E-07,6.68E-07,0.004974263,1.90E-10,2.77E-06,0.080720942,7.82E-09,0.231001473,0.013091378,0.024364981,0.001058218,3.79E-05,1.42E-06,0.000102737,4.41E-05,4.803808272
NZE,2035,Lithium,Grid battery storage,2.024138808,0.607980015,2.73E-05,8.19E-06,3.11E-12,0.031572116,0.332447292,0.134199499,0.000519589,1.77E-08,3.37E-07,5.64E-07,2.94E-07,2.48E-10,4.14E-09,0.092129848,0.081606367,0.735214586,0.079808263,3.50E-07,6.59E-07,0.004747321,1.83E-10,2.44E-06,0.07506133,7.25E-09,0.214956811,0.012759151,0.024066062,0.000896932,3.56E-05,1.36E-06,9.26E-05,4.05E-05,4.452233201
NZE,2040,Lithium,Grid battery storage,1.895599468,0.569366844,2.55E-05,7.67E-06,2.95E-12,0.02996329,0.322188306,0.127036225,0.000511073,1.73E-08,3.18E-07,5.55E-07,2.91E-07,2.32E-10,3.91E-09,0.118910305,0.072435726,0.688546009,0.07474256,3.40E-07,6.49E-07,0.0045638,1.85E-10,2.34E-06,0.07109479,6.87E-09,0.204694562,0.012395133,0.023672075,0.000804964,3.36E-05,1.30E-06,9.06E-05,3.81E-05,4.21665036
NZE,2045,Lithium,Grid battery storage,1.62446799,0.487941869,2.19E-05,6.58E-06,2.32E-12,0.026164097,0.287715376,0.109248643,0.000453711,1.52E-08,2.77E-07,4.92E-07,2.58E-07,2.01E-10,3.42E-09,0.123957494,0.059751493,0.590051605,0.064051018,3.00E-07,5.81E-07,0.004003248,1.63E-10,2.07E-06,0.061800478,5.98E-09,0.178742435,0.010964979,0.021200578,0.000692389,2.92E-05,1.13E-06,8.24E-05,3.27E-05,3.651319923
NZE,2050,Lithium,Grid battery storage,1.323635784,0.397603057,1.78E-05,5.36E-06,1.70E-12,0.021703415,0.244490432,0.089136331,0.000377088,1.27E-08,2.28E-07,4.10E-07,2.15E-07,1.73E-10,2.91E-09,0.108017465,0.048268972,0.480744187,0.052185594,2.50E-07,4.88E-07,0.003313874,1.34E-10,1.72E-06,0.050904711,4.93E-09,0.147907222,0.009117461,0.01781932,0.000571882,2.41E-05,9.41E-07,7.10E-05,2.67E-05,2.995892652
NZE,2022,Magnesium,Other low emissions power generation,8.937180854,2.79793857,0.000120446,3.77E-05,1.66E-12,0.101270462,2.531436406,1.431812429,0.000507315,4.34E-08,1.93E-05,1.39E-06,5.66E-07,1.12E-09,1.83E-08,0.145122353,0.185362587,3.238780756,0.351572023,8.75E-07,7.89E-07,0.015432922,3.22E-10,0.000104968,0.355015667,3.63E-08,0.865048867,0.031950607,0.028796884,0.002996932,2.55E-05,4.56E-07,0.001264612,0.00028495,21.02151749
NZE,2030,Magnesium,Other low emissions power generation,6.884940705,2.16812188,9.28E-05,2.92E-05,3.51E-12,0.069698789,2.233965515,1.158740747,0.000476044,2.97E-08,1.93E-05,1.01E-06,5.45E-07,1.26E-09,2.04E-08,0.15335376,0.214530555,2.496395497,0.270984303,8.62E-07,8.09E-07,0.013106805,3.04E-10,9.67E-05,0.289346175,2.95E-08,0.622718173,0.031454635,0.029512265,0.002960002,1.68E-05,4.22E-07,0.001012139,0.000240043,16.64133658
NZE,2035,Magnesium,Other low emissions power generation,6.390564307,2.018511927,8.61E-05,2.72E-05,3.75E-12,0.058891344,2.193442258,1.115482105,0.000491111,2.84E-08,1.93E-05,9.92E-07,5.68E-07,1.20E-09,1.93E-08,0.193096992,0.216182288,2.317193474,0.251531968,8.65E-07,8.53E-07,0.012732715,2.87E-10,9.49E-05,0.275064143,2.81E-08,0.565920882,0.03156266,0.031134275,0.002551389,1.38E-05,4.24E-07,0.000971606,0.000229558,15.67534099
NZE,2040,Magnesium,Other low emissions power generation,6.2328878,1.970781213,8.40E-05,2.66E-05,3.75E-12,0.053792016,2.197808434,1.112104735,0.000515574,2.92E-08,1.93E-05,1.04E-06,6.00E-07,1.10E-09,1.79E-08,0.246959717,0.208072516,2.260067326,0.245331559,8.68E-07,8.98E-07,0.012721196,3.14E-10,9.46E-05,0.271363903,2.78E-08,0.549655767,0.031669025,0.032786224,0.002348995,1.22E-05,4.22E-07,0.000970249,0.000226535,15.42985027
NZE,2045,Magnesium,Other low emissions power generation,6.143055303,1.94357552,8.28E-05,2.62E-05,3.40E-12,0.052627995,2.204837291,1.097765339,0.00052411,2.96E-08,1.93E-05,1.06E-06,6.18E-07,1.04E-09,1.71E-08,0.271575348,0.201408828,2.227483388,0.241795089,8.69E-07,9.35E-07,0.01275413,3.32E-10,9.45E-05,0.269845386,2.76E-08,0.546934637,0.031736305,0.034131779,0.00229246,1.17E-05,4.20E-07,0.000973822,0.000224983,15.28333026
NZE,2050,Magnesium,Other low emissions power generation,6.105235193,1.932373404,8.23E-05,2.60E-05,3.08E-12,0.052679538,2.210830409,1.086033315,0.000523845,2.98E-08,1.93E-05,1.07E-06,6.21E-07,1.00E-09,1.65E-08,0.274631331,0.197703888,2.21367137,0.24029604,8.66E-07,9.55E-07,0.012786806,3.48E-10,9.46E-05,0.269439553,2.76E-08,0.547495315,0.031601667,0.034851478,0.002279832,1.15E-05,4.29E-07,0.00097798,0.000224377,15.21342439
NZE,2022,Manganese,Wind,0.297771436,0.089712116,4.01E-06,1.21E-06,1.79E-13,0.068599197,0.162047257,0.027460541,2.06E-05,6.15E-09,1.98E-07,2.18E-07,1.27E-07,1.09E-10,1.72E-09,0.021639854,0.036463828,0.107593726,0.011679105,9.72E-08,2.72E-07,0.000683222,1.95E-11,3.24E-06,0.018830032,1.90E-09,0.415888812,0.003549685,0.009942656,0.000200321,3.18E-06,2.06E-07,7.40E-05,9.22E-06,1.272159978
NZE,2030,Manganese,Wind,0.173767992,0.052105679,2.34E-06,7.02E-07,3.64E-13,0.065982013,0.14614185,0.014792552,2.08E-05,5.45E-09,1.95E-07,2.00E-07,1.28E-07,1.03E-10,1.59E-09,0.023436233,0.038140155,0.06267019,0.006802554,9.51E-08,2.75E-07,0.000527601,1.67E-11,2.82E-06,0.014132353,1.42E-09,0.399566389,0.003472816,0.010030726,0.000192568,2.68E-06,2.07E-07,5.85E-05,6.60E-06,1.011844037
NZE,2035,Manganese,Wind,0.138424209,0.041498629,1.87E-06,5.59E-07,3.88E-13,0.065219969,0.144644845,0.012550371,2.36E-05,5.44E-09,1.94E-07,2.02E-07,1.31E-07,9.31E-11,1.40E-09,0.029037927,0.038191666,0.049846421,0.005410587,9.50E-08,2.80E-07,0.000500774,1.59E-11,2.70E-06,0.012909768,1.30E-09,0.395470363,0.003469688,0.010217333,0.000170192,2.50E-06,2.09E-07,5.61E-05,5.87E-06,0.947645361
NZE,2040,Manganese,Wind,0.124535269,0.037337107,1.68E-06,5.03E-07,3.91E-13,0.064944963,0.146621357,0.01223912,2.74E-05,5.60E-09,1.93E-07,2.10E-07,1.36E-07,8.28E-11,1.22E-09,0.036591552,0.037516103,0.044808901,0.004863882,9.60E-08,2.87E-07,0.00050548,2.22E-11,2.70E-06,0.012561916,1.26E-09,0.394618102,0.003503316,0.010459018,0.000157122,2.42E-06,2.11E-07,5.67E-05,5.64E-06,0.931350079
NZE,2045,Manganese,Wind,0.115993937,0.034771966,1.56E-06,4.69E-07,3.57E-13,0.064873483,0.148815036,0.011842385,2.93E-05,5.65E-09,1.93E-07,2.13E-07,1.38E-07,7.48E-11,1.09E-09,0.040897486,0.037085679,0.04170746,0.00452731,9.65E-08,2.92E-07,0.000512746,2.37E-11,2.71E-06,0.012459119,1.25E-09,0.39439761,0.003522278,0.010654363,0.000152455,2.38E-06,2.12E-07,5.76E-05,5.51E-06,0.922303001
NZE,2050,Manganese,Wind,0.111527764,0.033431171,1.50E-06,4.51E-07,3.25E-13,0.064860128,0.150662972,0.011555986,3.00E-05,5.64E-09,1.93E-07,2.14E-07,1.38E-07,7.04E-11,1.01E-09,0.041850241,0.036980083,0.0400777,0.00435044,9.62E-08,2.95E-07,0.000516727,2.36E-11,2.72E-06,0.012421164,1.25E-09,0.39427228,0.003511255,0.010764608,0.000149034,2.37E-06,2.14E-07,5.85E-05,5.44E-06,0.917022777
NZE,2022,Manganese,Other low emissions power generation,0.297771436,0.089712116,4.01E-06,1.21E-06,1.79E-13,0.068599197,0.162047257,0.027460541,2.06E-05,6.15E-09,1.98E-07,2.18E-07,1.27E-07,1.09E-10,1.72E-09,0.021639854,0.036463828,0.107593726,0.011679105,9.72E-08,2.72E-07,0.000683222,1.95E-11,3.24E-06,0.018830032,1.90E-09,0.415888812,0.003549685,0.009942656,0.000200321,3.18E-06,2.06E-07,7.40E-05,9.22E-06,1.272159978
NZE,2030,Manganese,Other low emissions power generation,0.173767992,0.052105679,2.34E-06,7.02E-07,3.64E-13,0.065982013,0.14614185,0.014792552,2.08E-05,5.45E-09,1.95E-07,2.00E-07,1.28E-07,1.03E-10,1.59E-09,0.023436233,0.038140155,0.06267019,0.006802554,9.51E-08,2.75E-07,0.000527601,1.67E-11,2.82E-06,0.014132353,1.42E-09,0.399566389,0.003472816,0.010030726,0.000192568,2.68E-06,2.07E-07,5.85E-05,6.60E-06,1.011844037
NZE,2035,Manganese,Other low emissions power generation,0.138424209,0.041498629,1.87E-06,5.59E-07,3.88E-13,0.065219969,0.144644845,0.012550371,2.36E-05,5.44E-09,1.94E-07,2.02E-07,1.31E-07,9.31E-11,1.40E-09,0.029037927,0.038191666,0.049846421,0.005410587,9.50E-08,2.80E-07,0.000500774,1.59E-11,2.70E-06,0.012909768,1.30E-09,0.395470363,0.003469688,0.010217333,0.000170192,2.50E-06,2.09E-07,5.61E-05,5.87E-06,0.947645361
NZE,2040,Manganese,Other low emissions power generation,0.124535269,0.037337107,1.68E-06,5.03E-07,3.91E-13,0.064944963,0.146621357,0.01223912,2.74E-05,5.60E-09,1.93E-07,2.10E-07,1.36E-07,8.28E-11,1.22E-09,0.036591552,0.037516103,0.044808901,0.004863882,9.60E-08,2.87E-07,0.00050548,2.22E-11,2.70E-06,0.012561916,1.26E-09,0.394618102,0.003503316,0.010459018,0.000157122,2.42E-06,2.11E-07,5.67E-05,5.64E-06,0.931350079
NZE,2045,Manganese,Other low emissions power generation,0.115993937,0.034771966,1.56E-06,4.69E-07,3.57E-13,0.064873483,0.148815036,0.011842385,2.93E-05,5.65E-09,1.93E-07,2.13E-07,1.38E-07,7.48E-11,1.09E-09,0.040897486,0.037085679,0.04170746,0.00452731,9.65E-08,2.92E-07,0.000512746,2.37E-11,2.71E-06,0.012459119,1.25E-09,0.39439761,0.003522278,0.010654363,0.000152455,2.38E-06,2.12E-07,5.76E-05,5.51E-06,0.922303001
NZE,2050,Manganese,Other low emissions power generation,0.111527764,0.033431171,1.50E-06,4.51E-07,3.25E-13,0.064860128,0.150662972,0.011555986,3.00E-05,5.64E-09,1.93E-07,2.14E-07,1.38E-07,7.04E-11,1.01E-09,0.041850241,0.036980083,0.0400777,0.00435044,9.62E-08,2.95E-07,0.000516727,2.36E-11,2.72E-06,0.012421164,1.25E-09,0.39427228,0.003511255,0.010764608,0.000149034,2.37E-06,2.14E-07,5.85E-05,5.44E-06,0.917022777
NZE,2022,Manganese,Electric vehicles,0.297771436,0.089712116,4.01E-06,1.21E-06,1.79E-13,0.068599197,0.162047257,0.027460541,2.06E-05,6.15E-09,1.98E-07,2.18E-07,1.27E-07,1.09E-10,1.72E-09,0.021639854,0.036463828,0.107593726,0.011679105,9.72E-08,2.72E-07,0.000683222,1.95E-11,3.24E-06,0.018830032,1.90E-09,0.415888812,0.003549685,0.009942656,0.000200321,3.18E-06,2.06E-07,7.40E-05,9.22E-06,1.272159978
NZE,2030,Manganese,Electric vehicles,0.173767992,0.052105679,2.34E-06,7.02E-07,3.64E-13,0.065982013,0.14614185,0.014792552,2.08E-05,5.45E-09,1.95E-07,2.00E-07,1.28E-07,1.03E-10,1.59E-09,0.023436233,0.038140155,0.06267019,0.006802554,9.51E-08,2.75E-07,0.000527601,1.67E-11,2.82E-06,0.014132353,1.42E-09,0.399566389,0.003472816,0.010030726,0.000192568,2.68E-06,2.07E-07,5.85E-05,6.60E-06,1.011844037
NZE,2035,Manganese,Electric vehicles,0.138424209,0.041498629,1.87E-06,5.59E-07,3.88E-13,0.065219969,0.144644845,0.012550371,2.36E-05,5.44E-09,1.94E-07,2.02E-07,1.31E-07,9.31E-11,1.40E-09,0.029037927,0.038191666,0.049846421,0.005410587,9.50E-08,2.80E-07,0.000500774,1.59E-11,2.70E-06,0.012909768,1.30E-09,0.395470363,0.003469688,0.010217333,0.000170192,2.50E-06,2.09E-07,5.61E-05,5.87E-06,0.947645361
NZE,2040,Manganese,Electric vehicles,0.124535269,0.037337107,1.68E-06,5.03E-07,3.91E-13,0.064944963,0.146621357,0.01223912,2.74E-05,5.60E-09,1.93E-07,2.10E-07,1.36E-07,8.28E-11,1.22E-09,0.036591552,0.037516103,0.044808901,0.004863882,9.60E-08,2.87E-07,0.00050548,2.22E-11,2.70E-06,0.012561916,1.26E-09,0.394618102,0.003503316,0.010459018,0.000157122,2.42E-06,2.11E-07,5.67E-05,5.64E-06,0.931350079
NZE,2045,Manganese,Electric vehicles,0.115993937,0.034771966,1.56E-06,4.69E-07,3.57E-13,0.064873483,0.148815036,0.011842385,2.93E-05,5.65E-09,1.93E-07,2.13E-07,1.38E-07,7.48E-11,1.09E-09,0.040897486,0.037085679,0.04170746,0.00452731,9.65E-08,2.92E-07,0.000512746,2.37E-11,2.71E-06,0.012459119,1.25E-09,0.39439761,0.003522278,0.010654363,0.000152455,2.38E-06,2.12E-07,5.76E-05,5.51E-06,0.922303001
NZE,2050,Manganese,Electric vehicles,0.111527764,0.033431171,1.50E-06,4.51E-07,3.25E-13,0.064860128,0.150662972,0.011555986,3.00E-05,5.64E-09,1.93E-07,2.14E-07,1.38E-07,7.04E-11,1.01E-09,0.041850241,0.036980083,0.0400777,0.00435044,9.62E-08,2.95E-07,0.000516727,2.36E-11,2.72E-06,0.012421164,1.25E-09,0.39427228,0.003511255,0.010764608,0.000149034,2.37E-06,2.14E-07,5.85E-05,5.44E-06,0.917022777
NZE,2022,Manganese,Grid battery storage,0.297771436,0.089712116,4.01E-06,1.21E-06,1.79E-13,0.068599197,0.162047257,0.027460541,2.06E-05,6.15E-09,1.98E-07,2.18E-07,1.27E-07,1.09E-10,1.72E-09,0.021639854,0.036463828,0.107593726,0.011679105,9.72E-08,2.72E-07,0.000683222,1.95E-11,3.24E-06,0.018830032,1.90E-09,0.415888812,0.003549685,0.009942656,0.000200321,3.18E-06,2.06E-07,7.40E-05,9.22E-06,1.272159978
NZE,2030,Manganese,Grid battery storage,0.173767992,0.052105679,2.34E-06,7.02E-07,3.64E-13,0.065982013,0.14614185,0.014792552,2.08E-05,5.45E-09,1.95E-07,2.00E-07,1.28E-07,1.03E-10,1.59E-09,0.023436233,0.038140155,0.06267019,0.006802554,9.51E-08,2.75E-07,0.000527601,1.67E-11,2.82E-06,0.014132353,1.42E-09,0.399566389,0.003472816,0.010030726,0.000192568,2.68E-06,2.07E-07,5.85E-05,6.60E-06,1.011844037
NZE,2035,Manganese,Grid battery storage,0.138424209,0.041498629,1.87E-06,5.59E-07,3.88E-13,0.065219969,0.144644845,0.012550371,2.36E-05,5.44E-09,1.94E-07,2.02E-07,1.31E-07,9.31E-11,1.40E-09,0.029037927,0.038191666,0.049846421,0.005410587,9.50E-08,2.80E-07,0.000500774,1.59E-11,2.70E-06,0.012909768,1.30E-09,0.395470363,0.003469688,0.010217333,0.000170192,2.50E-06,2.09E-07,5.61E-05,5.87E-06,0.947645361
NZE,2040,Manganese,Grid battery storage,0.124535269,0.037337107,1.68E-06,5.03E-07,3.91E-13,0.064944963,0.146621357,0.01223912,2.74E-05,5.60E-09,1.93E-07,2.10E-07,1.36E-07,8.28E-11,1.22E-09,0.036591552,0.037516103,0.044808901,0.004863882,9.60E-08,2.87E-07,0.00050548,2.22E-11,2.70E-06,0.012561916,1.26E-09,0.394618102,0.003503316,0.010459018,0.000157122,2.42E-06,2.11E-07,5.67E-05,5.64E-06,0.931350079
NZE,2045,Manganese,Grid battery storage,0.115993937,0.034771966,1.56E-06,4.69E-07,3.57E-13,0.064873483,0.148815036,0.011842385,2.93E-05,5.65E-09,1.93E-07,2.13E-07,1.38E-07,7.48E-11,1.09E-09,0.040897486,0.037085679,0.04170746,0.00452731,9.65E-08,2.92E-07,0.000512746,2.37E-11,2.71E-06,0.012459119,1.25E-09,0.39439761,0.003522278,0.010654363,0.000152455,2.38E-06,2.12E-07,5.76E-05,5.51E-06,0.922303001
NZE,2050,Manganese,Grid battery storage,0.111527764,0.033431171,1.50E-06,4.51E-07,3.25E-13,0.064860128,0.150662972,0.011555986,3.00E-05,5.64E-09,1.93E-07,2.14E-07,1.38E-07,7.04E-11,1.01E-09,0.041850241,0.036980083,0.0400777,0.00435044,9.62E-08,2.95E-07,0.000516727,2.36E-11,2.72E-06,0.012421164,1.25E-09,0.39427228,0.003511255,0.010764608,0.000149034,2.37E-06,2.14E-07,5.85E-05,5.44E-06,0.917022777
NZE,2022,Molybdenum,Solar PV,2.150369927,0.675603484,2.90E-05,9.11E-06,2.04E-12,0.192345004,40.59111274,0.22962395,0.00047923,5.90E-08,1.81E-06,1.88E-06,1.12E-06,8.61E-10,1.28E-08,1.424212413,2.798769747,0.760623173,0.082565278,2.29E-06,2.15E-05,0.054225487,9.40E-11,1.73E-05,0.849683027,8.68E-08,1.469019284,0.083429525,0.783740228,0.003306236,9.01E-05,2.89E-06,0.000328842,6.32E-05,52.14955149
NZE,2030,Molybdenum,Solar PV,1.139730651,0.368591309,1.54E-05,4.97E-06,4.12E-12,0.174216206,40.44989891,0.122066308,0.0004768,5.31E-08,1.78E-06,1.73E-06,1.12E-06,8.03E-10,1.20E-08,1.429258832,2.814398839,0.394803723,0.042854706,2.27E-06,2.15E-05,0.053175003,7.57E-11,1.40E-05,0.817403179,8.36E-08,1.354061168,0.082820841,0.784138839,0.003175088,8.49E-05,2.82E-06,0.000205272,4.20E-05,50.03138437
NZE,2035,Molybdenum,Solar PV,0.882495725,0.290945342,1.19E-05,3.92E-06,4.32E-12,0.168105572,40.42596935,0.100458078,0.000489776,5.23E-08,1.77E-06,1.71E-06,1.12E-06,6.96E-10,1.04E-08,1.450253123,2.814352126,0.301600221,0.032737459,2.26E-06,2.15E-05,0.05299512,6.98E-11,1.32E-05,0.809773703,8.28E-08,1.324033969,0.082553872,0.784806924,0.002934149,8.25E-05,2.79E-06,0.000184131,3.66E-05,49.52479495
NZE,2040,Molybdenum,Solar PV,0.812059262,0.26967459,1.09E-05,3.63E-06,4.30E-12,0.16519322,40.4227402,0.096450154,0.000504188,5.24E-08,1.76E-06,1.72E-06,1.13E-06,5.91E-10,8.84E-09,1.474779123,2.806123704,0.276155893,0.029975758,2.26E-06,2.15E-05,0.05299302,8.53E-11,1.31E-05,0.808061563,8.26E-08,1.314340173,0.082358931,0.785439497,0.00279353,8.12E-05,2.77E-06,0.0001827,3.52E-05,49.3999305
NZE,2045,Molybdenum,Solar PV,0.765632502,0.255678748,1.03E-05,3.45E-06,3.87E-12,0.163820703,40.41879343,0.091858337,0.000509696,5.18E-08,1.75E-06,1.71E-06,1.12E-06,5.18E-10,7.82E-09,1.487444084,2.799157803,0.259437838,0.028161229,2.25E-06,2.15E-05,0.05299254,8.88E-11,1.31E-05,0.80713063,8.25E-08,1.308794588,0.082141089,0.785864677,0.002735542,8.05E-05,2.75E-06,0.000184047,3.43E-05,49.31044184
NZE,2050,Molybdenum,Solar PV,0.742344761,0.248645366,1.00E-05,3.35E-06,3.48E-12,0.163087096,40.41566929,0.088804858,0.000511466,5.10E-08,1.75E-06,1.68E-06,1.10E-06,4.74E-10,7.17E-09,1.488998363,2.795146986,0.251054795,0.027251348,2.24E-06,2.15E-05,0.05298668,8.89E-11,1.31E-05,0.80659068,8.25E-08,1.304920132,0.081873876,0.786025291,0.002706172,8.02E-05,2.75E-06,0.000185866,3.39E-05,49.25690704
NZE,2022,Molybdenum,Wind,2.150369927,0.675603484,2.90E-05,9.11E-06,2.04E-12,0.192345004,40.59111274,0.22962395,0.00047923,5.90E-08,1.81E-06,1.88E-06,1.12E-06,8.61E-10,1.28E-08,1.424212413,2.798769747,0.760623173,0.082565278,2.29E-06,2.15E-05,0.054225487,9.40E-11,1.73E-05,0.849683027,8.68E-08,1.469019284,0.083429525,0.783740228,0.003306236,9.01E-05,2.89E-06,0.000328842,6.32E-05,52.14955149
NZE,2030,Molybdenum,Wind,1.139730651,0.368591309,1.54E-05,4.97E-06,4.12E-12,0.174216206,40.44989891,0.122066308,0.0004768,5.31E-08,1.78E-06,1.73E-06,1.12E-06,8.03E-10,1.20E-08,1.429258832,2.814398839,0.394803723,0.042854706,2.27E-06,2.15E-05,0.053175003,7.57E-11,1.40E-05,0.817403179,8.36E-08,1.354061168,0.082820841,0.784138839,0.003175088,8.49E-05,2.82E-06,0.000205272,4.20E-05,50.03138437
NZE,2035,Molybdenum,Wind,0.882495725,0.290945342,1.19E-05,3.92E-06,4.32E-12,0.168105572,40.42596935,0.100458078,0.000489776,5.23E-08,1.77E-06,1.71E-06,1.12E-06,6.96E-10,1.04E-08,1.450253123,2.814352126,0.301600221,0.032737459,2.26E-06,2.15E-05,0.05299512,6.98E-11,1.32E-05,0.809773703,8.28E-08,1.324033969,0.082553872,0.784806924,0.002934149,8.25E-05,2.79E-06,0.000184131,3.66E-05,49.52479495
NZE,2040,Molybdenum,Wind,0.812059262,0.26967459,1.09E-05,3.63E-06,4.30E-12,0.16519322,40.4227402,0.096450154,0.000504188,5.24E-08,1.76E-06,1.72E-06,1.13E-06,5.91E-10,8.84E-09,1.474779123,2.806123704,0.276155893,0.029975758,2.26E-06,2.15E-05,0.05299302,8.53E-11,1.31E-05,0.808061563,8.26E-08,1.314340173,0.082358931,0.785439497,0.00279353,8.12E-05,2.77E-06,0.0001827,3.52E-05,49.3999305
NZE,2045,Molybdenum,Wind,0.765632502,0.255678748,1.03E-05,3.45E-06,3.87E-12,0.163820703,40.41879343,0.091858337,0.000509696,5.18E-08,1.75E-06,1.71E-06,1.12E-06,5.18E-10,7.82E-09,1.487444084,2.799157803,0.259437838,0.028161229,2.25E-06,2.15E-05,0.05299254,8.88E-11,1.31E-05,0.80713063,8.25E-08,1.308794588,0.082141089,0.785864677,0.002735542,8.05E-05,2.75E-06,0.000184047,3.43E-05,49.31044184
NZE,2050,Molybdenum,Wind,0.742344761,0.248645366,1.00E-05,3.35E-06,3.48E-12,0.163087096,40.41566929,0.088804858,0.000511466,5.10E-08,1.75E-06,1.68E-06,1.10E-06,4.74E-10,7.17E-09,1.488998363,2.795146986,0.251054795,0.027251348,2.24E-06,2.15E-05,0.05298668,8.89E-11,1.31E-05,0.80659068,8.25E-08,1.304920132,0.081873876,0.786025291,0.002706172,8.02E-05,2.75E-06,0.000185866,3.39E-05,49.25690704
NZE,2022,Molybdenum,Other low emissions power generation,2.150369927,0.675603484,2.90E-05,9.11E-06,2.04E-12,0.192345004,40.59111274,0.22962395,0.00047923,5.90E-08,1.81E-06,1.88E-06,1.12E-06,8.61E-10,1.28E-08,1.424212413,2.798769747,0.760623173,0.082565278,2.29E-06,2.15E-05,0.054225487,9.40E-11,1.73E-05,0.849683027,8.68E-08,1.469019284,0.083429525,0.783740228,0.003306236,9.01E-05,2.89E-06,0.000328842,6.32E-05,52.14955149
NZE,2030,Molybdenum,Other low emissions power generation,1.139730651,0.368591309,1.54E-05,4.97E-06,4.12E-12,0.174216206,40.44989891,0.122066308,0.0004768,5.31E-08,1.78E-06,1.73E-06,1.12E-06,8.03E-10,1.20E-08,1.429258832,2.814398839,0.394803723,0.042854706,2.27E-06,2.15E-05,0.053175003,7.57E-11,1.40E-05,0.817403179,8.36E-08,1.354061168,0.082820841,0.784138839,0.003175088,8.49E-05,2.82E-06,0.000205272,4.20E-05,50.03138437
NZE,2035,Molybdenum,Other low emissions power generation,0.882495725,0.290945342,1.19E-05,3.92E-06,4.32E-12,0.168105572,40.42596935,0.100458078,0.000489776,5.23E-08,1.77E-06,1.71E-06,1.12E-06,6.96E-10,1.04E-08,1.450253123,2.814352126,0.301600221,0.032737459,2.26E-06,2.15E-05,0.05299512,6.98E-11,1.32E-05,0.809773703,8.28E-08,1.324033969,0.082553872,0.784806924,0.002934149,8.25E-05,2.79E-06,0.000184131,3.66E-05,49.52479495
NZE,2040,Molybdenum,Other low emissions power generation,0.812059262,0.26967459,1.09E-05,3.63E-06,4.30E-12,0.16519322,40.4227402,0.096450154,0.000504188,5.24E-08,1.76E-06,1.72E-06,1.13E-06,5.91E-10,8.84E-09,1.474779123,2.806123704,0.276155893,0.029975758,2.26E-06,2.15E-05,0.05299302,8.53E-11,1.31E-05,0.808061563,8.26E-08,1.314340173,0.082358931,0.785439497,0.00279353,8.12E-05,2.77E-06,0.0001827,3.52E-05,49.3999305
NZE,2045,Molybdenum,Other low emissions power generation,0.765632502,0.255678748,1.03E-05,3.45E-06,3.87E-12,0.163820703,40.41879343,0.091858337,0.000509696,5.18E-08,1.75E-06,1.71E-06,1.12E-06,5.18E-10,7.82E-09,1.487444084,2.799157803,0.259437838,0.028161229,2.25E-06,2.15E-05,0.05299254,8.88E-11,1.31E-05,0.80713063,8.25E-08,1.308794588,0.082141089,0.785864677,0.002735542,8.05E-05,2.75E-06,0.000184047,3.43E-05,49.31044184
NZE,2050,Molybdenum,Other low emissions power generation,0.742344761,0.248645366,1.00E-05,3.35E-06,3.48E-12,0.163087096,40.41566929,0.088804858,0.000511466,5.10E-08,1.75E-06,1.68E-06,1.10E-06,4.74E-10,7.17E-09,1.488998363,2.795146986,0.251054795,0.027251348,2.24E-06,2.15E-05,0.05298668,8.89E-11,1.31E-05,0.80659068,8.25E-08,1.304920132,0.081873876,0.786025291,0.002706172,8.02E-05,2.75E-06,0.000185866,3.39E-05,49.25690704
NZE,2022,Neodymium,Wind,17.89221638,5.50784728,0.000241133,7.42E-05,8.17E-12,0.64809396,17.21143411,1.902928225,0.026763194,4.14E-07,1.83E-05,1.48E-05,1.76E-05,1.92E-07,1.07E-06,11.48413159,19.34531022,6.444730365,0.699579792,3.73E-05,2.93E-05,19.95146582,2.17E-09,5.13E-05,1.065913275,1.08E-07,4.807209853,1.362849787,1.07079162,0.007828722,0.000249645,1.25E-05,0.030311498,0.000431477,109.4597226
NZE,2030,Neodymium,Wind,13.96341864,4.309596018,0.000188185,5.81E-05,1.65E-11,0.576708847,16.70196749,1.435406057,0.026759248,3.90E-07,1.82E-05,1.42E-05,1.76E-05,1.91E-07,1.07E-06,11.55556155,19.39757781,5.022390828,0.545181443,3.73E-05,2.94E-05,19.94718792,2.11E-09,3.96E-05,0.940957058,9.49E-08,4.267190567,1.360849673,1.072979692,0.007620173,0.00023141,1.24E-05,0.029796755,0.000349799,101.1614484
NZE,2035,Neodymium,Wind,12.94522898,4.002681882,0.000174462,5.39E-05,1.73E-11,0.558677717,16.64385574,1.354449054,0.026850977,3.89E-07,1.81E-05,1.42E-05,1.76E-05,1.91E-07,1.07E-06,11.7774033,19.39026031,4.653123778,0.505097943,3.73E-05,2.95E-05,19.94654773,2.06E-09,3.74E-05,0.912541998,9.20E-08,4.152821175,1.360646154,1.077431263,0.006817682,0.000223803,1.24E-05,0.029729686,0.000329691,99.34445644
NZE,2040,Neodymium,Wind,12.42927925,3.847508258,0.000167509,5.19E-05,1.73E-11,0.553021775,16.67991399,1.33716494,0.026994555,3.91E-07,1.81E-05,1.43E-05,1.77E-05,1.91E-07,1.06E-06,12.1551905,19.35735966,4.465946531,0.484781501,3.73E-05,2.97E-05,19.94668005,2.14E-09,3.73E-05,0.903403226,9.12E-08,4.131757472,1.361748309,1.084149243,0.006448616,0.000219856,1.25E-05,0.029757396,0.000320792,98.80139261
NZE,2045,Neodymium,Wind,12.03990252,3.730445399,0.000162261,5.03E-05,1.57E-11,0.550660323,16.75065735,1.295155253,0.027061539,3.92E-07,1.81E-05,1.44E-05,1.77E-05,1.91E-07,1.06E-06,12.34214492,19.34087165,4.324299119,0.469406944,3.73E-05,2.99E-05,19.94688935,2.18E-09,3.75E-05,0.899334805,9.09E-08,4.125124937,1.362649028,1.090233581,0.006514862,0.000218488,1.25E-05,0.029799531,0.000314259,98.33143727
NZE,2050,Neodymium,Wind,11.82620625,3.66666654,0.000159381,4.94E-05,1.43E-11,0.548785876,16.83877278,1.265906701,0.027086625,3.92E-07,1.81E-05,1.44E-05,1.78E-05,1.91E-07,1.06E-06,12.39495992,19.3405206,4.246116393,0.460920769,3.73E-05,3.00E-05,19.9463684,2.20E-09,3.75E-05,0.882564295,8.92E-08,4.106483701,1.362929769,1.09439449,0.006692958,0.000218219,1.26E-05,0.029844051,0.000310621,98.04550611
NZE,2022,Neodymium,Electric vehicles,17.89221638,5.50784728,0.000241133,7.42E-05,8.17E-12,0.64809396,17.21143411,1.902928225,0.026763194,4.14E-07,1.83E-05,1.48E-05,1.76E-05,1.92E-07,1.07E-06,11.48413159,19.34531022,6.444730365,0.699579792,3.73E-05,2.93E-05,19.95146582,2.17E-09,5.13E-05,1.065913275,1.08E-07,4.807209853,1.362849787,1.07079162,0.007828722,0.000249645,1.25E-05,0.030311498,0.000431477,109.4597226
NZE,2030,Neodymium,Electric vehicles,13.96341864,4.309596018,0.000188185,5.81E-05,1.65E-11,0.576708847,16.70196749,1.435406057,0.026759248,3.90E-07,1.82E-05,1.42E-05,1.76E-05,1.91E-07,1.07E-06,11.55556155,19.39757781,5.022390828,0.545181443,3.73E-05,2.94E-05,19.94718792,2.11E-09,3.96E-05,0.940957058,9.49E-08,4.267190567,1.360849673,1.072979692,0.007620173,0.00023141,1.24E-05,0.029796755,0.000349799,101.1614484
NZE,2035,Neodymium,Electric vehicles,12.94522898,4.002681882,0.000174462,5.39E-05,1.73E-11,0.558677717,16.64385574,1.354449054,0.026850977,3.89E-07,1.81E-05,1.42E-05,1.76E-05,1.91E-07,1.07E-06,11.7774033,19.39026031,4.653123778,0.505097943,3.73E-05,2.95E-05,19.94654773,2.06E-09,3.74E-05,0.912541998,9.20E-08,4.152821175,1.360646154,1.077431263,0.006817682,0.000223803,1.24E-05,0.029729686,0.000329691,99.34445644
NZE,2040,Neodymium,Electric vehicles,12.42927925,3.847508258,0.000167509,5.19E-05,1.73E-11,0.553021775,16.67991399,1.33716494,0.026994555,3.91E-07,1.81E-05,1.43E-05,1.77E-05,1.91E-07,1.06E-06,12.1551905,19.35735966,4.465946531,0.484781501,3.73E-05,2.97E-05,19.94668005,2.14E-09,3.73E-05,0.903403226,9.12E-08,4.131757472,1.361748309,1.084149243,0.006448616,0.000219856,1.25E-05,0.029757396,0.000320792,98.80139261
NZE,2045,Neodymium,Electric vehicles,12.03990252,3.730445399,0.000162261,5.03E-05,1.57E-11,0.550660323,16.75065735,1.295155253,0.027061539,3.92E-07,1.81E-05,1.44E-05,1.77E-05,1.91E-07,1.06E-06,12.34214492,19.34087165,4.324299119,0.469406944,3.73E-05,2.99E-05,19.94688935,2.18E-09,3.75E-05,0.899334805,9.09E-08,4.125124937,1.362649028,1.090233581,0.006514862,0.000218488,1.25E-05,0.029799531,0.000314259,98.33143727
NZE,2050,Neodymium,Electric vehicles,11.82620625,3.66666654,0.000159381,4.94E-05,1.43E-11,0.548785876,16.83877278,1.265906701,0.027086625,3.92E-07,1.81E-05,1.44E-05,1.78E-05,1.91E-07,1.06E-06,12.39495992,19.3405206,4.246116393,0.460920769,3.73E-05,3.00E-05,19.9463684,2.20E-09,3.75E-05,0.882564295,8.92E-08,4.106483701,1.362929769,1.09439449,0.006692958,0.000218219,1.26E-05,0.029844051,0.000310621,98.04550611
NZE,2022,Nickel,Solar PV,3.15297914,0.949310817,4.25E-05,1.28E-05,1.23E-12,0.099895487,1.393325371,0.283196577,0.000429127,1.13E-07,5.56E-07,4.58E-06,1.38E-06,7.50E-10,1.03E-08,0.136444004,0.19716599,1.142301738,0.123997971,1.35E-05,9.72E-06,0.007160691,1.59E-10,1.44E-05,0.162045564,1.64E-08,0.588601264,0.493675324,0.354668233,0.01111378,1.85E-05,1.33E-06,0.000321302,7.76E-05,9.096674198
NZE,2030,Nickel,Solar PV,2.500610763,0.752032188,3.37E-05,1.01E-05,2.51E-12,0.081897801,1.309247656,0.223181289,0.000439606,1.09E-07,5.39E-07,4.49E-06,1.38E-06,7.54E-10,1.01E-08,0.17778001,0.204151716,0.905884569,0.098334334,1.35E-05,9.73E-06,0.006455425,1.45E-10,1.15E-05,0.13981544,1.42E-08,0.487361386,0.493350818,0.35508812,0.011061414,1.62E-05,1.35E-06,0.000237896,6.32E-05,7.746969948
NZE,2035,Nickel,Solar PV,2.297987718,0.691403915,3.10E-05,9.32E-06,2.64E-12,0.07576375,1.296172205,0.211649,0.00046267,1.09E-07,5.30E-07,4.49E-06,1.39E-06,7.13E-10,9.24E-09,0.240283468,0.203562722,0.83233501,0.090350636,1.35E-05,9.75E-06,0.006317554,1.38E-10,1.05E-05,0.133523519,1.35E-08,0.456543226,0.493328196,0.355922813,0.010943086,1.52E-05,1.36E-06,0.000221023,5.87E-05,7.396809092
NZE,2040,Nickel,Solar PV,2.223282979,0.668991906,3.00E-05,9.02E-06,2.64E-12,0.073384934,1.301668125,0.209342305,0.000486125,1.09E-07,5.26E-07,4.51E-06,1.41E-06,6.52E-10,8.24E-09,0.297543415,0.198758968,0.805239485,0.087409801,1.35E-05,9.78E-06,0.006338858,1.58E-10,1.04E-05,0.132029141,1.34E-08,0.449350435,0.493413292,0.356949959,0.010852014,1.47E-05,1.36E-06,0.000222885,5.73E-05,7.315302669
NZE,2045,Nickel,Solar PV,2.170440028,0.653094299,2.93E-05,8.80E-06,2.40E-12,0.072798764,1.311284712,0.204957529,0.000499018,1.09E-07,5.24E-07,4.53E-06,1.42E-06,6.04E-10,7.51E-09,0.332189733,0.195814078,0.786044951,0.08532653,1.35E-05,9.81E-06,0.006371303,1.63E-10,1.05E-05,0.131400009,1.34E-08,0.447912652,0.49350748,0.357908146,0.010811462,1.44E-05,1.36E-06,0.000228254,5.65E-05,7.260626803
NZE,2050,Nickel,Solar PV,2.141702887,0.644478331,2.89E-05,8.69E-06,2.17E-12,0.072921421,1.324253276,0.202050405,0.000504519,1.09E-07,5.24E-07,4.53E-06,1.42E-06,5.82E-10,7.13E-09,0.343704084,0.195591542,0.775537085,0.084186036,1.35E-05,9.82E-06,0.006396652,1.65E-10,1.05E-05,0.131205724,1.33E-08,0.448175884,0.493522494,0.358571089,0.010784044,1.44E-05,1.38E-06,0.000234407,5.60E-05,7.233857704
NZE,2022,Nickel,Wind,3.15297914,0.949310817,4.25E-05,1.28E-05,1.23E-12,0.099895487,1.393325371,0.283196577,0.000429127,1.13E-07,5.56E-07,4.58E-06,1.38E-06,7.50E-10,1.03E-08,0.136444004,0.19716599,1.142301738,0.123997971,1.35E-05,9.72E-06,0.007160691,1.59E-10,1.44E-05,0.162045564,1.64E-08,0.588601264,0.493675324,0.354668233,0.01111378,1.85E-05,1.33E-06,0.000321302,7.76E-05,9.096674198
NZE,2030,Nickel,Wind,2.500610763,0.752032188,3.37E-05,1.01E-05,2.51E-12,0.081897801,1.309247656,0.223181289,0.000439606,1.09E-07,5.39E-07,4.49E-06,1.38E-06,7.54E-10,1.01E-08,0.17778001,0.204151716,0.905884569,0.098334334,1.35E-05,9.73E-06,0.006455425,1.45E-10,1.15E-05,0.13981544,1.42E-08,0.487361386,0.493350818,0.35508812,0.011061414,1.62E-05,1.35E-06,0.000237896,6.32E-05,7.746969948
NZE,2035,Nickel,Wind,2.297987718,0.691403915,3.10E-05,9.32E-06,2.64E-12,0.07576375,1.296172205,0.211649,0.00046267,1.09E-07,5.30E-07,4.49E-06,1.39E-06,7.13E-10,9.24E-09,0.240283468,0.203562722,0.83233501,0.090350636,1.35E-05,9.75E-06,0.006317554,1.38E-10,1.05E-05,0.133523519,1.35E-08,0.456543226,0.493328196,0.355922813,0.010943086,1.52E-05,1.36E-06,0.000221023,5.87E-05,7.396809092
NZE,2040,Nickel,Wind,2.223282979,0.668991906,3.00E-05,9.02E-06,2.64E-12,0.073384934,1.301668125,0.209342305,0.000486125,1.09E-07,5.26E-07,4.51E-06,1.41E-06,6.52E-10,8.24E-09,0.297543415,0.198758968,0.805239485,0.087409801,1.35E-05,9.78E-06,0.006338858,1.58E-10,1.04E-05,0.132029141,1.34E-08,0.449350435,0.493413292,0.356949959,0.010852014,1.47E-05,1.36E-06,0.000222885,5.73E-05,7.315302669
NZE,2045,Nickel,Wind,2.170440028,0.653094299,2.93E-05,8.80E-06,2.40E-12,0.072798764,1.311284712,0.204957529,0.000499018,1.09E-07,5.24E-07,4.53E-06,1.42E-06,6.04E-10,7.51E-09,0.332189733,0.195814078,0.786044951,0.08532653,1.35E-05,9.81E-06,0.006371303,1.63E-10,1.05E-05,0.131400009,1.34E-08,0.447912652,0.49350748,0.357908146,0.010811462,1.44E-05,1.36E-06,0.000228254,5.65E-05,7.260626803
NZE,2050,Nickel,Wind,2.141702887,0.644478331,2.89E-05,8.69E-06,2.17E-12,0.072921421,1.324253276,0.202050405,0.000504519,1.09E-07,5.24E-07,4.53E-06,1.42E-06,5.82E-10,7.13E-09,0.343704084,0.195591542,0.775537085,0.084186036,1.35E-05,9.82E-06,0.006396652,1.65E-10,1.05E-05,0.131205724,1.33E-08,0.448175884,0.493522494,0.358571089,0.010784044,1.44E-05,1.38E-06,0.000234407,5.60E-05,7.233857704
NZE,2022,Nickel,Other low emissions power generation,5.90411755,1.825783952,7.96E-05,2.46E-05,4.24E-12,31.91276245,10.42956485,1.12624479,0.011966773,8.97E-07,2.65E-06,8.98E-06,2.47E-06,1.21E-08,1.21E-07,0.339418916,0.679423646,2.18009981,0.236630217,0.000144424,0.000102844,0.036341593,3.92E-10,0.000351099,0.457329537,4.60E-08,75.13088774,5.271481588,3.753822347,0.005449065,0.000506019,5.96E-05,0.001974821,0.000530023,139.3040507
NZE,2030,Nickel,Other low emissions power generation,5.173722104,1.604176773,6.97E-05,2.16E-05,8.43E-12,31.82308831,10.34257293,1.061685183,0.011945503,8.93E-07,2.61E-06,8.90E-06,2.48E-06,1.21E-08,1.20E-07,0.380632084,0.683424917,1.915590956,0.207917359,0.000144273,0.000102778,0.035575302,3.78E-10,0.000348127,0.430598039,4.33E-08,74.86302315,5.265980643,3.751397704,0.005417624,0.000500997,5.94E-05,0.001891848,0.000513888,137.5593862
NZE,2035,Nickel,Other low emissions power generation,4.698770563,1.459921402,6.33E-05,1.97E-05,8.56E-12,30.81434369,10.0448165,1.014942497,0.01161129,8.67E-07,2.52E-06,8.69E-06,2.47E-06,1.16E-08,1.15E-07,0.469942564,0.661824071,1.742364961,0.189115113,0.000140071,9.99E-05,0.03444757,3.56E-10,0.000336625,0.409049764,4.11E-08,72.482784,5.112610568,3.644539534,0.005167256,0.000483842,5.75E-05,0.001823745,0.000491825,132.7987966
NZE,2040,Nickel,Other low emissions power generation,4.317948332,1.343649764,5.82E-05,1.81E-05,8.29E-12,29.61945474,9.711752992,0.971920495,0.011265205,8.38E-07,2.44E-06,8.49E-06,2.47E-06,1.11E-08,1.10E-07,0.590455374,0.631673266,1.602710435,0.173957723,0.000134879,9.62E-05,0.033343878,4.11E-10,0.000323668,0.390636472,3.93E-08,69.67563363,4.923103907,3.512450794,0.004938962,0.000466773,5.56E-05,0.001768384,0.000469918,127.5173601
NZE,2045,Nickel,Other low emissions power generation,3.801628552,1.183937425,5.12E-05,1.60E-05,6.91E-12,27.09045593,8.885768967,0.870020732,0.010313083,7.65E-07,2.25E-06,7.83E-06,2.34E-06,1.01E-08,9.99E-08,0.625997412,0.575462547,1.411984132,0.153256782,0.000122736,8.76E-05,0.030529295,3.92E-10,0.000296122,0.354480312,3.57E-08,63.72242678,4.479887639,3.198862096,0.004530052,0.000426313,5.08E-05,0.001630585,0.000427395,116.401807
NZE,2050,Nickel,Other low emissions power generation,3.346541875,1.042605501,4.51E-05,1.41E-05,5.60E-12,24.23170007,7.983924385,0.769941291,0.009204913,6.85E-07,2.04E-06,7.03E-06,2.16E-06,9.04E-09,8.90E-08,0.592671755,0.51882878,1.243432609,0.13496236,0.00010969,7.84E-05,0.027353722,3.57E-10,0.000264967,0.317023009,3.20E-08,57.00281304,4.003687346,2.860462969,0.004073411,0.00038018,4.53E-05,0.001472779,0.000381433,104.0912663
NZE,2022,Nickel,Electric vehicles,5.90411755,1.825783952,7.96E-05,2.46E-05,4.24E-12,31.91276245,10.42956485,1.12624479,0.011966773,8.97E-07,2.65E-06,8.98E-06,2.47E-06,1.21E-08,1.21E-07,0.339418916,0.679423646,2.18009981,0.236630217,0.000144424,0.000102844,0.036341593,3.92E-10,0.000351099,0.457329537,4.60E-08,75.13088774,5.271481588,3.753822347,0.005449065,0.000506019,5.96E-05,0.001974821,0.000530023,139.3040507
NZE,2030,Nickel,Electric vehicles,5.173722104,1.604176773,6.97E-05,2.16E-05,8.43E-12,31.82308831,10.34257293,1.061685183,0.011945503,8.93E-07,2.61E-06,8.90E-06,2.48E-06,1.21E-08,1.20E-07,0.380632084,0.683424917,1.915590956,0.207917359,0.000144273,0.000102778,0.035575302,3.78E-10,0.000348127,0.430598039,4.33E-08,74.86302315,5.265980643,3.751397704,0.005417624,0.000500997,5.94E-05,0.001891848,0.000513888,137.5593862
NZE,2035,Nickel,Electric vehicles,4.698770563,1.459921402,6.33E-05,1.97E-05,8.56E-12,30.81434369,10.0448165,1.014942497,0.01161129,8.67E-07,2.52E-06,8.69E-06,2.47E-06,1.16E-08,1.15E-07,0.469942564,0.661824071,1.742364961,0.189115113,0.000140071,9.99E-05,0.03444757,3.56E-10,0.000336625,0.409049764,4.11E-08,72.482784,5.112610568,3.644539534,0.005167256,0.000483842,5.75E-05,0.001823745,0.000491825,132.7987966
NZE,2040,Nickel,Electric vehicles,4.317948332,1.343649764,5.82E-05,1.81E-05,8.29E-12,29.61945474,9.711752992,0.971920495,0.011265205,8.38E-07,2.44E-06,8.49E-06,2.47E-06,1.11E-08,1.10E-07,0.590455374,0.631673266,1.602710435,0.173957723,0.000134879,9.62E-05,0.033343878,4.11E-10,0.000323668,0.390636472,3.93E-08,69.67563363,4.923103907,3.512450794,0.004938962,0.000466773,5.56E-05,0.001768384,0.000469918,127.5173601
NZE,2045,Nickel,Electric vehicles,3.801628552,1.183937425,5.12E-05,1.60E-05,6.91E-12,27.09045593,8.885768967,0.870020732,0.010313083,7.65E-07,2.25E-06,7.83E-06,2.34E-06,1.01E-08,9.99E-08,0.625997412,0.575462547,1.411984132,0.153256782,0.000122736,8.76E-05,0.030529295,3.92E-10,0.000296122,0.354480312,3.57E-08,63.72242678,4.479887639,3.198862096,0.004530052,0.000426313,5.08E-05,0.001630585,0.000427395,116.401807
NZE,2050,Nickel,Electric vehicles,3.346541875,1.042605501,4.51E-05,1.41E-05,5.60E-12,24.23170007,7.983924385,0.769941291,0.009204913,6.85E-07,2.04E-06,7.03E-06,2.16E-06,9.04E-09,8.90E-08,0.592671755,0.51882878,1.243432609,0.13496236,0.00010969,7.84E-05,0.027353722,3.57E-10,0.000264967,0.317023009,3.20E-08,57.00281304,4.003687346,2.860462969,0.004073411,0.00038018,4.53E-05,0.001472779,0.000381433,104.0912663
NZE,2022,Nickel,Grid battery storage,5.90411755,1.825783952,7.96E-05,2.46E-05,4.24E-12,31.91276245,10.42956485,1.12624479,0.011966773,8.97E-07,2.65E-06,8.98E-06,2.47E-06,1.21E-08,1.21E-07,0.339418916,0.679423646,2.18009981,0.236630217,0.000144424,0.000102844,0.036341593,3.92E-10,0.000351099,0.457329537,4.60E-08,75.13088774,5.271481588,3.753822347,0.005449065,0.000506019,5.96E-05,0.001974821,0.000530023,139.3040507
NZE,2030,Nickel,Grid battery storage,5.173722104,1.604176773,6.97E-05,2.16E-05,8.43E-12,31.82308831,10.34257293,1.061685183,0.011945503,8.93E-07,2.61E-06,8.90E-06,2.48E-06,1.21E-08,1.20E-07,0.380632084,0.683424917,1.915590956,0.207917359,0.000144273,0.000102778,0.035575302,3.78E-10,0.000348127,0.430598039,4.33E-08,74.86302315,5.265980643,3.751397704,0.005417624,0.000500997,5.94E-05,0.001891848,0.000513888,137.5593862
NZE,2035,Nickel,Grid battery storage,4.698770563,1.459921402,6.33E-05,1.97E-05,8.56E-12,30.81434369,10.0448165,1.014942497,0.01161129,8.67E-07,2.52E-06,8.69E-06,2.47E-06,1.16E-08,1.15E-07,0.469942564,0.661824071,1.742364961,0.189115113,0.000140071,9.99E-05,0.03444757,3.56E-10,0.000336625,0.409049764,4.11E-08,72.482784,5.112610568,3.644539534,0.005167256,0.000483842,5.75E-05,0.001823745,0.000491825,132.7987966
NZE,2040,Nickel,Grid battery storage,4.317948332,1.343649764,5.82E-05,1.81E-05,8.29E-12,29.61945474,9.711752992,0.971920495,0.011265205,8.38E-07,2.44E-06,8.49E-06,2.47E-06,1.11E-08,1.10E-07,0.590455374,0.631673266,1.602710435,0.173957723,0.000134879,9.62E-05,0.033343878,4.11E-10,0.000323668,0.390636472,3.93E-08,69.67563363,4.923103907,3.512450794,0.004938962,0.000466773,5.56E-05,0.001768384,0.000469918,127.5173601
NZE,2045,Nickel,Grid battery storage,3.801628552,1.183937425,5.12E-05,1.60E-05,6.91E-12,27.09045593,8.885768967,0.870020732,0.010313083,7.65E-07,2.25E-06,7.83E-06,2.34E-06,1.01E-08,9.99E-08,0.625997412,0.575462547,1.411984132,0.153256782,0.000122736,8.76E-05,0.030529295,3.92E-10,0.000296122,0.354480312,3.57E-08,63.72242678,4.479887639,3.198862096,0.004530052,0.000426313,5.08E-05,0.001630585,0.000427395,116.401807
NZE,2050,Nickel,Grid battery storage,3.346541875,1.042605501,4.51E-05,1.41E-05,5.60E-12,24.23170007,7.983924385,0.769941291,0.009204913,6.85E-07,2.04E-06,7.03E-06,2.16E-06,9.04E-09,8.90E-08,0.592671755,0.51882878,1.243432609,0.13496236,0.00010969,7.84E-05,0.027353722,3.57E-10,0.000264967,0.317023009,3.20E-08,57.00281304,4.003687346,2.860462969,0.004073411,0.00038018,4.53E-05,0.001472779,0.000381433,104.0912663
NZE,2022,Nickel,Hydrogen technologies,5.90411755,1.825783952,7.96E-05,2.46E-05,4.24E-12,31.91276245,10.42956485,1.12624479,0.011966773,8.97E-07,2.65E-06,8.98E-06,2.47E-06,1.21E-08,1.21E-07,0.339418916,0.679423646,2.18009981,0.236630217,0.000144424,0.000102844,0.036341593,3.92E-10,0.000351099,0.457329537,4.60E-08,75.13088774,5.271481588,3.753822347,0.005449065,0.000506019,5.96E-05,0.001974821,0.000530023,139.3040507
NZE,2030,Nickel,Hydrogen technologies,5.173722104,1.604176773,6.97E-05,2.16E-05,8.43E-12,31.82308831,10.34257293,1.061685183,0.011945503,8.93E-07,2.61E-06,8.90E-06,2.48E-06,1.21E-08,1.20E-07,0.380632084,0.683424917,1.915590956,0.207917359,0.000144273,0.000102778,0.035575302,3.78E-10,0.000348127,0.430598039,4.33E-08,74.86302315,5.265980643,3.751397704,0.005417624,0.000500997,5.94E-05,0.001891848,0.000513888,137.5593862
NZE,2035,Nickel,Hydrogen technologies,4.698770563,1.459921402,6.33E-05,1.97E-05,8.56E-12,30.81434369,10.0448165,1.014942497,0.01161129,8.67E-07,2.52E-06,8.69E-06,2.47E-06,1.16E-08,1.15E-07,0.469942564,0.661824071,1.742364961,0.189115113,0.000140071,9.99E-05,0.03444757,3.56E-10,0.000336625,0.409049764,4.11E-08,72.482784,5.112610568,3.644539534,0.005167256,0.000483842,5.75E-05,0.001823745,0.000491825,132.7987966
NZE,2040,Nickel,Hydrogen technologies,4.317948332,1.343649764,5.82E-05,1.81E-05,8.29E-12,29.61945474,9.711752992,0.971920495,0.011265205,8.38E-07,2.44E-06,8.49E-06,2.47E-06,1.11E-08,1.10E-07,0.590455374,0.631673266,1.602710435,0.173957723,0.000134879,9.62E-05,0.033343878,4.11E-10,0.000323668,0.390636472,3.93E-08,69.67563363,4.923103907,3.512450794,0.004938962,0.000466773,5.56E-05,0.001768384,0.000469918,127.5173601
NZE,2045,Nickel,Hydrogen technologies,3.801628552,1.183937425,5.12E-05,1.60E-05,6.91E-12,27.09045593,8.885768967,0.870020732,0.010313083,7.65E-07,2.25E-06,7.83E-06,2.34E-06,1.01E-08,9.99E-08,0.625997412,0.575462547,1.411984132,0.153256782,0.000122736,8.76E-05,0.030529295,3.92E-10,0.000296122,0.354480312,3.57E-08,63.72242678,4.479887639,3.198862096,0.004530052,0.000426313,5.08E-05,0.001630585,0.000427395,116.401807
NZE,2050,Nickel,Hydrogen technologies,3.346541875,1.042605501,4.51E-05,1.41E-05,5.60E-12,24.23170007,7.983924385,0.769941291,0.009204913,6.85E-07,2.04E-06,7.03E-06,2.16E-06,9.04E-09,8.90E-08,0.592671755,0.51882878,1.243432609,0.13496236,0.00010969,7.84E-05,0.027353722,3.57E-10,0.000264967,0.317023009,3.20E-08,57.00281304,4.003687346,2.860462969,0.004073411,0.00038018,4.53E-05,0.001472779,0.000381433,104.0912663
NZE,2022,Niobium,Other low emissions power generation,4.2714002,1.271457404,5.76E-05,1.71E-05,1.92E-12,0.134563459,1.582491299,0.283461308,0.00037215,6.85E-08,2.77E-05,2.11E-06,9.36E-07,1.34E-09,1.55E-08,0.542107149,1.042713295,1.488275804,0.161548532,1.30E-06,1.14E-06,0.008182031,2.25E-10,1.27E-05,0.266925586,2.69E-08,0.976124604,0.047359935,0.041646255,0.004679564,8.17E-05,3.13E-06,0.000506577,0.0001214,12.1238994
NZE,2030,Niobium,Other low emissions power generation,3.032174078,0.897271236,4.09E-05,1.21E-05,3.98E-12,0.11959807,1.425790688,0.210079332,0.000386176,6.36E-08,2.77E-05,2.00E-06,9.51E-07,1.02E-09,1.23E-08,0.517920462,1.095087479,1.039095927,0.112788958,1.26E-06,1.14E-06,0.007079706,1.72E-10,1.02E-05,0.220096916,2.22E-08,0.873347361,0.046121967,0.041766243,0.003722253,6.31E-05,2.53E-06,0.000410173,9.64E-05,9.642802604
NZE,2035,Niobium,Other low emissions power generation,2.690669873,0.794260346,3.63E-05,1.07E-05,4.27E-12,0.1159855,1.408688886,0.192638868,0.000415626,6.34E-08,2.77E-05,2.01E-06,9.73E-07,7.87E-10,9.79E-09,0.540395392,1.113574502,0.915171086,0.099336918,1.26E-06,1.18E-06,0.006946959,1.56E-10,9.64E-06,0.209739077,2.12E-08,0.852165336,0.046018452,0.042958401,0.002993282,5.16E-05,2.14E-06,0.000397457,8.95E-05,9.032410057
NZE,2040,Niobium,Other low emissions power generation,2.57630282,0.759760784,3.47E-05,1.02E-05,4.25E-12,0.114846142,1.417615073,0.188391271,0.000453071,6.41E-08,2.77E-05,2.05E-06,9.94E-07,6.41E-10,8.19E-09,0.611340781,1.111214069,0.873676822,0.0948331,1.27E-06,1.22E-06,0.00702071,1.75E-10,9.63E-06,0.20832991,2.11E-08,0.849134675,0.046242055,0.044487405,0.002587932,4.53E-05,1.93E-06,0.000403101,8.73E-05,8.906687528
NZE,2045,Niobium,Other low emissions power generation,2.479355035,0.730772849,3.34E-05,9.85E-06,3.82E-12,0.114410474,1.426827467,0.183415011,0.000482362,6.40E-08,2.77E-05,2.06E-06,9.97E-07,5.53E-10,7.23E-09,0.685467139,1.106239,0.838466886,0.091011348,1.27E-06,1.26E-06,0.007095929,1.77E-10,9.67E-06,0.207777984,2.10E-08,0.847952233,0.046443828,0.045931636,0.002383987,4.19E-05,1.82E-06,0.000411435,8.56E-05,8.814489116
NZE,2050,Niobium,Other low emissions power generation,2.420344346,0.713172714,3.26E-05,9.61E-06,3.42E-12,0.114222416,1.434364042,0.178948394,0.000497377,6.37E-08,2.77E-05,2.05E-06,9.91E-07,5.04E-10,6.68E-09,0.721243229,1.103384379,0.816991156,0.088680279,1.27E-06,1.28E-06,0.007140567,1.75E-10,9.70E-06,0.207543119,2.10E-08,0.847049291,0.04644567,0.046847381,0.002251047,3.98E-05,1.75E-06,0.000418115,8.45E-05,8.749585909
NZE,2022,PGMs,Hydrogen technologies,16257.99222,5048.200087,0.219108512,0.068034454,8.99E-09,51224.15765,326612.3707,809.9089336,2.085660165,0.000248525,0.003217951,0.007452815,0.00286724,2.18E-06,3.94E-05,1048.92531,29423.39144,5760.780705,625.3330335,0.004385648,0.005500592,293.8729679,1.17E-06,0.620570533,7246.703029,0.000733917,128422.9945,160.1011419,200.7716208,7.199348686,0.209920604,0.006865283,9.052415447,0.929139761,573154.0569
NZE,2030,PGMs,Hydrogen technologies,8684.942889,2837.10937,0.117046736,0.038235645,1.87E-08,51125.37931,324586.2317,671.9774078,1.84675997,0.000140952,0.00314555,0.004491817,0.002650739,1.70E-06,2.85E-05,1173.239733,29490.14129,3005.801939,326.2737089,0.004280603,0.005660777,289.3089392,9.52E-07,0.601911796,6954.420016,0.000704046,126905.3646,156.2597604,206.6183475,6.633458078,0.183346086,0.006059993,8.821012076,0.77441672,556430.5597
NZE,2035,PGMs,Hydrogen technologies,6227.172039,2105.228265,0.083923426,0.028372103,2.02E-08,51077.9414,324230.1114,599.2347598,2.002004907,0.000123217,0.00317503,0.004058507,0.002714996,1.38E-06,2.20E-05,1646.591266,29538.47161,2113.59208,229.4228977,0.004246101,0.005947477,288.3318596,7.53E-07,0.596535568,6851.077221,0.000693766,126516.9992,154.9991367,217.0829216,5.604563651,0.15700834,0.005537294,8.812726877,0.725156634,551812.8386
NZE,2040,PGMs,Hydrogen technologies,5433.108753,1856.101384,0.073221857,0.025014627,2.05E-08,51050.48343,324325.6464,541.9792808,2.390618608,0.000128139,0.003202971,0.004280253,0.002861511,1.16E-06,1.80E-05,2648.364034,29537.79806,1827.396494,198.3570056,0.004318768,0.006335396,288.5154136,7.17E-07,0.594838829,6804.575855,0.000689316,126423.6374,157.651919,231.241936,4.786827867,0.134950329,0.005116014,8.903283545,0.709372257,551341.0798
NZE,2045,PGMs,Hydrogen technologies,4881.57836,1680.904635,0.065788897,0.022653505,1.90E-08,51050.08026,324666.0257,488.3300121,2.80785693,0.000136542,0.003294242,0.004632058,0.003086922,1.14E-06,1.75E-05,3759.546776,29561.10927,1627.765158,176.6877373,0.004485585,0.006913653,289.1872695,7.01E-07,0.594301286,6781.968543,0.000687298,126414.8759,163.7414239,252.3483208,4.570015946,0.121814771,0.005021875,9.098280521,0.699620845,551810.7548
NZE,2050,PGMs,Hydrogen technologies,4392.438235,1526.023939,0.059196769,0.020566182,1.80E-08,51068.60707,325353.5476,453.1434281,3.062743532,0.000151758,0.003467506,0.005207415,0.003441786,1.74E-06,2.41E-05,4294.113915,29658.36553,1448.045834,157.1793574,0.004701042,0.007609099,290.0634979,6.89E-07,0.594069538,6768.285695,0.00068616,126470.6996,171.6064347,277.7320992,4.732209235,0.11865191,0.005998981,9.378755387,0.69281088,552347.153
NZE,2022,Praseodymium,Wind,59.55308289,18.303931,0.000802595,0.000246682,2.76E-11,2.105778196,56.43942604,6.312261169,0.082587932,1.32E-06,5.57E-05,4.80E-05,5.92E-05,5.57E-07,3.13E-06,33.53365929,56.48910632,21.46565509,2.330112426,0.000112689,9.10E-05,58.0161119,6.93E-09,0.000171606,4.140987263,4.19E-07,15.92319228,4.113490263,3.321684131,0.024772495,0.000762261,3.90E-05,0.088873013,0.001427678,342.2456794
NZE,2030,Praseodymium,Wind,46.84969503,14.42713469,0.000631392,0.000194434,5.57E-11,1.88243194,54.78989799,4.780474646,0.082602162,1.24E-06,5.54E-05,4.60E-05,5.92E-05,5.56E-07,3.12E-06,33.87260247,56.65720204,16.86701357,1.830918876,0.000112528,9.12E-05,58.00246032,6.73E-09,0.000133642,3.741740159,3.79E-07,14.22331044,4.107624872,3.329469331,0.024144737,0.000704036,3.88E-05,0.087239948,0.001163621,315.5568726
NZE,2035,Praseodymium,Wind,43.37460033,13.37961889,0.000584558,0.000180317,5.85E-11,1.825656199,54.61144576,4.50680659,0.082991961,1.24E-06,5.52E-05,4.60E-05,5.94E-05,5.55E-07,3.11E-06,34.92913774,56.62776893,15.60664295,1.694106669,0.000112547,9.17E-05,58.00053741,6.59E-09,0.000126436,3.649532788,3.69E-07,13.86065461,4.108316752,3.34663783,0.021606006,0.000680103,3.88E-05,0.087053233,0.001095421,309.7140005
NZE,2040,Praseodymium,Wind,41.19238467,12.7242188,0.000555149,0.000171484,5.85E-11,1.806778102,54.75831094,4.424740778,0.083680613,1.25E-06,5.51E-05,4.65E-05,5.97E-05,5.55E-07,3.10E-06,36.95256244,56.51118008,14.81469219,1.608144936,0.000112728,9.25E-05,58.0012575,6.81E-09,0.000126162,3.616165325,3.67E-07,13.78554479,4.114906199,3.375532442,0.020526576,0.000667827,3.89E-05,0.087204934,0.001057696,307.8787058
NZE,2045,Praseodymium,Wind,39.59613476,12.24490578,0.000533636,0.000165024,5.33E-11,1.804247291,55.16263291,4.278450987,0.083998798,1.25E-06,5.52E-05,4.68E-05,5.98E-05,5.55E-07,3.10E-06,37.86147404,56.48542237,14.23326022,1.545034157,0.000112907,9.32E-05,58.00224606,6.92E-09,0.000126873,3.603411539,3.66E-07,13.78394461,4.121472997,3.402463082,0.021480147,0.000664993,3.90E-05,0.087424841,0.001031119,306.3188771
NZE,2050,Praseodymium,Wind,38.6339018,11.95716042,0.000520668,0.000161146,4.86E-11,1.801831672,55.67496915,4.176072245,0.084128059,1.26E-06,5.52E-05,4.71E-05,6.00E-05,5.55E-07,3.11E-06,38.126564,56.52396831,13.88093171,1.5067904,0.000113034,9.38E-05,57.99777535,7.01E-09,0.000126595,3.481371351,3.53E-07,13.68285692,4.126075668,3.422950538,0.022997099,0.000666121,3.93E-05,0.087659449,0.001014727,305.1888785
NZE,2022,Praseodymium,Electric vehicles,59.55308289,18.303931,0.000802595,0.000246682,2.76E-11,2.105778196,56.43942604,6.312261169,0.082587932,1.32E-06,5.57E-05,4.80E-05,5.92E-05,5.57E-07,3.13E-06,33.53365929,56.48910632,21.46565509,2.330112426,0.000112689,9.10E-05,58.0161119,6.93E-09,0.000171606,4.140987263,4.19E-07,15.92319228,4.113490263,3.321684131,0.024772495,0.000762261,3.90E-05,0.088873013,0.001427678,342.2456794
NZE,2030,Praseodymium,Electric vehicles,46.84969503,14.42713469,0.000631392,0.000194434,5.57E-11,1.88243194,54.78989799,4.780474646,0.082602162,1.24E-06,5.54E-05,4.60E-05,5.92E-05,5.56E-07,3.12E-06,33.87260247,56.65720204,16.86701357,1.830918876,0.000112528,9.12E-05,58.00246032,6.73E-09,0.000133642,3.741740159,3.79E-07,14.22331044,4.107624872,3.329469331,0.024144737,0.000704036,3.88E-05,0.087239948,0.001163621,315.5568726
NZE,2035,Praseodymium,Electric vehicles,43.37460033,13.37961889,0.000584558,0.000180317,5.85E-11,1.825656199,54.61144576,4.50680659,0.082991961,1.24E-06,5.52E-05,4.60E-05,5.94E-05,5.55E-07,3.11E-06,34.92913774,56.62776893,15.60664295,1.694106669,0.000112547,9.17E-05,58.00053741,6.59E-09,0.000126436,3.649532788,3.69E-07,13.86065461,4.108316752,3.34663783,0.021606006,0.000680103,3.88E-05,0.087053233,0.001095421,309.7140005
NZE,2040,Praseodymium,Electric vehicles,41.19238467,12.7242188,0.000555149,0.000171484,5.85E-11,1.806778102,54.75831094,4.424740778,0.083680613,1.25E-06,5.51E-05,4.65E-05,5.97E-05,5.55E-07,3.10E-06,36.95256244,56.51118008,14.81469219,1.608144936,0.000112728,9.25E-05,58.0012575,6.81E-09,0.000126162,3.616165325,3.67E-07,13.78554479,4.114906199,3.375532442,0.020526576,0.000667827,3.89E-05,0.087204934,0.001057696,307.8787058
NZE,2045,Praseodymium,Electric vehicles,39.59613476,12.24490578,0.000533636,0.000165024,5.33E-11,1.804247291,55.16263291,4.278450987,0.083998798,1.25E-06,5.52E-05,4.68E-05,5.98E-05,5.55E-07,3.10E-06,37.86147404,56.48542237,14.23326022,1.545034157,0.000112907,9.32E-05,58.00224606,6.92E-09,0.000126873,3.603411539,3.66E-07,13.78394461,4.121472997,3.402463082,0.021480147,0.000664993,3.90E-05,0.087424841,0.001031119,306.3188771
NZE,2050,Praseodymium,Electric vehicles,38.6339018,11.95716042,0.000520668,0.000161146,4.86E-11,1.801831672,55.67496915,4.176072245,0.084128059,1.26E-06,5.52E-05,4.71E-05,6.00E-05,5.55E-07,3.11E-06,38.126564,56.52396831,13.88093171,1.5067904,0.000113034,9.38E-05,57.99777535,7.01E-09,0.000126595,3.481371351,3.53E-07,13.68285692,4.126075668,3.422950538,0.022997099,0.000666121,3.93E-05,0.087659449,0.001014727,305.1888785
NZE,2022,Selenium,Solar PV,21.45119604,6.58298934,0.000289097,8.87E-05,1.61E-11,19.84191316,181.3700817,3.082793923,0.008394472,2.79E-05,5.68E-05,0.000967627,0.000675095,1.60E-08,2.01E-07,7.04208793,13.74566718,7.666271011,0.832170645,0.000207591,0.000235907,0.251423771,1.09E-09,0.00056463,4.453206614,4.54E-07,96.75204505,7.577384768,8.610614363,0.022247348,0.000789073,5.20E-05,0.004171096,0.002722491,379.295889
NZE,2030,Selenium,Solar PV,11.75801731,3.656250134,0.000158462,4.93E-05,3.28E-11,18.88862168,180.0936174,2.250549897,0.008421929,2.78E-05,5.65E-05,0.000966102,0.000675109,1.54E-08,1.91E-07,7.165492426,13.87373328,4.153468536,0.450847696,0.000207427,0.000236046,0.240686315,8.47E-10,0.000520056,4.11303045,4.20E-07,93.75438853,7.571378654,8.615669316,0.020999493,0.0007419,5.17E-05,0.002940754,0.00250567,356.6192971
NZE,2035,Selenium,Solar PV,8.897979947,2.79841324,0.000119918,3.77E-05,3.46E-11,18.78212088,179.8824279,2.082752984,0.008605984,2.78E-05,5.64E-05,0.000966014,0.000675248,1.42E-08,1.73E-07,7.526335743,13.88081785,3.115772909,0.338206472,0.000207368,0.000236327,0.238565084,7.61E-10,0.000508285,4.020668284,4.10E-07,93.29920212,7.569231691,8.625947649,0.018861499,0.000718558,5.15E-05,0.002696789,0.002443516,351.0897671
NZE,2040,Selenium,Solar PV,7.990818223,2.525214326,0.000107692,3.40E-05,3.46E-11,18.73164217,179.9166228,2.044957636,0.008836547,2.78E-05,5.64E-05,0.000966285,0.000675429,1.29E-08,1.54E-07,8.011416594,13.81936771,2.787118063,0.302535051,0.000207348,0.00023664,0.238705742,9.79E-10,0.000506801,3.999289184,4.08E-07,93.15693758,7.568489893,8.637371604,0.017431903,0.000704779,5.13E-05,0.002707211,0.002426341,349.7606089
NZE,2045,Selenium,Solar PV,7.392193706,2.344821261,9.96E-05,3.16E-05,3.13E-11,18.71813215,180.0121638,2.004713925,0.008968197,2.78E-05,5.64E-05,0.00096639,0.000675492,1.20E-08,1.41E-07,8.339341137,13.77705893,2.570113358,0.278982268,0.000207338,0.000236929,0.239002421,1.02E-09,0.000506994,3.991114659,4.08E-07,93.11853198,7.568124218,8.647917512,0.01680804,0.000698331,5.12E-05,0.002765355,0.002416062,349.0318934
NZE,2050,Selenium,Solar PV,7.047296403,2.240977433,9.50E-05,3.02E-05,2.83E-11,18.71827745,180.1496668,1.977171634,0.009022655,2.78E-05,5.64E-05,0.000966435,0.000675498,1.15E-08,1.33E-07,8.429381752,13.76680654,2.444403465,0.265337798,0.000207312,0.000237134,0.239220376,1.02E-09,0.000507109,3.988080152,4.08E-07,93.11425204,7.567180806,8.655397179,0.016430706,0.00069524,5.13E-05,0.002834381,0.002410269,348.6328751
NZE,2022,Silicon,Solar PV,4.109480709,1.262413405,5.54E-05,1.70E-05,1.66E-12,0.137401052,0.946416078,0.539390859,0.000283523,2.65E-08,9.24E-06,7.78E-07,1.97E-07,1.11E-09,1.82E-08,0.465248708,0.097942227,1.483395004,0.161025371,4.20E-07,3.60E-07,0.006846849,1.10E-10,9.58E-06,0.18472112,1.87E-08,0.875101964,0.015347537,0.01312974,0.002730525,2.88E-05,4.78E-07,0.000761144,9.27E-05,10.30166542
NZE,2030,Silicon,Solar PV,2.395230293,0.741315795,3.23E-05,9.99E-06,3.46E-12,0.080841807,0.730552887,0.341549649,0.000267043,1.32E-08,9.22E-06,4.15E-07,1.73E-07,1.04E-09,1.73E-08,0.470561954,0.116876588,0.862503659,0.093626076,3.97E-07,3.73E-07,0.005112047,7.97E-11,4.34E-06,0.136670815,1.38E-08,0.493654401,0.014499044,0.0136055,0.002633685,2.01E-05,4.41E-07,0.0004972,5.69E-05,6.500019384
NZE,2035,Silicon,Solar PV,2.018961668,0.627821991,2.72E-05,8.46E-06,3.65E-12,0.063173894,0.702225021,0.307979642,0.000279114,1.14E-08,9.22E-06,3.76E-07,1.83E-07,8.88E-10,1.49E-08,0.493882386,0.116705659,0.726045594,0.078813344,3.85E-07,3.96E-07,0.004841411,6.86E-11,3.38E-06,0.127039879,1.28E-08,0.403279574,0.014060297,0.01443603,0.002241389,1.59E-05,4.30E-07,0.000452574,4.93E-05,5.702256179
NZE,2040,Silicon,Solar PV,1.939708213,0.603951417,2.61E-05,8.14E-06,3.63E-12,0.056914181,0.698198923,0.3041871,0.000290357,1.15E-08,9.21E-06,3.86E-07,1.93E-07,7.65E-10,1.30E-08,0.517081948,0.108997621,0.697314006,0.075694671,3.76E-07,4.12E-07,0.004819156,7.70E-11,3.25E-06,0.125077536,1.26E-08,0.386303224,0.013725959,0.015028699,0.002016398,1.33E-05,4.24E-07,0.000449869,4.78E-05,5.549773441
NZE,2045,Silicon,Solar PV,1.905254953,0.593580124,2.57E-05,8.00E-06,3.26E-12,0.055293686,0.700205318,0.301500076,0.000293093,1.16E-08,9.21E-06,3.93E-07,1.98E-07,6.90E-10,1.19E-08,0.525371797,0.102762342,0.684818821,0.074338446,3.69E-07,4.26E-07,0.004811277,7.82E-11,3.22E-06,0.124313137,1.26E-08,0.381839002,0.0134794,0.015537548,0.001920462,1.21E-05,4.22E-07,0.000450911,4.72E-05,5.485783288
NZE,2050,Silicon,Solar PV,1.893854362,0.590134949,2.55E-05,7.95E-06,2.93E-12,0.055302272,0.703440902,0.299593326,0.000292679,1.17E-08,9.21E-06,3.97E-07,2.00E-07,6.45E-10,1.12E-08,0.524830959,0.098910179,0.68067146,0.073888313,3.62E-07,4.35E-07,0.004807289,7.72E-11,3.22E-06,0.12404572,1.25E-08,0.381825987,0.013231569,0.015865474,0.001870128,1.13E-05,4.25E-07,0.000452985,4.70E-05,5.463030691
NZE,2022,Silicon,Electric vehicles,4.109480709,1.262413405,5.54E-05,1.70E-05,1.66E-12,0.137401052,0.946416078,0.539390859,0.000283523,2.65E-08,9.24E-06,7.78E-07,1.97E-07,1.11E-09,1.82E-08,0.465248708,0.097942227,1.483395004,0.161025371,4.20E-07,3.60E-07,0.006846849,1.10E-10,9.58E-06,0.18472112,1.87E-08,0.875101964,0.015347537,0.01312974,0.002730525,2.88E-05,4.78E-07,0.000761144,9.27E-05,10.30166542
NZE,2030,Silicon,Electric vehicles,2.395230293,0.741315795,3.23E-05,9.99E-06,3.46E-12,0.080841807,0.730552887,0.341549649,0.000267043,1.32E-08,9.22E-06,4.15E-07,1.73E-07,1.04E-09,1.73E-08,0.470561954,0.116876588,0.862503659,0.093626076,3.97E-07,3.73E-07,0.005112047,7.97E-11,4.34E-06,0.136670815,1.38E-08,0.493654401,0.014499044,0.0136055,0.002633685,2.01E-05,4.41E-07,0.0004972,5.69E-05,6.500019384
NZE,2035,Silicon,Electric vehicles,2.018961668,0.627821991,2.72E-05,8.46E-06,3.65E-12,0.063173894,0.702225021,0.307979642,0.000279114,1.14E-08,9.22E-06,3.76E-07,1.83E-07,8.88E-10,1.49E-08,0.493882386,0.116705659,0.726045594,0.078813344,3.85E-07,3.96E-07,0.004841411,6.86E-11,3.38E-06,0.127039879,1.28E-08,0.403279574,0.014060297,0.01443603,0.002241389,1.59E-05,4.30E-07,0.000452574,4.93E-05,5.702256179
NZE,2040,Silicon,Electric vehicles,1.939708213,0.603951417,2.61E-05,8.14E-06,3.63E-12,0.056914181,0.698198923,0.3041871,0.000290357,1.15E-08,9.21E-06,3.86E-07,1.93E-07,7.65E-10,1.30E-08,0.517081948,0.108997621,0.697314006,0.075694671,3.76E-07,4.12E-07,0.004819156,7.70E-11,3.25E-06,0.125077536,1.26E-08,0.386303224,0.013725959,0.015028699,0.002016398,1.33E-05,4.24E-07,0.000449869,4.78E-05,5.549773441
NZE,2045,Silicon,Electric vehicles,1.905254953,0.593580124,2.57E-05,8.00E-06,3.26E-12,0.055293686,0.700205318,0.301500076,0.000293093,1.16E-08,9.21E-06,3.93E-07,1.98E-07,6.90E-10,1.19E-08,0.525371797,0.102762342,0.684818821,0.074338446,3.69E-07,4.26E-07,0.004811277,7.82E-11,3.22E-06,0.124313137,1.26E-08,0.381839002,0.0134794,0.015537548,0.001920462,1.21E-05,4.22E-07,0.000450911,4.72E-05,5.485783288
NZE,2050,Silicon,Electric vehicles,1.893854362,0.590134949,2.55E-05,7.95E-06,2.93E-12,0.055302272,0.703440902,0.299593326,0.000292679,1.17E-08,9.21E-06,3.97E-07,2.00E-07,6.45E-10,1.12E-08,0.524830959,0.098910179,0.68067146,0.073888313,3.62E-07,4.35E-07,0.004807289,7.72E-11,3.22E-06,0.12404572,1.25E-08,0.381825987,0.013231569,0.015865474,0.001870128,1.13E-05,4.25E-07,0.000452985,4.70E-05,5.463030691
NZE,2022,Silicon,Grid battery storage,4.109480709,1.262413405,5.54E-05,1.70E-05,1.66E-12,0.137401052,0.946416078,0.539390859,0.000283523,2.65E-08,9.24E-06,7.78E-07,1.97E-07,1.11E-09,1.82E-08,0.465248708,0.097942227,1.483395004,0.161025371,4.20E-07,3.60E-07,0.006846849,1.10E-10,9.58E-06,0.18472112,1.87E-08,0.875101964,0.015347537,0.01312974,0.002730525,2.88E-05,4.78E-07,0.000761144,9.27E-05,10.30166542
NZE,2030,Silicon,Grid battery storage,2.395230293,0.741315795,3.23E-05,9.99E-06,3.46E-12,0.080841807,0.730552887,0.341549649,0.000267043,1.32E-08,9.22E-06,4.15E-07,1.73E-07,1.04E-09,1.73E-08,0.470561954,0.116876588,0.862503659,0.093626076,3.97E-07,3.73E-07,0.005112047,7.97E-11,4.34E-06,0.136670815,1.38E-08,0.493654401,0.014499044,0.0136055,0.002633685,2.01E-05,4.41E-07,0.0004972,5.69E-05,6.500019384
NZE,2035,Silicon,Grid battery storage,2.018961668,0.627821991,2.72E-05,8.46E-06,3.65E-12,0.063173894,0.702225021,0.307979642,0.000279114,1.14E-08,9.22E-06,3.76E-07,1.83E-07,8.88E-10,1.49E-08,0.493882386,0.116705659,0.726045594,0.078813344,3.85E-07,3.96E-07,0.004841411,6.86E-11,3.38E-06,0.127039879,1.28E-08,0.403279574,0.014060297,0.01443603,0.002241389,1.59E-05,4.30E-07,0.000452574,4.93E-05,5.702256179
NZE,2040,Silicon,Grid battery storage,1.939708213,0.603951417,2.61E-05,8.14E-06,3.63E-12,0.056914181,0.698198923,0.3041871,0.000290357,1.15E-08,9.21E-06,3.86E-07,1.93E-07,7.65E-10,1.30E-08,0.517081948,0.108997621,0.697314006,0.075694671,3.76E-07,4.12E-07,0.004819156,7.70E-11,3.25E-06,0.125077536,1.26E-08,0.386303224,0.013725959,0.015028699,0.002016398,1.33E-05,4.24E-07,0.000449869,4.78E-05,5.549773441
NZE,2045,Silicon,Grid battery storage,1.905254953,0.593580124,2.57E-05,8.00E-06,3.26E-12,0.055293686,0.700205318,0.301500076,0.000293093,1.16E-08,9.21E-06,3.93E-07,1.98E-07,6.90E-10,1.19E-08,0.525371797,0.102762342,0.684818821,0.074338446,3.69E-07,4.26E-07,0.004811277,7.82E-11,3.22E-06,0.124313137,1.26E-08,0.381839002,0.0134794,0.015537548,0.001920462,1.21E-05,4.22E-07,0.000450911,4.72E-05,5.485783288
NZE,2050,Silicon,Grid battery storage,1.893854362,0.590134949,2.55E-05,7.95E-06,2.93E-12,0.055302272,0.703440902,0.299593326,0.000292679,1.17E-08,9.21E-06,3.97E-07,2.00E-07,6.45E-10,1.12E-08,0.524830959,0.098910179,0.68067146,0.073888313,3.62E-07,4.35E-07,0.004807289,7.72E-11,3.22E-06,0.12404572,1.25E-08,0.381825987,0.013231569,0.015865474,0.001870128,1.13E-05,4.25E-07,0.000452985,4.70E-05,5.463030691
NZE,2022,Silver,Solar PV,154.2162775,47.46596299,0.002078369,0.000639697,4.97E-11,8.08493189,668.2289548,15.2671908,0.024087645,5.02E-06,0.000247143,0.000210331,0.000134297,6.31E-08,9.83E-07,22.15091155,15.22915627,55.50685123,6.025340482,3.92E-05,4.30E-05,1.342679006,7.25E-09,0.000544214,31.13225288,3.19E-06,53.27170519,1.431179804,1.570783104,0.119883923,0.001378895,6.13E-05,0.022065832,0.003924521,1081.09168
NZE,2030,Silver,Solar PV,78.54406075,24.35355363,0.001058536,0.000328212,1.05E-10,6.705176386,657.6153008,5.976084536,0.023488022,4.51E-06,0.000246069,0.000196468,0.000133546,5.62E-08,8.97E-07,23.51795372,16.47143647,28.12221114,3.052669169,3.80E-05,4.39E-05,1.265545416,5.91E-09,0.00035425,28.98325049,2.97E-06,44.85333475,1.386381736,1.60264495,0.11629066,0.001018677,5.93E-05,0.012852559,0.002384714,922.6033383
NZE,2035,Silver,Solar PV,59.73428332,18.6522504,0.000805037,0.000251376,1.14E-10,6.22461955,656.0314012,4.284229389,0.025231645,4.44E-06,0.000245705,0.000195061,0.000133849,4.68E-08,7.57E-07,28.68818739,16.66768259,21.30622531,2.312779445,3.76E-05,4.57E-05,1.254924801,5.34E-09,0.000321783,28.53592863,2.92E-06,42.88242943,1.370839588,1.669236452,0.099614198,0.000871221,5.84E-05,0.011899431,0.002019289,889.7527196
NZE,2040,Silver,Solar PV,49.58360524,15.59778442,0.000668237,0.000210211,1.15E-10,5.979571602,656.4404985,3.844121381,0.02864285,4.45E-06,0.000245735,0.000195956,0.000134549,3.99E-08,6.57E-07,38.61705141,16.47380471,17.62228319,1.912882886,3.80E-05,4.89E-05,1.257087968,5.26E-09,0.000317139,28.39103767,2.91E-06,42.14582569,1.388243603,1.786007097,0.091845749,0.000801145,5.80E-05,0.012741808,0.001837807,881.173926
NZE,2045,Silver,Solar PV,39.87476672,12.68404451,0.000537391,0.000170943,1.09E-10,5.977040153,659.316523,3.442899302,0.031819073,4.51E-06,0.000246483,0.000198235,0.00013601,3.67E-08,6.13E-07,47.88526767,16.69164369,14.08392336,1.528788912,3.93E-05,5.37E-05,1.262645001,5.00E-09,0.000318,28.32434273,2.91E-06,42.16495388,1.433865175,1.959179956,0.092860609,0.000795873,5.85E-05,0.014464168,0.001673617,876.7699187
NZE,2050,Silver,Solar PV,32.61614205,10.50537648,0.000439567,0.000141581,1.04E-10,6.121194854,664.6932195,3.163211939,0.033413145,4.61E-06,0.000247686,0.000202194,0.00013843,4.16E-08,6.62E-07,51.44375568,17.39981542,11.41819375,1.239419078,4.08E-05,5.88E-05,1.269959672,4.93E-09,0.000321655,28.33823448,2.91E-06,42.71792549,1.488385545,2.145033991,0.096841665,0.000844113,6.51E-05,0.016627132,0.001564399,874.7076953
NZE,2022,Silver,Other low emissions power generation,154.2162775,47.46596299,0.002078369,0.000639697,4.97E-11,8.08493189,668.2289548,15.2671908,0.024087645,5.02E-06,0.000247143,0.000210331,0.000134297,6.31E-08,9.83E-07,22.15091155,15.22915627,55.50685123,6.025340482,3.92E-05,4.30E-05,1.342679006,7.25E-09,0.000544214,31.13225288,3.19E-06,53.27170519,1.431179804,1.570783104,0.119883923,0.001378895,6.13E-05,0.022065832,0.003924521,1081.09168
NZE,2030,Silver,Other low emissions power generation,78.54406075,24.35355363,0.001058536,0.000328212,1.05E-10,6.705176386,657.6153008,5.976084536,0.023488022,4.51E-06,0.000246069,0.000196468,0.000133546,5.62E-08,8.97E-07,23.51795372,16.47143647,28.12221114,3.052669169,3.80E-05,4.39E-05,1.265545416,5.91E-09,0.00035425,28.98325049,2.97E-06,44.85333475,1.386381736,1.60264495,0.11629066,0.001018677,5.93E-05,0.012852559,0.002384714,922.6033383
NZE,2035,Silver,Other low emissions power generation,59.73428332,18.6522504,0.000805037,0.000251376,1.14E-10,6.22461955,656.0314012,4.284229389,0.025231645,4.44E-06,0.000245705,0.000195061,0.000133849,4.68E-08,7.57E-07,28.68818739,16.66768259,21.30622531,2.312779445,3.76E-05,4.57E-05,1.254924801,5.34E-09,0.000321783,28.53592863,2.92E-06,42.88242943,1.370839588,1.669236452,0.099614198,0.000871221,5.84E-05,0.011899431,0.002019289,889.7527196
NZE,2040,Silver,Other low emissions power generation,49.58360524,15.59778442,0.000668237,0.000210211,1.15E-10,5.979571602,656.4404985,3.844121381,0.02864285,4.45E-06,0.000245735,0.000195956,0.000134549,3.99E-08,6.57E-07,38.61705141,16.47380471,17.62228319,1.912882886,3.80E-05,4.89E-05,1.257087968,5.26E-09,0.000317139,28.39103767,2.91E-06,42.14582569,1.388243603,1.786007097,0.091845749,0.000801145,5.80E-05,0.012741808,0.001837807,881.173926
NZE,2045,Silver,Other low emissions power generation,39.87476672,12.68404451,0.000537391,0.000170943,1.09E-10,5.977040153,659.316523,3.442899302,0.031819073,4.51E-06,0.000246483,0.000198235,0.00013601,3.67E-08,6.13E-07,47.88526767,16.69164369,14.08392336,1.528788912,3.93E-05,5.37E-05,1.262645001,5.00E-09,0.000318,28.32434273,2.91E-06,42.16495388,1.433865175,1.959179956,0.092860609,0.000795873,5.85E-05,0.014464168,0.001673617,876.7699187
NZE,2050,Silver,Other low emissions power generation,32.61614205,10.50537648,0.000439567,0.000141581,1.04E-10,6.121194854,664.6932195,3.163211939,0.033413145,4.61E-06,0.000247686,0.000202194,0.00013843,4.16E-08,6.62E-07,51.44375568,17.39981542,11.41819375,1.239419078,4.08E-05,5.88E-05,1.269959672,4.93E-09,0.000321655,28.33823448,2.91E-06,42.71792549,1.488385545,2.145033991,0.096841665,0.000844113,6.51E-05,0.016627132,0.001564399,874.7076953
NZE,2022,Tantalum,Other low emissions power generation,68.4849505,20.602758,0.00092297,0.000277663,7.76E-11,2.56556986,32.00628879,4.462843711,0.397625412,2.47E-06,0.000228172,8.31E-05,5.07E-05,1.09E-08,1.84E-07,35.44705781,50.94445963,24.77723367,2.689590513,3.80E-05,3.41E-05,0.29549667,3.85E-09,0.000398361,8.383402821,8.52E-07,19.96001476,1.387642404,1.245031787,0.030537334,0.001268532,6.73E-05,0.00541786,0.002031757,273.6872633
NZE,2030,Tantalum,Other low emissions power generation,44.49869297,13.44148329,0.000599708,0.000181151,1.54E-10,2.293835546,27.22180857,2.742770093,0.397430397,2.26E-06,0.000227294,7.77E-05,5.07E-05,9.99E-09,1.64E-07,35.84231185,51.19367483,16.0741497,1.744850485,3.77E-05,3.46E-05,0.273869626,3.34E-09,0.000316291,7.155917466,7.25E-07,16.10498662,1.375193501,1.263175683,0.029029763,0.001179119,6.60E-05,0.003711214,0.001522069,221.6581437
NZE,2035,Tantalum,Other low emissions power generation,36.85173963,11.15706322,0.00049665,0.000150363,1.62E-10,2.200974063,26.28202134,2.347742148,0.39819832,2.22E-06,0.000226693,7.68E-05,5.06E-05,8.74E-09,1.42E-07,37.55679529,51.14597016,13.29917036,1.44362422,3.76E-05,3.54E-05,0.269013655,2.96E-09,0.000287877,6.631338908,6.71E-07,15.01843462,1.37163072,1.291090248,0.025075442,0.001120272,6.52E-05,0.003585525,0.001357174,207.2946616
NZE,2040,Tantalum,Other low emissions power generation,32.38892308,9.814485805,0.000436505,0.00013227,1.61E-10,2.149422865,26.42184659,2.173624241,0.399851785,2.23E-06,0.000226386,7.72E-05,5.07E-05,7.90E-09,1.27E-07,41.49331627,50.89227856,11.68103536,1.267978668,3.78E-05,3.67E-05,0.268611199,3.08E-09,0.00027352,6.303289718,6.38E-07,14.58447402,1.380916351,1.339549822,0.022818543,0.001077592,6.46E-05,0.003926621,0.001264143,202.5875021
NZE,2045,Tantalum,Other low emissions power generation,27.20333367,8.263180982,0.000366619,0.000111363,1.47E-10,2.133854332,27.45338653,2.031125255,0.401971493,2.22E-06,0.000226505,7.69E-05,5.04E-05,7.72E-09,1.24E-07,46.86182282,50.83702419,9.793371505,1.063073347,3.85E-05,3.89E-05,0.270441394,2.97E-09,0.000266737,6.120098743,6.21E-07,14.33431213,1.404128196,1.421463003,0.023078956,0.001064544,6.56E-05,0.004806205,0.001167147,199.6216151
NZE,2050,Tantalum,Other low emissions power generation,21.9336068,6.686652343,0.000295599,9.01E-05,1.36E-10,2.195983489,30.50481541,1.927300968,0.40351836,2.25E-06,0.000227225,7.82E-05,5.10E-05,9.46E-09,1.43E-07,50.0115789,51.26994739,7.861530511,0.853369514,3.94E-05,4.22E-05,0.273895743,2.86E-09,0.000261691,5.976100195,6.07E-07,14.3860858,1.439543909,1.541418696,0.024987978,0.001093475,7.30E-05,0.006286653,0.001079846,197.297798
NZE,2022,Tellurium,Solar PV,2.599330658,0.789922745,3.50E-05,1.06E-05,7.70E-13,0.638153694,5.039819272,0.310050518,0.00169179,7.43E-07,1.86E-06,2.55E-05,1.74E-05,3.05E-09,3.61E-08,0.245693513,0.422764315,0.93548985,0.101547869,5.81E-06,6.48E-06,0.010926263,7.95E-11,2.09E-05,0.189298864,1.93E-08,2.910184681,0.212106127,0.236665702,0.003209492,4.58E-05,1.28E-06,0.000399787,0.000113404,14.64731318
NZE,2030,Tellurium,Solar PV,0.831008095,0.253503479,1.12E-05,3.42E-06,1.72E-12,0.58060839,4.797362416,0.120827782,0.001676205,7.30E-07,1.84E-06,2.51E-05,1.74E-05,2.42E-09,3.00E-08,0.25443733,0.451347748,0.294913396,0.032011731,5.78E-06,6.50E-06,0.009005637,5.26E-11,1.56E-05,0.132918486,1.35E-08,2.663595597,0.21082424,0.237160392,0.003093413,3.63E-05,1.23E-06,0.000146106,7.66E-05,10.87448892
NZE,2035,Tellurium,Solar PV,0.424297227,0.130849506,5.72E-06,1.76E-06,1.89E-12,0.567456612,4.763625212,0.087302522,0.001690741,7.28E-07,1.83E-06,2.51E-05,1.74E-05,1.93E-09,2.45E-08,0.286350214,0.458197398,0.147429623,0.016002322,5.76E-06,6.53E-06,0.008696091,4.42E-11,1.45E-05,0.120842299,1.23E-08,2.613720553,0.210249693,0.238340318,0.002691035,3.12E-05,1.22E-06,0.000105509,6.84E-05,10.07789035
NZE,2040,Tellurium,Solar PV,0.33430229,0.103732599,4.51E-06,1.40E-06,1.91E-12,0.561610988,4.763083529,0.082961788,0.001706536,7.29E-07,1.83E-06,2.51E-05,1.75E-05,1.56E-09,2.03E-08,0.318278418,0.45488276,0.114819934,0.012462964,5.75E-06,6.56E-06,0.008690158,6.84E-11,1.44E-05,0.118481638,1.21E-08,2.597644355,0.209899404,0.239417465,0.002466602,2.84E-05,1.22E-06,0.000103538,6.67E-05,9.9245856
NZE,2045,Tellurium,Solar PV,0.289886566,0.090356031,3.91E-06,1.22E-06,1.73E-12,0.560021303,4.767244775,0.079131576,0.00171202,7.29E-07,1.83E-06,2.51E-05,1.75E-05,1.30E-09,1.74E-08,0.330053884,0.450494453,0.098729111,0.010716641,5.74E-06,6.58E-06,0.008698556,7.32E-11,1.44E-05,0.117595576,1.20E-08,2.593173861,0.209613717,0.240337979,0.002366375,2.68E-05,1.21E-06,0.000105419,6.60E-05,9.850276957
NZE,2050,Tellurium,Solar PV,0.271310775,0.084759981,3.66E-06,1.14E-06,1.58E-12,0.55989421,4.771366949,0.075796296,0.00171247,7.29E-07,1.83E-06,2.51E-05,1.75E-05,1.13E-09,1.54E-08,0.327852055,0.447224788,0.091979744,0.009984154,5.73E-06,6.60E-06,0.008701722,7.19E-11,1.44E-05,0.117246827,1.20E-08,2.592449539,0.209291961,0.240945767,0.002299369,2.58E-05,1.22E-06,0.000108107,6.56E-05,9.812962749
NZE,2022,Terbium,Wind,282.0098493,86.92026566,0.003800639,0.001171422,1.27E-10,10.40364435,274.7005662,30.05343323,0.446419128,6.76E-06,0.000306663,0.000238905,0.000274861,3.32E-06,1.86E-05,198.5669134,334.4867476,101.5244058,11.02054225,0.000632058,0.000487546,345.9197996,3.53E-08,0.000806252,14.56634371,1.47E-06,76.06971911,23.07222559,17.79542197,0.128243631,0.004193185,0.000207023,0.522823699,0.006832621,1808.212686
NZE,2030,Terbium,Wind,218.684247,67.61475519,0.002947202,0.000911242,2.57E-10,9.225538343,266.4864269,22.58819743,0.44624838,6.37E-06,0.000305188,0.000228556,0.000274865,3.32E-06,1.85E-05,199.3094782,335.3321753,78.59746879,8.531768632,0.00063111,0.000488427,345.8504054,3.43E-08,0.000616714,12.54290709,1.26E-06,67.19430517,23.03755817,17.82757816,0.12469409,0.003896268,0.000205949,0.514405918,0.005515923,1673.913182
NZE,2035,Terbium,Wind,203.0020024,62.88729538,0.002735852,0.00084753,2.70E-10,8.928730674,265.4937067,21.32629685,0.447366754,6.33E-06,0.000304298,0.000228333,0.000275656,3.31E-06,1.85E-05,201.5996542,335.2352158,72.91023661,7.914427268,0.000630866,0.000490071,345.839564,3.36E-08,0.000580658,12.08953478,1.21E-06,65.32189016,23.02864368,17.88760264,0.111503163,0.00377076,0.000205912,0.513208352,0.00520428,1644.541779
NZE,2040,Terbium,Wind,196.6468921,60.97240227,0.002650205,0.000821723,2.69E-10,8.839042084,265.931715,21.14346532,0.448829068,6.37E-06,0.000303874,0.00023032,0.000276901,3.31E-06,1.84E-05,204.6829957,334.7422608,70.60576364,7.664304954,0.000631022,0.000492252,345.8405343,3.48E-08,0.000579456,11.95787499,1.20E-06,65.00439338,23.03434826,17.96721579,0.1050804,0.003704883,0.000206161,0.513418455,0.005094643,1636.105373
NZE,2045,Terbium,Wind,191.652792,59.46874631,0.002582899,0.000801459,2.44E-10,8.781409901,266.3951216,20.50336066,0.449520829,6.37E-06,0.000303607,0.000230745,0.000277058,3.30E-06,1.83E-05,206.5480788,334.3735099,68.79175289,7.467415226,0.000631033,0.000494158,345.8426657,3.54E-08,0.000581805,11.89082354,1.20E-06,64.82054542,23.03475356,18.03676524,0.103381847,0.003676632,0.0002063,0.513782497,0.005009823,1628.679236
NZE,2050,Terbium,Wind,189.2300479,58.7477658,0.002550248,0.000791742,2.20E-10,8.73730914,266.9568444,20.06003231,0.449743388,6.36E-06,0.00030338,0.000230549,0.000276674,3.30E-06,1.83E-05,207.0463056,334.219613,67.90641193,7.371321158,0.000630776,0.000495259,345.8444921,3.59E-08,0.000582644,11.87035534,1.20E-06,64.66846824,23.02538285,18.07695097,0.102763862,0.003664769,0.000207303,0.514161067,0.004968452,1624.832768
NZE,2022,Terbium,Electric vehicles,282.0098493,86.92026566,0.003800639,0.001171422,1.27E-10,10.40364435,274.7005662,30.05343323,0.446419128,6.76E-06,0.000306663,0.000238905,0.000274861,3.32E-06,1.86E-05,198.5669134,334.4867476,101.5244058,11.02054225,0.000632058,0.000487546,345.9197996,3.53E-08,0.000806252,14.56634371,1.47E-06,76.06971911,23.07222559,17.79542197,0.128243631,0.004193185,0.000207023,0.522823699,0.006832621,1808.212686
NZE,2030,Terbium,Electric vehicles,218.684247,67.61475519,0.002947202,0.000911242,2.57E-10,9.225538343,266.4864269,22.58819743,0.44624838,6.37E-06,0.000305188,0.000228556,0.000274865,3.32E-06,1.85E-05,199.3094782,335.3321753,78.59746879,8.531768632,0.00063111,0.000488427,345.8504054,3.43E-08,0.000616714,12.54290709,1.26E-06,67.19430517,23.03755817,17.82757816,0.12469409,0.003896268,0.000205949,0.514405918,0.005515923,1673.913182
NZE,2035,Terbium,Electric vehicles,203.0020024,62.88729538,0.002735852,0.00084753,2.70E-10,8.928730674,265.4937067,21.32629685,0.447366754,6.33E-06,0.000304298,0.000228333,0.000275656,3.31E-06,1.85E-05,201.5996542,335.2352158,72.91023661,7.914427268,0.000630866,0.000490071,345.839564,3.36E-08,0.000580658,12.08953478,1.21E-06,65.32189016,23.02864368,17.88760264,0.111503163,0.00377076,0.000205912,0.513208352,0.00520428,1644.541779
NZE,2040,Terbium,Electric vehicles,196.6468921,60.97240227,0.002650205,0.000821723,2.69E-10,8.839042084,265.931715,21.14346532,0.448829068,6.37E-06,0.000303874,0.00023032,0.000276901,3.31E-06,1.84E-05,204.6829957,334.7422608,70.60576364,7.664304954,0.000631022,0.000492252,345.8405343,3.48E-08,0.000579456,11.95787499,1.20E-06,65.00439338,23.03434826,17.96721579,0.1050804,0.003704883,0.000206161,0.513418455,0.005094643,1636.105373
NZE,2045,Terbium,Electric vehicles,191.652792,59.46874631,0.002582899,0.000801459,2.44E-10,8.781409901,266.3951216,20.50336066,0.449520829,6.37E-06,0.000303607,0.000230745,0.000277058,3.30E-06,1.83E-05,206.5480788,334.3735099,68.79175289,7.467415226,0.000631033,0.000494158,345.8426657,3.54E-08,0.000581805,11.89082354,1.20E-06,64.82054542,23.03475356,18.03676524,0.103381847,0.003676632,0.0002063,0.513782497,0.005009823,1628.679236
NZE,2050,Terbium,Electric vehicles,189.2300479,58.7477658,0.002550248,0.000791742,2.20E-10,8.73730914,266.9568444,20.06003231,0.449743388,6.36E-06,0.00030338,0.000230549,0.000276674,3.30E-06,1.83E-05,207.0463056,334.219613,67.90641193,7.371321158,0.000630776,0.000495259,345.8444921,3.59E-08,0.000582644,11.87035534,1.20E-06,64.66846824,23.02538285,18.07695097,0.102763862,0.003664769,0.000207303,0.514161067,0.004968452,1624.832768
NZE,2022,Tin,Solar PV,3.428481636,1.054183206,4.62E-05,1.42E-05,1.46E-12,0.186256307,18.38335012,0.369295162,0.000337161,1.98E-07,7.29E-07,7.22E-06,2.62E-06,1.15E-09,1.88E-08,0.308250541,0.48014555,1.231861613,0.133719698,2.38E-06,2.42E-06,0.022755982,1.36E-10,3.56E-05,0.579414321,5.91E-08,1.258165242,0.086991091,0.088155001,0.002784238,4.84E-05,3.60E-06,0.000762584,0.000110453,27.61496273
NZE,2030,Tin,Solar PV,1.7160464,0.52942387,2.31E-05,7.14E-06,3.06E-12,0.15652075,18.13765064,0.146593748,0.000318271,1.86E-07,6.99E-07,6.92E-06,2.60E-06,1.10E-09,1.82E-08,0.326193996,0.509238395,0.612438812,0.06647983,2.36E-06,2.43E-06,0.021003318,1.12E-10,3.12E-05,0.529479062,5.39E-08,1.071464611,0.086182739,0.088844517,0.002687439,4.00E-05,3.53E-06,0.000561413,7.55E-05,24.00117265
NZE,2035,Tin,Solar PV,1.311872092,0.406586983,1.77E-05,5.48E-06,3.26E-12,0.145326196,18.10449672,0.108076737,0.000346124,1.85E-07,6.85E-07,6.89E-06,2.62E-06,9.48E-10,1.59E-08,0.403369615,0.512916682,0.466048923,0.050589075,2.35E-06,2.47E-06,0.020765636,1.01E-10,3.05E-05,0.519218416,5.29E-08,1.026856937,0.085946467,0.090235728,0.002297567,3.66E-05,3.50E-06,0.000537948,6.76E-05,23.25552932
NZE,2040,Tin,Solar PV,1.131515839,0.352246593,1.52E-05,4.75E-06,3.28E-12,0.139290949,18.11122243,0.101702426,0.000397115,1.86E-07,6.80E-07,6.92E-06,2.64E-06,8.37E-10,1.42E-08,0.543126943,0.506980358,0.40065037,0.043490265,2.36E-06,2.53E-06,0.0207903,1.11E-10,3.04E-05,0.516094549,5.27E-08,1.009379165,0.086180033,0.092247949,0.00210838,3.50E-05,3.49E-06,0.000547364,6.44E-05,23.05801092
NZE,2045,Tin,Solar PV,0.981263135,0.307111896,1.32E-05,4.14E-06,3.01E-12,0.138311201,18.14597958,0.092844184,0.000440009,1.86E-07,6.86E-07,6.95E-06,2.66E-06,7.82E-10,1.34E-08,0.668786195,0.506120621,0.345993343,0.037557385,2.38E-06,2.60E-06,0.020865404,1.12E-10,3.05E-05,0.514661135,5.25E-08,1.006611951,0.08672272,0.094768232,0.002085015,3.46E-05,3.49E-06,0.000568738,6.19E-05,22.95073036
NZE,2050,Tin,Solar PV,0.881708996,0.277280357,1.19E-05,3.74E-06,2.79E-12,0.139784253,18.20797372,0.086305203,0.000460547,1.87E-07,6.97E-07,6.99E-06,2.68E-06,8.28E-10,1.38E-08,0.717408079,0.512096848,0.30950893,0.03359704,2.39E-06,2.66E-06,0.020958266,1.15E-10,3.05E-05,0.514584916,5.26E-08,1.011860671,0.087274777,0.097143145,0.00211684,3.51E-05,3.57E-06,0.000594981,6.03E-05,22.9006977
NZE,2022,Tin,Other low emissions power generation,3.428481636,1.054183206,4.62E-05,1.42E-05,1.46E-12,0.186256307,18.38335012,0.369295162,0.000337161,1.98E-07,7.29E-07,7.22E-06,2.62E-06,1.15E-09,1.88E-08,0.308250541,0.48014555,1.231861613,0.133719698,2.38E-06,2.42E-06,0.022755982,1.36E-10,3.56E-05,0.579414321,5.91E-08,1.258165242,0.086991091,0.088155001,0.002784238,4.84E-05,3.60E-06,0.000762584,0.000110453,27.61496273
NZE,2030,Tin,Other low emissions power generation,1.7160464,0.52942387,2.31E-05,7.14E-06,3.06E-12,0.15652075,18.13765064,0.146593748,0.000318271,1.86E-07,6.99E-07,6.92E-06,2.60E-06,1.10E-09,1.82E-08,0.326193996,0.509238395,0.612438812,0.06647983,2.36E-06,2.43E-06,0.021003318,1.12E-10,3.12E-05,0.529479062,5.39E-08,1.071464611,0.086182739,0.088844517,0.002687439,4.00E-05,3.53E-06,0.000561413,7.55E-05,24.00117265
NZE,2035,Tin,Other low emissions power generation,1.311872092,0.406586983,1.77E-05,5.48E-06,3.26E-12,0.145326196,18.10449672,0.108076737,0.000346124,1.85E-07,6.85E-07,6.89E-06,2.62E-06,9.48E-10,1.59E-08,0.403369615,0.512916682,0.466048923,0.050589075,2.35E-06,2.47E-06,0.020765636,1.01E-10,3.05E-05,0.519218416,5.29E-08,1.026856937,0.085946467,0.090235728,0.002297567,3.66E-05,3.50E-06,0.000537948,6.76E-05,23.25552932
NZE,2040,Tin,Other low emissions power generation,1.131515839,0.352246593,1.52E-05,4.75E-06,3.28E-12,0.139290949,18.11122243,0.101702426,0.000397115,1.86E-07,6.80E-07,6.92E-06,2.64E-06,8.37E-10,1.42E-08,0.543126943,0.506980358,0.40065037,0.043490265,2.36E-06,2.53E-06,0.0207903,1.11E-10,3.04E-05,0.516094549,5.27E-08,1.009379165,0.086180033,0.092247949,0.00210838,3.50E-05,3.49E-06,0.000547364,6.44E-05,23.05801092
NZE,2045,Tin,Other low emissions power generation,0.981263135,0.307111896,1.32E-05,4.14E-06,3.01E-12,0.138311201,18.14597958,0.092844184,0.000440009,1.86E-07,6.86E-07,6.95E-06,2.66E-06,7.82E-10,1.34E-08,0.668786195,0.506120621,0.345993343,0.037557385,2.38E-06,2.60E-06,0.020865404,1.12E-10,3.05E-05,0.514661135,5.25E-08,1.006611951,0.08672272,0.094768232,0.002085015,3.46E-05,3.49E-06,0.000568738,6.19E-05,22.95073036
NZE,2050,Tin,Other low emissions power generation,0.881708996,0.277280357,1.19E-05,3.74E-06,2.79E-12,0.139784253,18.20797372,0.086305203,0.000460547,1.87E-07,6.97E-07,6.99E-06,2.68E-06,8.28E-10,1.38E-08,0.717408079,0.512096848,0.30950893,0.03359704,2.39E-06,2.66E-06,0.020958266,1.15E-10,3.05E-05,0.514584916,5.26E-08,1.011860671,0.087274777,0.097143145,0.00211684,3.51E-05,3.57E-06,0.000594981,6.03E-05,22.9006977
NZE,2022,Titanium,Other low emissions power generation,16.24581767,4.93691803,0.000218944,6.65E-05,8.39E-12,0.453759393,5.375725426,1.646377452,0.002517421,2.06E-07,8.66E-06,6.27E-06,2.14E-06,4.25E-09,6.54E-08,0.523447913,0.839295306,6.063901674,0.658210198,5.96E-06,5.35E-06,0.028664342,1.63E-09,6.95E-05,0.755420741,7.70E-08,2.849002746,0.217489109,0.19527391,0.009048922,9.43E-05,4.07E-06,0.002800778,0.000376434,40.803777
NZE,2030,Titanium,Other low emissions power generation,10.04838019,3.044005601,0.000135422,4.10E-05,1.71E-11,0.35857822,4.526686064,0.930280169,0.002482522,1.62E-07,8.56E-06,5.10E-06,2.08E-06,5.05E-09,7.63E-08,0.688213684,0.910925141,3.820839468,0.414720309,5.93E-06,5.41E-06,0.021745927,1.54E-09,4.86E-05,0.557393524,5.67E-08,2.138065346,0.216283079,0.197353642,0.009012897,7.05E-05,3.97E-06,0.002052801,0.000245036,27.8871007
NZE,2035,Titanium,Other low emissions power generation,8.485704678,2.57193001,0.000114362,3.47E-05,1.80E-11,0.327144632,4.395349115,0.81247076,0.002569165,1.56E-07,8.53E-06,4.97E-06,2.13E-06,4.63E-09,6.98E-08,0.955888942,0.904242929,3.254354794,0.353228048,5.90E-06,5.53E-06,0.020470048,1.50E-09,4.38E-05,0.510573804,5.20E-08,1.964218454,0.215464734,0.201962758,0.007838322,6.13E-05,3.95E-06,0.001920715,0.000212712,24.98540489
NZE,2040,Titanium,Other low emissions power generation,8.113565815,2.460747997,0.000109346,3.32E-05,1.79E-11,0.313601902,4.394128294,0.801828981,0.002646707,1.57E-07,8.52E-06,5.05E-06,2.19E-06,4.03E-09,6.14E-08,1.157032624,0.866417289,3.119326561,0.338572058,5.88E-06,5.64E-06,0.020426831,1.58E-09,4.32E-05,0.501923551,5.11E-08,1.919546717,0.214733213,0.205735355,0.007156541,5.62E-05,3.91E-06,0.001914759,0.000205672,24.4393732
NZE,2045,Titanium,Other low emissions power generation,7.918437656,2.402706501,0.000106717,3.24E-05,1.60E-11,0.309778391,4.410784395,0.793720974,0.002676219,1.57E-07,8.51E-06,5.08E-06,2.21E-06,3.49E-09,5.42E-08,1.243110999,0.837353474,3.048447438,0.330879214,5.86E-06,5.72E-06,0.020465377,1.60E-09,4.34E-05,0.499060077,5.09E-08,1.907761793,0.213885696,0.208706402,0.00692528,5.42E-05,3.89E-06,0.001924205,0.000202408,24.15669014
NZE,2050,Titanium,Other low emissions power generation,7.823129121,2.374525381,0.000105432,3.20E-05,1.44E-11,0.309407433,4.429769005,0.788518372,0.00268442,1.57E-07,8.50E-06,5.09E-06,2.21E-06,3.15E-09,4.96E-08,1.265444074,0.820638436,3.013698201,0.327107682,5.83E-06,5.77E-06,0.020467898,1.60E-09,4.34E-05,0.497683441,5.07E-08,1.905644456,0.212925015,0.210449192,0.006840067,5.35E-05,3.90E-06,0.001936401,0.000200817,24.01093393
NZE,2022,Tungsten,Other low emissions power generation,10.0964681,3.107789756,0.00013607,4.19E-05,9.99E-12,1.010430223,55.99564602,1.111013573,0.154052081,9.57E-07,7.36E-06,1.94E-05,7.39E-05,2.19E-09,3.57E-08,1.623398791,2.995690525,3.623090179,0.393289003,3.89E-05,1.81E-05,0.773134058,5.34E-10,8.46E-05,1.45054375,1.48E-07,10.05119353,1.418105577,0.659541129,0.005799149,0.000131774,4.17E-06,0.023073335,0.000368518,94.49244726
NZE,2030,Tungsten,Other low emissions power generation,6.273808345,1.937257463,8.46E-05,2.61E-05,2.00E-11,0.951234493,55.51053233,0.615233106,0.154045075,9.36E-07,7.28E-06,1.88E-05,7.40E-05,2.46E-09,3.97E-08,1.746189145,3.050234305,2.240246359,0.243177956,3.88E-05,1.81E-05,0.769123393,4.83E-10,7.18E-05,1.336817509,1.36E-07,9.61817989,1.417781225,0.662299372,0.005769246,0.000116529,4.15E-06,0.022626072,0.000287836,86.55472854
NZE,2035,Tungsten,Other low emissions power generation,5.219489587,1.61856722,7.03E-05,2.18E-05,2.09E-11,0.929316874,55.41745962,0.527503131,0.154148251,9.32E-07,7.22E-06,1.87E-05,7.40E-05,2.32E-09,3.71E-08,2.055329009,3.034108875,1.85820343,0.201707058,3.88E-05,1.83E-05,0.768485957,4.60E-10,6.89E-05,1.309175651,1.33E-07,9.500919114,1.417936334,0.66623301,0.005009831,0.000110578,4.15E-06,0.022567615,0.000266221,84.70632797
NZE,2040,Tungsten,Other low emissions power generation,4.622106527,1.439249868,6.23E-05,1.94E-05,2.08E-11,0.917925224,55.41978216,0.500191593,0.154335535,9.32E-07,7.20E-06,1.88E-05,7.40E-05,2.15E-09,3.46E-08,2.632151178,2.988900901,1.641623868,0.178198068,3.89E-05,1.84E-05,0.76862152,5.10E-10,6.85E-05,1.299543721,1.32E-07,9.457606795,1.419395873,0.672927104,0.004669758,0.000107529,4.15E-06,0.022602567,0.000255368,84.13999683
NZE,2045,Tungsten,Other low emissions power generation,4.234856872,1.323060434,5.71E-05,1.78E-05,1.89E-11,0.913772337,55.49553665,0.479555796,0.154423555,9.28E-07,7.19E-06,1.87E-05,7.39E-05,2.17E-09,3.54E-08,2.885021966,2.974270798,1.500748572,0.162906708,3.89E-05,1.86E-05,0.768794928,5.21E-10,6.85E-05,1.295695264,1.32E-07,9.437514047,1.42078944,0.678576376,0.00495223,0.000107187,4.16E-06,0.022663555,0.000248391,83.75330394
NZE,2050,Tungsten,Other low emissions power generation,3.980896213,1.246736602,5.37E-05,1.68E-05,1.72E-11,0.912101137,55.61839656,0.465263285,0.154459201,9.25E-07,7.21E-06,1.86E-05,7.38E-05,2.33E-09,3.84E-08,2.948228702,2.982366175,1.407858077,0.15282368,3.90E-05,1.87E-05,0.767736104,5.20E-10,6.80E-05,1.267056778,1.29E-07,9.40319414,1.421944982,0.683189986,0.005438697,0.000108091,4.24E-06,0.022732444,0.000243436,83.44058824
NZE,2022,Vanadium,Grid battery storage,5.20826899,1.55617179,7.02E-05,2.10E-05,4.35E-12,0.099344729,1.909799288,0.210849617,0.000888082,5.75E-06,3.67E-06,0.000160604,1.42E-05,5.50E-10,1.03E-08,0.1232477,-79.0514508,1.90093155,0.206345691,1.41E-06,1.75E-06,0.021242238,4.70E-10,3.72E-05,0.262219308,2.60E-08,3.439921124,0.051639026,0.063735138,0.00204261,8.65E-05,8.29E-06,0.00057825,0.000320879,-63.99413592
NZE,2030,Vanadium,Grid battery storage,3.061245881,0.931199868,4.13E-05,1.25E-05,8.78E-12,0.09197873,1.326765695,0.180884476,0.000812237,5.72E-06,3.66E-06,0.000159748,1.41E-05,3.98E-10,6.84E-09,0.134704582,-79.03321844,1.119117577,0.121478009,1.38E-06,1.78E-06,0.019983578,4.07E-10,3.29E-05,0.191743382,1.87E-08,3.063363939,0.050322744,0.065086593,0.00188431,7.91E-05,8.05E-06,0.000515177,0.00027796,-68.67204938
NZE,2035,Vanadium,Grid battery storage,2.390819091,0.733216627,3.22E-05,9.88E-06,9.33E-12,0.090976088,1.22695017,0.166817849,0.000823362,5.71E-06,3.67E-06,0.000159629,1.41E-05,3.21E-10,5.16E-09,0.167814205,-79.02405056,0.875330584,0.095014742,1.36E-06,1.84E-06,0.019743214,3.55E-10,3.20E-05,0.17278423,1.69E-08,2.989969813,0.049626575,0.067139617,0.001603062,7.17E-05,7.89E-06,0.000508427,0.000265124,-69.97483802
NZE,2040,Vanadium,Grid battery storage,2.212878157,0.679243223,2.98E-05,9.15E-06,9.33E-12,0.090631495,1.240801319,0.16013963,0.000853386,5.71E-06,3.67E-06,0.000159684,1.42E-05,2.73E-10,4.15E-09,0.212539801,-79.03126654,0.810830887,0.088013759,1.35E-06,1.88E-06,0.019774498,3.64E-10,3.20E-05,0.168948236,1.65E-08,2.989171094,0.049411855,0.068639521,0.001359809,6.52E-05,7.77E-06,0.000512801,0.000261992,-70.23744858
NZE,2045,Vanadium,Grid battery storage,2.149886559,0.660322287,2.90E-05,8.90E-06,8.41E-12,0.089735237,1.25332524,0.15438443,0.000867365,5.71E-06,3.67E-06,0.000159709,1.42E-05,2.42E-10,3.55E-09,0.239941562,-79.04193425,0.787940356,0.0855294,1.35E-06,1.91E-06,0.019829397,3.71E-10,3.20E-05,0.168156757,1.65E-08,2.987237548,0.049146089,0.06965247,0.001188558,6.04E-05,7.68E-06,0.000519396,0.000260882,-70.32420788
NZE,2050,Vanadium,Grid battery storage,2.109054523,0.648077055,2.84E-05,8.73E-06,7.59E-12,0.088731442,1.26608462,0.150180998,0.00087234,5.71E-06,3.67E-06,0.000159722,1.42E-05,2.33E-10,3.28E-09,0.244899548,-79.0475007,0.773043972,0.083912573,1.34E-06,1.93E-06,0.019855533,3.71E-10,3.21E-05,0.167603268,1.64E-08,2.98450456,0.048828984,0.070358453,0.001063176,5.70E-05,7.64E-06,0.000525979,0.000260148,-70.38984341
NZE,2022,Yttrium,Other low emissions power generation,2.05741717,0.633966826,2.77E-05,8.54E-06,9.41E-13,0.076120749,1.979238952,0.219906523,0.003206825,4.88E-08,2.21E-06,1.73E-06,1.98E-06,2.38E-08,1.33E-07,1.427156566,2.403275639,0.740712029,0.080404631,4.54E-06,3.50E-06,2.482025437,2.56E-10,5.89E-06,0.111340233,1.12E-08,0.555733371,0.16570798,0.127911456,0.000926377,3.02E-05,1.49E-06,0.003754818,4.98E-05,13.06884387
NZE,2030,Yttrium,Other low emissions power generation,1.598178995,0.493979764,2.15E-05,6.66E-06,1.90E-12,0.067557379,1.92007031,0.165910126,0.003205992,4.61E-08,2.20E-06,1.65E-06,1.98E-06,2.38E-08,1.33E-07,1.433134549,2.409402767,0.574441661,0.06235559,4.53E-06,3.51E-06,2.481506653,2.48E-10,4.52E-06,0.096140412,9.67E-09,0.491309409,0.165464783,0.128164466,0.000901274,2.80E-05,1.48E-06,0.003694069,4.02E-05,12.09545434
NZE,2035,Yttrium,Other low emissions power generation,1.481828714,0.458921235,2.00E-05,6.18E-06,1.99E-12,0.06542402,1.913646299,0.156765026,0.003214987,4.59E-08,2.20E-06,1.65E-06,1.99E-06,2.38E-08,1.32E-07,1.45176436,2.408682126,0.532244766,0.057775201,4.53E-06,3.52E-06,2.481426919,2.43E-10,4.26E-06,0.092701821,9.32E-09,0.477837018,0.165426913,0.128660952,0.000807551,2.71E-05,1.48E-06,0.003685667,3.79E-05,11.88084884
NZE,2040,Yttrium,Other low emissions power generation,1.432128708,0.443956745,1.93E-05,5.98E-06,1.99E-12,0.064797355,1.918113869,0.155411544,0.003227017,4.62E-08,2.19E-06,1.67E-06,2.00E-06,2.37E-08,1.32E-07,1.477438726,2.405089029,0.514220777,0.055818947,4.53E-06,3.54E-06,2.481437065,2.55E-10,4.25E-06,0.091660995,9.23E-09,0.475657567,0.165508334,0.129336166,0.000763294,2.67E-05,1.49E-06,0.003687637,3.71E-05,11.8182886
NZE,2045,Yttrium,Other low emissions power generation,1.393430472,0.432309709,1.88E-05,5.83E-06,1.80E-12,0.064419856,1.923050757,0.150805334,0.003232937,4.63E-08,2.19E-06,1.68E-06,2.00E-06,2.37E-08,1.32E-07,1.493059366,2.402510739,0.50016163,0.054293013,4.54E-06,3.56E-06,2.481456773,2.60E-10,4.28E-06,0.09117127,9.19E-09,0.474508926,0.16554466,0.129928218,0.000753456,2.65E-05,1.49E-06,0.003690763,3.64E-05,11.76436253
NZE,2050,Yttrium,Other low emissions power generation,1.374205418,0.426584273,1.85E-05,5.75E-06,1.63E-12,0.064135953,1.928545272,0.147599582,0.003234935,4.62E-08,2.19E-06,1.68E-06,2.00E-06,2.37E-08,1.32E-07,1.497349993,2.40155553,0.493134709,0.053530327,4.53E-06,3.57E-06,2.481471745,2.63E-10,4.29E-06,0.091009124,9.18E-09,0.473539653,0.165495937,0.130277534,0.000750746,2.64E-05,1.50E-06,0.003693941,3.61E-05,11.73614926
NZE,2022,Yttrium,Hydrogen technologies,2.05741717,0.633966826,2.77E-05,8.54E-06,9.41E-13,0.076120749,1.979238952,0.219906523,0.003206825,4.88E-08,2.21E-06,1.73E-06,1.98E-06,2.38E-08,1.33E-07,1.427156566,2.403275639,0.740712029,0.080404631,4.54E-06,3.50E-06,2.482025437,2.56E-10,5.89E-06,0.111340233,1.12E-08,0.555733371,0.16570798,0.127911456,0.000926377,3.02E-05,1.49E-06,0.003754818,4.98E-05,13.06884387
NZE,2030,Yttrium,Hydrogen technologies,1.598178995,0.493979764,2.15E-05,6.66E-06,1.90E-12,0.067557379,1.92007031,0.165910126,0.003205992,4.61E-08,2.20E-06,1.65E-06,1.98E-06,2.38E-08,1.33E-07,1.433134549,2.409402767,0.574441661,0.06235559,4.53E-06,3.51E-06,2.481506653,2.48E-10,4.52E-06,0.096140412,9.67E-09,0.491309409,0.165464783,0.128164466,0.000901274,2.80E-05,1.48E-06,0.003694069,4.02E-05,12.09545434
NZE,2035,Yttrium,Hydrogen technologies,1.481828714,0.458921235,2.00E-05,6.18E-06,1.99E-12,0.06542402,1.913646299,0.156765026,0.003214987,4.59E-08,2.20E-06,1.65E-06,1.99E-06,2.38E-08,1.32E-07,1.45176436,2.408682126,0.532244766,0.057775201,4.53E-06,3.52E-06,2.481426919,2.43E-10,4.26E-06,0.092701821,9.32E-09,0.477837018,0.165426913,0.128660952,0.000807551,2.71E-05,1.48E-06,0.003685667,3.79E-05,11.88084884
NZE,2040,Yttrium,Hydrogen technologies,1.432128708,0.443956745,1.93E-05,5.98E-06,1.99E-12,0.064797355,1.918113869,0.155411544,0.003227017,4.62E-08,2.19E-06,1.67E-06,2.00E-06,2.37E-08,1.32E-07,1.477438726,2.405089029,0.514220777,0.055818947,4.53E-06,3.54E-06,2.481437065,2.55E-10,4.25E-06,0.091660995,9.23E-09,0.475657567,0.165508334,0.129336166,0.000763294,2.67E-05,1.49E-06,0.003687637,3.71E-05,11.8182886
NZE,2045,Yttrium,Hydrogen technologies,1.393430472,0.432309709,1.88E-05,5.83E-06,1.80E-12,0.064419856,1.923050757,0.150805334,0.003232937,4.63E-08,2.19E-06,1.68E-06,2.00E-06,2.37E-08,1.32E-07,1.493059366,2.402510739,0.50016163,0.054293013,4.54E-06,3.56E-06,2.481456773,2.60E-10,4.28E-06,0.09117127,9.19E-09,0.474508926,0.16554466,0.129928218,0.000753456,2.65E-05,1.49E-06,0.003690763,3.64E-05,11.76436253
NZE,2050,Yttrium,Hydrogen technologies,1.374205418,0.426584273,1.85E-05,5.75E-06,1.63E-12,0.064135953,1.928545272,0.147599582,0.003234935,4.62E-08,2.19E-06,1.68E-06,2.00E-06,2.37E-08,1.32E-07,1.497349993,2.40155553,0.493134709,0.053530327,4.53E-06,3.57E-06,2.481471745,2.63E-10,4.29E-06,0.091009124,9.18E-09,0.473539653,0.165495937,0.130277534,0.000750746,2.64E-05,1.50E-06,0.003693941,3.61E-05,11.73614926
NZE,2022,Zinc,Solar PV,0.807092411,0.241683041,1.09E-05,3.26E-06,2.62E-13,0.047006953,0.909250904,0.079362035,8.78E-05,7.38E-08,1.22E-05,4.30E-06,3.48E-06,9.63E-10,1.23E-08,0.080234191,0.120727766,0.291478933,0.031640163,2.46E-07,2.58E-07,0.004980345,5.74E-11,2.18E-06,0.112516693,1.16E-08,0.253967174,0.008986861,0.009407134,0.000775379,2.86E-05,2.09E-06,0.000406611,3.84E-05,2.999633593
NZE,2030,Zinc,Solar PV,0.426787891,0.129312293,5.75E-06,1.74E-06,5.60E-13,0.038921566,0.870310173,0.065703761,9.38E-05,7.12E-08,1.22E-05,4.23E-06,3.49E-06,6.79E-10,8.72E-09,0.085980357,0.128057052,0.153273641,0.016637644,2.26E-07,2.63E-07,0.004508779,3.63E-11,1.45E-06,0.098561778,1.02E-08,0.210087085,0.008264448,0.009614463,0.000696651,2.59E-05,2.06E-06,0.000346594,3.10E-05,2.247184373
NZE,2035,Zinc,Solar PV,0.326415817,0.099528032,4.40E-06,1.34E-06,6.14E-13,0.037524512,0.863589388,0.061356749,0.000102655,7.09E-08,1.22E-05,4.23E-06,3.49E-06,4.86E-10,6.20E-09,0.10293583,0.130592557,0.116801569,0.012678615,2.15E-07,2.73E-07,0.004419169,2.99E-11,1.31E-06,0.095375869,9.84E-09,0.202626619,0.007859625,0.009957121,0.000598727,2.43E-05,2.05E-06,0.000338173,2.91E-05,2.072725845
NZE,2040,Zinc,Solar PV,0.2967567,0.090582166,4.00E-06,1.22E-06,6.23E-13,0.037356126,0.86420773,0.059753183,0.000112861,7.10E-08,1.22E-05,4.24E-06,3.50E-06,3.50E-10,4.43E-09,0.126462226,0.130077246,0.106049165,0.011511575,2.10E-07,2.85E-07,0.004423073,3.63E-11,1.31E-06,0.094671251,9.77E-09,0.201908782,0.007655491,0.010408528,0.000544241,2.34E-05,2.04E-06,0.000340471,2.86E-05,2.042844712
NZE,2045,Zinc,Solar PV,0.272911192,0.083402358,3.68E-06,1.12E-06,5.71E-13,0.037190074,0.866280776,0.057839918,0.000119075,7.09E-08,1.22E-05,4.23E-06,3.49E-06,2.55E-10,3.20E-09,0.14280082,0.129364883,0.097383636,0.010571028,2.05E-07,2.97E-07,0.004432771,3.75E-11,1.32E-06,0.094343825,9.74E-09,0.200976915,0.007491417,0.010848609,0.000519758,2.28E-05,2.04E-06,0.000343872,2.81E-05,2.016844278
NZE,2050,Zinc,Solar PV,0.256923245,0.078592563,3.46E-06,1.06E-06,5.27E-13,0.037117107,0.870780378,0.056104588,0.000121348,7.07E-08,1.22E-05,4.23E-06,3.49E-06,2.00E-10,2.48E-09,0.147068351,0.129401154,0.091540827,0.009936829,2.01E-07,3.07E-07,0.004439222,3.75E-11,1.32E-06,0.094162223,9.73E-09,0.200358729,0.007334364,0.011202898,0.000500677,2.25E-05,2.04E-06,0.000347496,2.79E-05,1.995954978
NZE,2022,Zinc,Wind,0.807092411,0.241683041,1.09E-05,3.26E-06,2.62E-13,0.047006953,0.909250904,0.079362035,8.78E-05,7.38E-08,1.22E-05,4.30E-06,3.48E-06,9.63E-10,1.23E-08,0.080234191,0.120727766,0.291478933,0.031640163,2.46E-07,2.58E-07,0.004980345,5.74E-11,2.18E-06,0.112516693,1.16E-08,0.253967174,0.008986861,0.009407134,0.000775379,2.86E-05,2.09E-06,0.000406611,3.84E-05,2.999633593
NZE,2030,Zinc,Wind,0.426787891,0.129312293,5.75E-06,1.74E-06,5.60E-13,0.038921566,0.870310173,0.065703761,9.38E-05,7.12E-08,1.22E-05,4.23E-06,3.49E-06,6.79E-10,8.72E-09,0.085980357,0.128057052,0.153273641,0.016637644,2.26E-07,2.63E-07,0.004508779,3.63E-11,1.45E-06,0.098561778,1.02E-08,0.210087085,0.008264448,0.009614463,0.000696651,2.59E-05,2.06E-06,0.000346594,3.10E-05,2.247184373
NZE,2035,Zinc,Wind,0.326415817,0.099528032,4.40E-06,1.34E-06,6.14E-13,0.037524512,0.863589388,0.061356749,0.000102655,7.09E-08,1.22E-05,4.23E-06,3.49E-06,4.86E-10,6.20E-09,0.10293583,0.130592557,0.116801569,0.012678615,2.15E-07,2.73E-07,0.004419169,2.99E-11,1.31E-06,0.095375869,9.84E-09,0.202626619,0.007859625,0.009957121,0.000598727,2.43E-05,2.05E-06,0.000338173,2.91E-05,2.072725845
NZE,2040,Zinc,Wind,0.2967567,0.090582166,4.00E-06,1.22E-06,6.23E-13,0.037356126,0.86420773,0.059753183,0.000112861,7.10E-08,1.22E-05,4.24E-06,3.50E-06,3.50E-10,4.43E-09,0.126462226,0.130077246,0.106049165,0.011511575,2.10E-07,2.85E-07,0.004423073,3.63E-11,1.31E-06,0.094671251,9.77E-09,0.201908782,0.007655491,0.010408528,0.000544241,2.34E-05,2.04E-06,0.000340471,2.86E-05,2.042844712
NZE,2045,Zinc,Wind,0.272911192,0.083402358,3.68E-06,1.12E-06,5.71E-13,0.037190074,0.866280776,0.057839918,0.000119075,7.09E-08,1.22E-05,4.23E-06,3.49E-06,2.55E-10,3.20E-09,0.14280082,0.129364883,0.097383636,0.010571028,2.05E-07,2.97E-07,0.004432771,3.75E-11,1.32E-06,0.094343825,9.74E-09,0.200976915,0.007491417,0.010848609,0.000519758,2.28E-05,2.04E-06,0.000343872,2.81E-05,2.016844278
NZE,2050,Zinc,Wind,0.256923245,0.078592563,3.46E-06,1.06E-06,5.27E-13,0.037117107,0.870780378,0.056104588,0.000121348,7.07E-08,1.22E-05,4.23E-06,3.49E-06,2.00E-10,2.48E-09,0.147068351,0.129401154,0.091540827,0.009936829,2.01E-07,3.07E-07,0.004439222,3.75E-11,1.32E-06,0.094162223,9.73E-09,0.200358729,0.007334364,0.011202898,0.000500677,2.25E-05,2.04E-06,0.000347496,2.79E-05,1.995954978
NZE,2022,Zinc,Other low emissions power generation,0.807092411,0.241683041,1.09E-05,3.26E-06,2.62E-13,0.047006953,0.909250904,0.079362035,8.78E-05,7.38E-08,1.22E-05,4.30E-06,3.48E-06,9.63E-10,1.23E-08,0.080234191,0.120727766,0.291478933,0.031640163,2.46E-07,2.58E-07,0.004980345,5.74E-11,2.18E-06,0.112516693,1.16E-08,0.253967174,0.008986861,0.009407134,0.000775379,2.86E-05,2.09E-06,0.000406611,3.84E-05,2.999633593
NZE,2030,Zinc,Other low emissions power generation,0.426787891,0.129312293,5.75E-06,1.74E-06,5.60E-13,0.038921566,0.870310173,0.065703761,9.38E-05,7.12E-08,1.22E-05,4.23E-06,3.49E-06,6.79E-10,8.72E-09,0.085980357,0.128057052,0.153273641,0.016637644,2.26E-07,2.63E-07,0.004508779,3.63E-11,1.45E-06,0.098561778,1.02E-08,0.210087085,0.008264448,0.009614463,0.000696651,2.59E-05,2.06E-06,0.000346594,3.10E-05,2.247184373
NZE,2035,Zinc,Other low emissions power generation,0.326415817,0.099528032,4.40E-06,1.34E-06,6.14E-13,0.037524512,0.863589388,0.061356749,0.000102655,7.09E-08,1.22E-05,4.23E-06,3.49E-06,4.86E-10,6.20E-09,0.10293583,0.130592557,0.116801569,0.012678615,2.15E-07,2.73E-07,0.004419169,2.99E-11,1.31E-06,0.095375869,9.84E-09,0.202626619,0.007859625,0.009957121,0.000598727,2.43E-05,2.05E-06,0.000338173,2.91E-05,2.072725845
NZE,2040,Zinc,Other low emissions power generation,0.2967567,0.090582166,4.00E-06,1.22E-06,6.23E-13,0.037356126,0.86420773,0.059753183,0.000112861,7.10E-08,1.22E-05,4.24E-06,3.50E-06,3.50E-10,4.43E-09,0.126462226,0.130077246,0.106049165,0.011511575,2.10E-07,2.85E-07,0.004423073,3.63E-11,1.31E-06,0.094671251,9.77E-09,0.201908782,0.007655491,0.010408528,0.000544241,2.34E-05,2.04E-06,0.000340471,2.86E-05,2.042844712
NZE,2045,Zinc,Other low emissions power generation,0.272911192,0.083402358,3.68E-06,1.12E-06,5.71E-13,0.037190074,0.866280776,0.057839918,0.000119075,7.09E-08,1.22E-05,4.23E-06,3.49E-06,2.55E-10,3.20E-09,0.14280082,0.129364883,0.097383636,0.010571028,2.05E-07,2.97E-07,0.004432771,3.75E-11,1.32E-06,0.094343825,9.74E-09,0.200976915,0.007491417,0.010848609,0.000519758,2.28E-05,2.04E-06,0.000343872,2.81E-05,2.016844278
NZE,2050,Zinc,Other low emissions power generation,0.256923245,0.078592563,3.46E-06,1.06E-06,5.27E-13,0.037117107,0.870780378,0.056104588,0.000121348,7.07E-08,1.22E-05,4.23E-06,3.49E-06,2.00E-10,2.48E-09,0.147068351,0.129401154,0.091540827,0.009936829,2.01E-07,3.07E-07,0.004439222,3.75E-11,1.32E-06,0.094162223,9.73E-09,0.200358729,0.007334364,0.011202898,0.000500677,2.25E-05,2.04E-06,0.000347496,2.79E-05,1.995954978
NZE,2022,Zirconium,Other low emissions power generation,1.302754812,0.392825669,1.76E-05,5.29E-06,1.76E-12,0.036000489,0.389438865,0.118636863,0.000646808,2.40E-08,4.26E-07,7.53E-07,3.14E-07,4.75E-10,6.84E-09,0.472745073,1.356772831,0.470999453,0.051126941,5.06E-07,8.23E-07,0.003929257,3.62E-10,5.63E-06,0.083363692,8.45E-09,0.216628512,0.018454261,0.030053066,0.000889512,3.67E-05,2.18E-06,0.003127122,3.22E-05,4.948431278
NZE,2030,Zirconium,Other low emissions power generation,0.702497875,0.21093817,9.47E-06,2.84E-06,3.54E-12,0.028459623,0.292906164,0.055024993,0.000640687,1.94E-08,4.15E-07,6.29E-07,3.10E-07,4.22E-10,6.25E-09,0.482403335,1.364976864,0.253515174,0.027518509,4.97E-07,8.32E-07,0.003306694,3.52E-10,4.08E-06,0.064062817,6.47E-09,0.14661906,0.01815021,0.03035475,0.000862331,3.41E-05,2.16E-06,0.003061034,1.99E-05,3.685333743
NZE,2035,Zirconium,Other low emissions power generation,0.548112703,0.164487886,7.39E-06,2.22E-06,3.70E-12,0.02651078,0.280623513,0.043766141,0.0006509,1.90E-08,4.10E-07,6.24E-07,3.18E-07,3.62E-10,5.43E-09,0.510014169,1.364453099,0.197514074,0.021439661,4.96E-07,8.49E-07,0.003210443,3.48E-10,3.77E-06,0.059527952,6.02E-09,0.132384939,0.018117396,0.030999313,0.000747993,3.29E-05,2.16E-06,0.003052746,1.69E-05,3.405647941
NZE,2040,Zirconium,Other low emissions power generation,0.491415384,0.147434272,6.62E-06,1.99E-06,3.70E-12,0.025853814,0.285998604,0.041831936,0.000666589,1.94E-08,4.09E-07,6.45E-07,3.32E-07,3.17E-10,4.82E-09,0.549487564,1.359483325,0.176948326,0.019207527,5.00E-07,8.72E-07,0.003226114,3.63E-10,3.77E-06,0.058349002,5.91E-09,0.130013736,0.018237053,0.031812647,0.000687867,3.21E-05,2.16E-06,0.00305571,1.60E-05,3.343743
NZE,2045,Zirconium,Other low emissions power generation,0.454687494,0.136399915,6.13E-06,1.84E-06,3.34E-12,0.02575301,0.295620788,0.040210475,0.00067652,1.96E-08,4.09E-07,6.57E-07,3.39E-07,2.87E-10,4.45E-09,0.577642098,1.356106998,0.163593198,0.017758044,5.03E-07,8.92E-07,0.003252701,3.66E-10,3.80E-06,0.057982824,5.88E-09,0.12959309,0.018363042,0.032573534,0.000670769,3.18E-05,2.16E-06,0.003060795,1.54E-05,3.313978494
NZE,2050,Zirconium,Other low emissions power generation,0.431962452,0.129563827,5.82E-06,1.75E-06,3.02E-12,0.025925013,0.308337572,0.039016288,0.000680995,1.97E-08,4.10E-07,6.65E-07,3.42E-07,2.81E-10,4.34E-09,0.588327401,1.355586654,0.155277641,0.016855485,5.05E-07,9.08E-07,0.00327359,3.65E-10,3.82E-06,0.057891104,5.88E-09,0.130059734,0.018430351,0.033152859,0.000666042,3.17E-05,2.17E-06,0.003066603,1.50E-05,3.298106691
NZE,2022,Zirconium,Hydrogen technologies,1.302754812,0.392825669,1.76E-05,5.29E-06,1.76E-12,0.036000489,0.389438865,0.118636863,0.000646808,2.40E-08,4.26E-07,7.53E-07,3.14E-07,4.75E-10,6.84E-09,0.472745073,1.356772831,0.470999453,0.051126941,5.06E-07,8.23E-07,0.003929257,3.62E-10,5.63E-06,0.083363692,8.45E-09,0.216628512,0.018454261,0.030053066,0.000889512,3.67E-05,2.18E-06,0.003127122,3.22E-05,4.948431278
NZE,2030,Zirconium,Hydrogen technologies,0.702497875,0.21093817,9.47E-06,2.84E-06,3.54E-12,0.028459623,0.292906164,0.055024993,0.000640687,1.94E-08,4.15E-07,6.29E-07,3.10E-07,4.22E-10,6.25E-09,0.482403335,1.364976864,0.253515174,0.027518509,4.97E-07,8.32E-07,0.003306694,3.52E-10,4.08E-06,0.064062817,6.47E-09,0.14661906,0.01815021,0.03035475,0.000862331,3.41E-05,2.16E-06,0.003061034,1.99E-05,3.685333743
NZE,2035,Zirconium,Hydrogen technologies,0.548112703,0.164487886,7.39E-06,2.22E-06,3.70E-12,0.02651078,0.280623513,0.043766141,0.0006509,1.90E-08,4.10E-07,6.24E-07,3.18E-07,3.62E-10,5.43E-09,0.510014169,1.364453099,0.197514074,0.021439661,4.96E-07,8.49E-07,0.003210443,3.48E-10,3.77E-06,0.059527952,6.02E-09,0.132384939,0.018117396,0.030999313,0.000747993,3.29E-05,2.16E-06,0.003052746,1.69E-05,3.405647941
NZE,2040,Zirconium,Hydrogen technologies,0.491415384,0.147434272,6.62E-06,1.99E-06,3.70E-12,0.025853814,0.285998604,0.041831936,0.000666589,1.94E-08,4.09E-07,6.45E-07,3.32E-07,3.17E-10,4.82E-09,0.549487564,1.359483325,0.176948326,0.019207527,5.00E-07,8.72E-07,0.003226114,3.63E-10,3.77E-06,0.058349002,5.91E-09,0.130013736,0.018237053,0.031812647,0.000687867,3.21E-05,2.16E-06,0.00305571,1.60E-05,3.343743
NZE,2045,Zirconium,Hydrogen technologies,0.454687494,0.136399915,6.13E-06,1.84E-06,3.34E-12,0.02575301,0.295620788,0.040210475,0.00067652,1.96E-08,4.09E-07,6.57E-07,3.39E-07,2.87E-10,4.45E-09,0.577642098,1.356106998,0.163593198,0.017758044,5.03E-07,8.92E-07,0.003252701,3.66E-10,3.80E-06,0.057982824,5.88E-09,0.12959309,0.018363042,0.032573534,0.000670769,3.18E-05,2.16E-06,0.003060795,1.54E-05,3.313978494
NZE,2050,Zirconium,Hydrogen technologies,0.431962452,0.129563827,5.82E-06,1.75E-06,3.02E-12,0.025925013,0.308337572,0.039016288,0.000680995,1.97E-08,4.10E-07,6.65E-07,3.42E-07,2.81E-10,4.34E-09,0.588327401,1.355586654,0.155277641,0.016855485,5.05E-07,9.08E-07,0.00327359,3.65E-10,3.82E-06,0.057891104,5.88E-09,0.130059734,0.018430351,0.033152859,0.000666042,3.17E-05,2.17E-06,0.003066603,1.50E-05,3.298106691
