Scenario,Year,Metal,Technology,"Climate change, ecosystem quality, long term","Climate change, ecosystem quality, short term","Climate change, human health, long term","Climate change, human health, short term",Fisheries impact,Freshwater acidification,"Freshwater ecotoxicity, long term","Freshwater ecotoxicity, short term",Freshwater eutrophication,"Human toxicity cancer, long term","Human toxicity cancer, short term","Human toxicity non-cancer, long term","Human toxicity non-cancer, short term","Ionizing radiations, ecosystem quality","Ionizing radiations, human health","Land occupation, biodiversity","Land transformation, biodiversity","Marine acidification, long term","Marine acidification, short term","Marine ecotoxicity, long term","Marine ecotoxicity, short term",Marine eutrophication,Ozone layer depletion,Particulate matter formation,"Photochemical ozone formation, ecosystem quality","Photochemical ozone formation, human health",Terrestrial acidification,"Terrestrial ecotoxicity, long term","Terrestrial ecotoxicity, short term",Thermally polluted water,"Water availability, freshwater ecosystem","Water availability, human health","Water availability, terrestrial ecosystem",Total human health,Total ecosystem quality
NZE,2022,Aluminium,Electricity networks,48329915174,14378273966,651340.9322,193775.6027,0.005028716,1099633061,13705965318,5720565224,2339679.015,712.3635887,11056.5768,21115.89951,6677.99256,5.381344574,84.04296268,911240268.5,1091008855,16459847114,1786723478,6926.05197,5869.825111,71983397.33,1.242826113,150324.3926,1878367904,191.6546599,8663157079,252860429.5,214248613.4,32293081.83,187931.6345,4100.591787,4645413.289,1039381.293,1.14603E+11
NZE,2030,Aluminium,Electricity networks,51167637543,15025028428,689584.8379,202491.8949,0.0173756,1478891324,18135923495,5611871304,3105335.673,984.9122129,16261.15492,29839.72151,11186.30079,8.802360366,144.6834332,1400841214,2067075550,17014912413,1846960971,10538.89741,9196.588313,83552908.51,1.524693223,162411.2827,2187784508,222.9068346,11002990977,384745328.5,335675468.1,46503404.75,234784.5,5863.336357,4457127.366,1118992.559,1.27798E+11
NZE,2035,Aluminium,Electricity networks,54934720966,16026061074,740353.7169,215982.7844,0.024383978,1773646152,21820040709,5871464860,3845085.938,1199.249233,20002.56909,36660.34473,14471.43762,10.53093774,176.0413161,1962374042,2766021947,18030865951,1957235065,13194.76241,11825.74648,95426058.35,1.722390829,180593.3125,2487849272,253.5619397,12971070880,481697814.5,431639739.5,51593541.07,266671.1274,7115.015473,4661339.77,1216809.759,1.41671E+11
NZE,2040,Aluminium,Electricity networks,55820302522,16178231040,752288.675,218033.5749,0.028087438,1961284507,23878148980,5569095224,4310304.361,1336.760624,22289.19332,41142.54279,16902.875,11.26175093,192.2156876,2476724120,3155751454,18146272627,1969758741,14957.06618,13671.45311,101490037.8,2.061832718,188804.0261,2641443876,269.0326319,14096741855,546028520.6,499008030.2,54769067.08,278196.3976,7841.214869,4597296.37,1249102.176,1.47104E+11
NZE,2045,Aluminium,Electricity networks,46185690747,13295461860,622443.2781,179182.574,0.023495088,1765813544,21322044389,4238522444,3819373.122,1212.178039,20249.84676,37575.80872,16030.27178,10.04335992,175.0181932,2342352167,2886323326,14870614607,1614186219,13808.90065,12858.88153,87681407.81,1.896784932,161151.4155,2282797823,232.3469965,12469855890,504108283.7,469349168.2,48571378.25,245443.0821,7132.433908,3688880.438,1045387.072,1.24391E+11
NZE,2050,Aluminium,Electricity networks,33354042461,9522946752,449511.5086,128340.4916,0.017354768,1390636878,16612143899,2733272021,2921119.645,953.2854523,16084.37616,29711.87142,13041.1404,7.892436146,139.515185,1830700335,2316625545,10615066701,1152248307,11091.1411,10447.98171,66047055.38,1.496483498,119956.0069,1726785695,175.5843396,9651063200,404890259.2,381351325.8,41154689.05,187430.7298,5691.010209,2546176.974,763606.2892,91804652235
NZE,2022,Arsenic,Solar PV,0,0,0,0,0,0,0,0,0,0,0,0,0,0,0,0,0,0,0,0,0,0,0,0,0,0,0,0,0,0,0,0,0,0,0
NZE,2030,Arsenic,Solar PV,600256.0794,182310.4893,8.089634615,2.456993447,2.60E-06,39405.37514,660104.919,71029.58983,512.1586452,0.05390334,7.0698322,2.83959496,2.212251778,0.000655804,0.009207205,80817.69163,113782.6649,215165.0389,23355.4707,0.383224653,0.751837852,3840.041915,0.000266427,2.034081199,74809.90743,0.007625426,212921.1718,13989.19828,27442.08091,937.9695327,22.16645131,1.763599601,327.0800721,26.53699048,2321030.242
NZE,2035,Arsenic,Solar PV,2635682.16,804153.8509,35.52101573,10.83755931,1.60E-05,215296.2335,3806231.887,359053.2955,3057.212604,0.313461599,41.36125644,16.60866192,13.00002378,0.003047063,0.042758787,589028.741,665090.8849,940848.7889,102125.6031,2.200148175,4.493359579,21774.8072,0.001527591,9.723717646,410151.3908,0.041856672,1160406.985,80313.88186,164007.6205,4750.913105,121.245237,10.29059728,1845.103959,137.7424384,11963947.36
NZE,2040,Arsenic,Solar PV,11179179.1,3416642.28,150.6614882,46.04599396,7.56E-05,999092.3685,18121115.49,1647621.911,14828.31266,1.49552088,196.0138376,79.23470385,61.94465322,0.011592385,0.162963057,3482309.455,3017518.524,3983242.18,432372.659,10.35671476,21.82946297,103449.723,0.007685481,45.81056112,1912422.881,0.195404294,5426382.62,378060.1812,796775.3781,20520.0863,552.2862817,48.72235071,8790.961711,630.2951702,54940908.83
NZE,2045,Arsenic,Solar PV,8339506.6,2552574.498,112.3913003,34.40097625,5.57E-05,807429.4955,14852447.32,1278105.679,12225.54629,1.217868957,159.8091857,64.67584846,50.53338382,0.0077841,0.109999321,3163714.015,2371116.046,2966250.857,321984.9346,8.383421754,18.16984534,84711.45665,0.006346646,37.91567499,1548352.613,0.158413307,4395228.748,306027.5195,663199.3382,16030.61749,440.7288444,39.70263639,7236.137933,500.9216406,43686608.89
NZE,2050,Arsenic,Solar PV,10087290.25,3090205.768,135.9461323,41.64661808,6.36E-05,1019329.712,18942662.92,1568532.275,15555.79879,1.538751276,202.6333306,81.90195677,63.95859024,0.008590945,0.121492343,4088007.377,2950075.151,3583560.053,388996.384,10.50790094,23.31618893,107636.4351,0.008045075,48.30931959,1956971.887,0.200347723,5545351.994,383579.6604,851040.8742,19682.09838,551.0219177,50.50919148,9262.926859,626.7737836,54608326.64
NZE,2022,Boron,Wind,241737.9487,72987.25255,3.257895662,0.983647194,1.13E-07,20237.7729,133950.3905,19279.93403,73.79024728,0.010020572,0.117175089,0.356799743,0.22122114,5.57E-05,0.000853086,14189.03707,20831.231,87400.42949,9487.324239,0.098680672,0.184139051,894.0790555,1.80E-05,1.028878109,24475.29111,0.002482888,119443.3483,3602.018624,6721.075216,115.6508863,2.99858665,0.267243018,90.34623187,6.246234537,775520.2061
NZE,2030,Boron,Wind,565894.9331,170248.2397,7.626550395,2.294430841,7.84E-07,64398.16592,425388.1812,37749.93182,252.7834833,0.032918911,0.39355846,1.185741852,0.758527914,0.000188521,0.002870022,53105.14728,75440.3978,204452.2088,22193.0911,0.334713951,0.634734329,2766.425275,5.67E-05,2.71050974,74652.68038,0.007567047,377151.9708,12217.52069,23167.8025,384.7134357,9.271688078,0.911900652,279.3395763,15.92463253,2109753.786
NZE,2035,Boron,Wind,489219.7804,147163.2056,6.593201478,1.983314472,8.37E-07,63219.79022,423000.4601,32534.2669,259.9823457,0.032939882,0.389884461,1.19084992,0.765207479,0.000172914,0.002598472,68200.68139,76075.22704,176639.2046,19174.04075,0.336147901,0.646083103,2726.972358,5.45E-05,2.531177272,72534.23087,0.007357977,370608.7718,12269.84343,23582.03272,339.7854087,8.923769275,0.915220637,275.9892596,14.4118065,1977834.182
NZE,2040,Boron,Wind,402120.4034,120982.9978,5.419365578,1.630484532,7.46E-07,55474.01027,377125.0874,27785.78918,239.1853894,0.029368964,0.343364353,1.064448657,0.683704197,0.000138622,0.002073739,82084.42609,65906.997,145138.1158,15754.75576,0.299938379,0.584131913,2425.561587,5.57E-05,2.23855708,63666.36454,0.006464817,326458.1415,10948.15163,21320.81435,279.3471481,7.742496334,0.811455424,245.9951713,12.22934298,1717964.779
NZE,2045,Boron,Wind,368407.5626,110853.0012,4.965018554,1.493962847,6.70E-07,54248.70587,375905.9349,25656.03191,240.3767886,0.028849921,0.336417714,1.048351213,0.672943041,0.000127227,0.001905978,96785.84601,64298.55998,132893.105,14425.66266,0.296592561,0.58489672,2386.342596,5.62E-05,2.203190375,61954.15825,0.006297677,319277.8529,10826.03,21348.72981,272.5816017,7.563367014,0.796779642,244.4387159,11.5537732,1660033.374
NZE,2050,Boron,Wind,498759.4514,150096.3013,6.721767361,2.022843722,8.74E-07,76985.59394,545411.3268,34821.59791,344.1157972,0.040959376,0.477233723,1.49046652,0.955438903,0.000186116,0.002731409,144416.9472,92219.24878,179782.4408,19515.61065,0.422699566,0.842411256,3399.21115,8.01E-05,3.133565409,87627.80419,0.008914044,452440.8034,15429.11459,30748.01012,390.8975136,10.79631093,1.143728873,351.7224646,15.99772942,2332752.27
NZE,2022,Cadmium,Solar PV,1407300.542,426671.7467,18.96615057,5.750243387,3.56E-07,62100.21041,1072268.426,162845.6358,119.7558955,0.077975464,11.04828205,4.287125875,3.880840617,0.001177284,0.01620767,94614.64317,136962.8388,507603.5379,55101.06983,0.323953561,0.505037527,5544.624971,6.74E-05,3.951063412,125736.885,0.012927068,338293.5872,11826.8439,18433.86931,1574.57117,32.18473301,1.974184033,451.5642738,49.96506794,4427483.391
NZE,2030,Cadmium,Solar PV,1208284.851,366551.562,16.28402159,4.940005314,1.77E-06,99895.80387,2136727.674,169126.8337,255.0035362,0.160173968,24.55345852,9.181847627,8.622196087,0.002066414,0.029367435,221010.961,339439.8993,432772.0968,46977.26447,0.666861736,1.139825618,10145.3316,9.26E-05,4.005804061,218932.7805,0.022514778,521528.6136,24345.02274,41603.63407,3299.514156,60.12305382,4.304325974,742.7984325,72.10380885,5841701.601
NZE,2035,Cadmium,Solar PV,750042.4264,228288.0802,10.10830108,3.076632175,1.86E-06,84106.60616,1998254.278,130970.8963,260.8158672,0.150850651,23.39385378,8.710920267,8.223904705,0.001531793,0.022142837,248544.9862,330882.9878,266852.7771,28966.56714,0.605205393,1.112397873,9313.692,7.19E-05,3.028795059,196761.6834,0.020261883,449431.0602,22094.16272,40602.52135,2685.053703,51.97079875,4.057562789,671.8621765,60.79329797,4788784.163
NZE,2040,Cadmium,Solar PV,467945.3907,142593.8638,6.306487116,1.921733579,1.36E-06,57312.18125,1445234.076,91361.90979,204.7821716,0.109436155,16.96552794,6.325052658,5.970688839,0.000883473,0.013032278,216051.8195,237718.3166,165985.6778,18017.68225,0.42591078,0.825723189,6734.108598,6.03E-05,2.130880479,140705.2302,0.014502891,315071.6964,15548.74109,30138.89563,1770.966133,35.52402869,2.925614366,487.8706936,42.6830172,3352919.996
NZE,2045,Cadmium,Solar PV,266025.6565,81161.5584,3.585220431,1.093812089,7.81E-07,35369.68893,912067.1957,55439.74827,134.3605129,0.06878677,10.70554378,3.985109254,3.763067352,0.00045713,0.006903888,150688.6002,148300.9112,94121.93981,10216.97354,0.26199097,0.531977786,4248.397474,3.88E-05,1.334125046,88234.92074,0.009101858,195917.156,9564.554453,19417.1887,1069.267581,21.70919209,1.840465918,310.470053,26.39217562,2072311.098
NZE,2050,Cadmium,Solar PV,200293.7246,61155.87098,2.699352999,0.82419599,5.74E-07,28168.86501,731871.5577,42921.92072,108.722468,0.054830963,8.564044608,3.182513036,3.005523106,0.000318242,0.004888531,122934.0423,117906.5755,70727.70279,7677.547719,0.204416215,0.432152283,3399.069754,3.09E-05,1.062824567,70381.71384,0.007263683,155894.6262,7462.696049,15773.55793,832.0823769,17.02830066,1.476317895,250.9546792,20.88178665,1637778.901
NZE,2022,Cadmium,Other low emissions power generation,42008.97141,12736.47005,0.566153748,0.171649056,1.06E-08,1853.737624,32008.01271,4861.063756,3.574802849,0.002327626,0.329799464,0.127973907,0.115845989,3.51E-05,0.000483811,2824.317707,4088.442949,15152.34441,1644.808055,0.009670256,0.015075747,165.5111932,2.01E-06,0.117942191,3753.339851,0.000385883,10098.31603,353.0401165,550.2647555,47.00212449,0.960738299,0.058930867,13.47953056,1.491494565,132163.6833
NZE,2030,Cadmium,Other low emissions power generation,24327.88291,7380.232792,0.327866206,0.099463194,3.56E-08,2011.32491,43021.36257,3405.238263,5.134299386,0.003224979,0.494364937,0.184869415,0.173601264,4.16E-05,0.000591291,4449.88512,6834.360389,8713.532151,945.8509625,0.013426746,0.022949509,204.2684216,1.86E-06,0.080653773,4408.042561,0.000453318,10500.57611,490.1682432,837.6570618,66.43317092,1.210531285,0.086664281,14.95567314,1.451754541,117618.153
NZE,2035,Cadmium,Other low emissions power generation,15845.96675,4822.98761,0.213555657,0.064999271,3.93E-08,1776.90013,42216.63968,2766.990768,5.510194377,0.003186986,0.494236348,0.184033527,0.173744466,3.24E-05,0.000467806,5250.950413,6990.485659,5637.734727,611.9697284,0.012786029,0.023501364,196.7681408,1.52E-06,0.063988628,4156.936974,0.000428068,9495.022399,466.7780855,857.7997468,56.72648668,1.097974621,0.085723158,14.19427133,1.28436545,101171.4964
NZE,2040,Cadmium,Other low emissions power generation,13629.4774,4153.219334,0.183684091,0.055972823,3.96E-08,1669.286833,42094.19639,2661.026499,5.964529269,0.003187461,0.49414159,0.184224835,0.173903558,2.57E-05,0.000379581,6292.771443,6923.834465,4834.534305,524.7868618,0.012405168,0.02405019,196.1390854,1.76E-06,0.06206448,4098.210589,0.000422414,9176.845525,452.8759542,877.8319116,51.58153785,1.034680447,0.085212069,14.20982603,1.243194676,97657.86396
NZE,2045,Cadmium,Other low emissions power generation,8185.404815,2497.27872,0.110314475,0.033655757,2.40E-08,1088.298121,28063.60602,1705.838408,4.134169629,0.002116516,0.329401347,0.122618746,0.115786688,1.41E-05,0.000212427,4636.572315,4563.104959,2896.059686,314.3684168,0.008061261,0.016368547,130.7199223,1.19E-06,0.041050001,2714.920638,0.000280057,6028.220186,294.2939832,597.4519601,32.90054094,0.667975141,0.056629721,9.552924707,0.812066942,63763.41839
NZE,2050,Cadmium,Other low emissions power generation,7703.604793,2352.148884,0.103821269,0.031699846,2.21E-08,1083.417885,28148.90607,1650.843105,4.181633386,0.002108883,0.329386331,0.122404348,0.115597043,1.22E-05,0.00018802,4728.232397,4534.86829,2720.296261,295.2902969,0.007862162,0.016621242,130.7334521,1.19E-06,0.040877868,2706.988994,0.000279372,5995.94716,287.0267711,606.6753052,32.00316834,0.654934641,0.056781457,9.652103045,0.80314564,62991.49618
NZE,2022,Chromium,Wind,105733365.6,32255783.48,1424.96565,434.710306,2.05E-05,6999590.112,75533567.92,16801612.57,50126.31545,0.93519879,661.4292595,20.26798543,8.067962982,0.042329769,0.656191557,3248595.421,5178955.797,38230525.29,4149976.272,56.35738074,21587.90736,215261.7523,0.002373595,724.5475518,4352706.871,0.429804283,24711690.42,2057116.098,787958589.3,62876.85757,591.5275605,17.78829313,21774.32575,3293.800582,1107584359
NZE,2030,Chromium,Wind,170965125.8,52319787.67,2304.092282,705.1123382,0.000106957,9825032.823,173467557.7,33368239.51,122228.5636,1.701055629,1618.130664,33.94633851,19.27621741,0.10156204,1.544079162,8494610.242,13471460.73,61754076.22,6703456.826,137.3742936,52856.50415,440438.3517,0.004004926,1376.280455,7809875.238,0.764554532,36105084.54,5014294.977,1929262329,151824.995,1017.319208,41.91065053,41898.47671,6102.762652,2509371354
NZE,2035,Chromium,Wind,154175157.6,47277609.18,2077.814343,637.1590374,0.000124856,6331017.282,184891357.9,34153795.57,132885.6424,1.729059277,1745.942787,34.62051117,22.00329916,0.093840163,1.406023457,11066189.69,14680552.16,55652639.27,6041140.034,146.9240988,57042.82333,457827.5194,0.003580673,1350.965927,7501842.789,0.734987709,27481960.91,5362863.493,2082062974,144511.2032,873.0967471,45.00761942,42193.76279,5917.387191,2637514603
NZE,2040,Chromium,Wind,126431091.2,38804032.76,1703.908327,522.9608813,0.00010994,3283745.967,161422429.6,29605005.02,117203.3334,1.512511073,1527.425434,31.04354363,20.30909251,0.065553609,0.980540924,11568355.66,12635273.31,45626856.06,4952851.932,127.2698437,49905.49964,400025.5841,0.004183396,1146.352593,6325852.23,0.620477979,18711130.85,4645463.857,1821550669,113066.6036,638.0182056,38.457169,36244.61921,4993.574768,2286279987
NZE,2045,Chromium,Wind,106316632,32641514.76,1432.826315,439.9087958,8.62E-05,2331866.783,139448691.6,25435940.33,101438.7201,1.311463718,1318.186198,27.40034665,18.02809833,0.046683433,0.700209564,10678498.15,10781839.82,38364089.06,4164483.971,109.0175951,43066.77218,345665.2994,0.003776571,983.1358961,5391225.701,0.529206021,14985687.99,3979240.054,1571937126,91970.11407,508.1239477,32.62635096,31271.3202,4254.656669,1967070882
NZE,2050,Chromium,Wind,134347037.1,41252200.1,1810.591311,555.9547651,9.97E-05,2969276.766,177864516.9,32326560.84,129217.1993,1.675329028,1678.59196,35.29342909,23.14452668,0.051519724,0.774149893,13612727.08,13662575.82,48475802.1,5262135.719,137.8979639,54841.47918,440283.8304,0.004723664,1251.365101,6838103.157,0.671377433,19086258.68,5033399.517,2001713915,112829.6832,626.7793295,41.42548663,40021.6089,5399.492174,2503222488
NZE,2022,Chromium,Other low emissions power generation,248578860.6,75833260.96,3350.090444,1022.00277,4.81E-05,16456017.69,177579216.8,39500546.35,117846.834,2.198649863,1555.018426,47.6499797,18.96775946,0.099517173,1.5427046,7637439.173,12175711.27,89879863.02,9756583.151,132.4960519,50753.11265,506079.8057,0.005580317,1703.409363,10233202.25,1.010468723,58097118.3,4836274.462,1852488542,147823.3245,1390.679718,41.82022972,51191.38178,7743.716386,2603927875
NZE,2030,Chromium,Other low emissions power generation,738128472.1,225886564.6,9947.737046,3044.267013,0.000461776,42418805.78,748932524.8,144064747.3,527712.2015,7.344173769,6986.151759,146.5606442,83.2235512,0.438486115,6.666440229,36674811.01,58161971.22,266618362.7,28941647.14,593.1026984,228203.7957,1901557.912,0.017290953,5941.98252,33718521.54,3.300904003,155880860.3,21648823.83,8329438233,655492.4643,4392.195597,180.9459344,180893.3749,26348.19733,10834013279
NZE,2035,Chromium,Other low emissions power generation,539390790.7,165403476.2,7269.354799,2229.138095,0.000436816,22149433.62,646853211.2,119489048,464908.1788,6.049214837,6108.282785,121.1218798,76.97982685,0.328305291,4.919055159,38715710.76,51360768.9,194704007.9,21135281.14,514.0225384,199567.6481,1601736.308,0.012527192,4726.433175,26245635.02,2.571397415,96147244.88,18762291.06,7284218882,505580.8821,3054.579948,157.4617844,147617.3427,20702.32459,9227498837
NZE,2040,Chromium,Other low emissions power generation,415767421.5,127606686.7,5603.286065,1719.751804,0.000361536,10798566.88,530836099.8,97355772.89,385422.0291,4.973878046,5022.923779,102.0863932,66.78625443,0.215572409,3.224499351,38042425.79,41550974.15,150043475.2,16287405.71,418.5256509,164113.7532,1315480.267,0.013757059,3769.769423,20802503.92,2.040435838,61531372.95,15276563,5990151769,371818.4332,2098.116703,126.4660286,119190.08,16421.32236,7518409642
NZE,2045,Chromium,Other low emissions power generation,320088828.3,98274221.22,4313.828305,1324.438974,0.000259408,7020580.808,419839939,76580307.16,305402.8372,3.9484404,3968.679855,82.49457011,54.27742359,0.140550401,2.108129787,32149889.39,32461021.47,115503248,12538064.55,328.220652,129661.6755,1040698.888,0.011370169,2959.939673,16231431.39,1.59328726,45117600.32,11980348.35,4732650980,276895.5853,1529.815194,98.22856738,94148.95912,12809.54863,5922285176
NZE,2050,Chromium,Other low emissions power generation,250356354.4,76873674.73,3374.045678,1036.024398,0.000185732,5533261.636,331451388.8,60240702.71,240796.8768,3.121983759,3128.064249,65.76947609,43.12993758,0.096007255,1.442632076,25367382.85,25460276.23,90334892.04,9806015.403,256.9735238,102197.3621,820471.0508,0.008802571,2331.924928,12742838.36,1.251115099,35567335.51,9379764.383,3730203578,210258.6613,1168.006317,77.196595,74580.46205,10061.97982,4664767233
NZE,2022,Cobalt,Low emissions power generation,68815.02796,20633.63744,0.927418233,0.278078964,3.96E-08,2187.408903,19527.54078,4604.745482,22.35226312,0.000863043,0.049706066,0.028384432,0.02455964,1.71E-05,0.000209303,2373.642749,4840.796664,24904.8906,2703.416442,0.019360736,0.02287323,145.9613546,8.18E-06,0.399675073,5352.886756,0.000541167,18572.21424,706.7106402,834.8728882,24.1114149,1.188030357,0.083115673,16.01434279,1.792559773,176267.4622
NZE,2030,Cobalt,Low emissions power generation,172570.0375,51424.07664,2.325721632,0.693040866,2.51E-07,6355.913154,55274.22794,8444.000379,69.89998677,0.002465597,0.154883459,0.082695299,0.077199041,5.60E-05,0.00070124,8016.738799,15850.20133,62466.87407,6780.71455,0.060612801,0.072578848,398.2496843,2.54E-05,1.056005859,13957.90849,0.001403446,52554.64071,2212.476846,2649.127932,75.03758219,3.551807008,0.260860079,45.24451031,4.655001903,459149.0579
NZE,2035,Cobalt,Low emissions power generation,142315.4653,42362.65508,1.917981598,0.570920337,2.33E-07,5532.236756,48831.00256,6663.052891,62.96454641,0.002205222,0.136467138,0.074774164,0.069819523,4.93E-05,0.000615313,9442.470823,13891.47088,51512.25597,5591.62246,0.054207512,0.066254583,341.4561333,2.24E-05,0.87473844,11224.21451,0.001125527,45078.1016,1978.668751,2418.292238,59.666774,3.095635218,0.231579031,39.57342509,3.880248699,387348.3892
NZE,2040,Cobalt,Low emissions power generation,98701.07215,29371.05724,1.330191625,0.39583293,1.69E-07,4000.920603,36268.37117,4781.73565,47.42775485,0.001657136,0.099008479,0.056859717,0.052324868,3.57E-05,0.000444536,10583.61545,9764.885161,35722.80378,3877.720295,0.040125482,0.050454324,247.2211928,1.81E-05,0.613881468,7597.297474,0.000760694,32243.05863,1464.650572,1841.582799,41.59367833,2.23465428,0.168668482,29.03971053,2.719648033,276586.3802
NZE,2045,Cobalt,Low emissions power generation,65728.99595,19552.77559,0.885827864,0.263512219,1.10E-07,2862.377222,27082.57811,3317.939326,35.5175224,0.001219298,0.070649567,0.04230781,0.038374778,2.53E-05,0.000315485,11837.10831,6882.202692,23780.30135,2581.375069,0.029314448,0.038346883,177.6181595,1.30E-05,0.43030742,5182.902668,0.000519313,22799.17429,1070.030083,1399.661204,30.14225477,1.599701335,0.121805672,21.28288037,1.854852454,194343.6511
NZE,2050,Cobalt,Low emissions power generation,51945.72189,15447.69618,0.70007106,0.208188176,8.72E-08,2502.829812,25608.30383,2783.245193,31.43792309,0.001097573,0.060782343,0.038358251,0.034070021,2.18E-05,0.000269783,12588.77522,6194.946748,18774.56109,2038.002668,0.025787653,0.035469893,153.8022111,1.10E-05,0.36139506,4257.606091,0.000427099,19498.36923,941.2973591,1294.651073,27.15124528,1.398764673,0.110419758,19.19501724,1.515090087,164109.0537
NZE,2022,Cobalt,Electric vehicles,258000137.2,77359283.99,3477.060728,1042.568941,0.000148313,8200996.406,73212325.12,17264033.76,83802.72627,3.23570672,186.3571413,106.4184307,92.07858801,0.06416561,0.784714768,8899221.186,18149032.86,93372993.99,10135603.13,72.58694318,85.7559269,547235.8382,0.030678129,1498.455015,20068952.35,2.028934944,69630631.05,2649587.561,3130091.29,90398.10834,4454.143292,311.6158745,60040.70271,6720.634738,660858983.5
NZE,2030,Cobalt,Electric vehicles,795764787.8,237129631.8,10724.50008,3195.789522,0.001156438,29308748.82,254883668.8,38937455.59,322326.8011,11.36950068,714.2074315,381.3292737,355.9846153,0.258311515,3.2335972,36967242.65,73089351.31,288050808.3,31267617.22,279.5012007,334.6797207,1836431.632,0.117103038,4869.514378,64363502.81,6.4716499,242342953.2,10202299.27,12215809.64,346017.5737,16378.29482,1202.892855,208634.0635,21465.40996,2117254293
NZE,2035,Cobalt,Electric vehicles,750705263.3,223460381.3,10117.23411,3011.569409,0.001227316,29182206.18,257580513.5,35147191.24,332134.0818,11.63241112,719.8556995,394.4290853,368.2936588,0.259979687,3.245736692,49808448.65,73276648.33,271723959.2,29495462.09,285.9412693,349.48882,1801159.951,0.118227507,4614.191081,59207036.23,5.937086339,237784193.4,10437355.09,12756341.75,314738.5366,16329.284,1221.565043,208747.3659,20468.07151,2043238757
NZE,2040,Cobalt,Electric vehicles,754587309.5,224546973.7,10169.55234,3026.213386,0.001293637,30587751.97,277278169.6,36557222.33,362593.6491,12.66910077,756.937492,434.7026797,400.0329549,0.272800335,3.398555564,80913628.73,74654289.57,273107209.5,29645863.62,306.7664685,385.7323105,1890050.135,0.138399508,4693.233365,58082694.91,5.815641271,246503936.9,11197514.99,14079229.12,317991.0931,17084.33073,1289.500647,222013.769,20792.19453,2114552233
NZE,2045,Cobalt,Electric vehicles,737908528.9,219509817,9944.772878,2958.327764,0.001235742,32134563.06,304043369,37248944.57,398738.5221,13.68848601,793.1494695,474.9698927,430.8155914,0.284475282,3.541805765,132889648.7,77263253.31,266970260.7,28979884.02,329.0995214,430.5024219,1994035.553,0.146286992,4830.85905,58186011.03,5.830087055,255955608.5,12012724.57,15713338.15,338392.9201,17959.09464,1367.454996,238932.8898,20823.55627,2181804782
NZE,2050,Cobalt,Electric vehicles,661407157.4,196690246,8913.766006,2650.789033,0.001110327,31867678.25,326061797.4,35438111.64,400288.3508,13.97502475,773.9208372,488.4025277,433.8019589,0.276941333,3.435057176,160288580.6,78878143.75,239050082.1,25949192.78,328.3453859,451.6260485,1958311.09,0.139611333,4601.520018,54210646.02,5.438108741,248266084.3,11985218.18,16484350.49,345707.5445,17809.99345,1405.937111,244403.6068,19291.12526,2089544600
NZE,2022,Cobalt,Grid battery storage,10546102.77,3162164.827,142.129536,42.61640835,6.06E-06,335226.7633,2992652.303,705690.6103,3425.549201,0.132263866,7.617598909,4.34999655,3.763836185,0.002622856,0.032076272,363767.6407,741866.1391,3816746.771,414306.4163,2.967088975,3.505388904,22369.00124,0.00125401,61.25136503,820345.432,0.082935446,2846245.738,108305.4568,127946.6933,3695.144317,182.0691005,12.73771818,2454.244513,274.7149882,27013500.2
NZE,2030,Cobalt,Grid battery storage,22329878.46,6654071.578,300.9391558,89.67673955,3.25E-05,822429.9556,7152265.887,1092620.161,9044.781075,0.319038455,20.04130541,10.70044373,9.989249734,0.007248454,0.090737657,1037334.208,2050953.192,8082965.771,877397.5715,7.843056059,9.391415154,51531.92976,0.003286017,136.6429703,1806098.004,0.18160034,6800362.085,286285.7295,342786.6484,9709.565548,459.5897409,33.75425965,5854.460202,602.3387853,59412067.18
NZE,2035,Cobalt,Grid battery storage,16875967.46,5023423.048,227.4369477,67.70053419,2.76E-05,656020.3929,5790448.763,790114.156,7466.424214,0.261498355,16.18246461,8.866825282,8.279296956,0.005844383,0.07296465,1119701.432,1647270.098,6108395.554,663062.4329,6.428002828,7.856561344,40490.34714,0.002657772,103.7277109,1330983.098,0.133466596,5345424.505,234633.3154,286764.485,7075.369737,367.0847654,27.46096627,4692.672245,460.1253324,45932315.2
NZE,2040,Cobalt,Grid battery storage,0,0,0,0,0,0,0,0,0,0,0,0,0,0,0,0,0,0,0,0,0,0,0,0,0,0,0,0,0,0,0,0,0,0,0
NZE,2045,Cobalt,Grid battery storage,0,0,0,0,0,0,0,0,0,0,0,0,0,0,0,0,0,0,0,0,0,0,0,0,0,0,0,0,0,0,0,0,0,0,0
NZE,2050,Cobalt,Grid battery storage,0,0,0,0,0,0,0,0,0,0,0,0,0,0,0,0,0,0,0,0,0,0,0,0,0,0,0,0,0,0,0,0,0,0,0
NZE,2022,Cobalt,Hydrogen technologies,21335.72509,6397.347049,0.287540978,0.08621687,1.23E-08,678.1942315,6054.407796,1427.676288,6.930197592,0.000267582,0.015411095,0.008800439,0.007614583,5.31E-06,6.49E-05,735.9350223,1500.862673,7721.625857,838.179562,0.006002691,0.007091721,45.254524,2.54E-06,0.123917082,1659.633421,0.000167786,5758.213999,219.1117897,258.8477975,7.475613033,0.36834235,0.025769562,4.965159868,0.555773407,54650.76782
NZE,2030,Cobalt,Hydrogen technologies,216297.3982,64454.37544,2.915034066,0.868649844,3.14E-07,7966.432057,69280.11298,10583.61776,87.61187919,0.003090352,0.194129235,0.103649384,0.096760434,7.02E-05,0.000878926,10048.09276,19866.46905,78295.297,8498.873482,0.075971422,0.090969535,499.1618002,3.18E-05,1.323586199,17494.6899,0.001759064,65871.41208,2773.094289,3320.387987,94.05128511,4.451796071,0.326959171,56.70897456,5.834528492,575492.4092
NZE,2035,Cobalt,Hydrogen technologies,211688.1167,63012.62237,2.852914906,0.849219378,3.46E-07,8228.963575,72634.01027,9911.003804,93.65704718,0.003280173,0.202988982,0.111223345,0.103853529,7.33E-05,0.000915251,14045.2681,20662.9638,76622.25909,8317.297248,0.080631337,0.098550834,507.9012716,3.33E-05,1.301135703,16695.535,0.001674173,67051.73196,2943.184429,3597.105405,88.75175296,4.604623875,0.344463821,58.86376306,5.771702589,576164.0229
NZE,2040,Cobalt,Hydrogen technologies,161035.7573,47920.35529,2.170274457,0.64582131,2.76E-07,6527.702944,59173.66944,7801.641915,77.38076449,0.002703701,0.161537307,0.092769484,0.085370651,5.82E-05,0.000725282,17267.70026,15931.90066,58283.54883,6326.695452,0.065466739,0.082318764,403.3537948,2.95E-05,1.001578452,12395.37247,0.00124111,52606.16983,2389.650982,3004.634845,67.86217558,3.645950711,0.275191102,47.37974648,4.437242383,451264.5731
NZE,2045,Cobalt,Hydrogen technologies,120359.4472,35804.00442,1.622080948,0.482529582,2.02E-07,5241.433178,49592.17895,6075.634312,65.03780105,0.002232714,0.129369736,0.077471816,0.070269856,4.64E-05,0.0005777,21675.48419,12602.32413,43545.2251,4726.876955,0.05367906,0.070218776,325.2449422,2.39E-05,0.787956097,9490.656155,0.000950939,41748.63733,1959.38227,2562.985274,55.19489639,2.929288142,0.223044078,38.97208042,3.396507322,355871.7744
NZE,2050,Cobalt,Hydrogen technologies,135316.2445,40240.54641,1.823653292,0.542320737,2.27E-07,6519.757902,66708.46754,7250.227224,81.89436073,0.002859128,0.15833524,0.099921501,0.088750857,5.67E-05,0.000702773,32793.18726,16137.5547,48906.8783,5308.904319,0.067175663,0.092397459,400.6477693,2.86E-05,0.941417704,11090.87035,0.001112574,50792.36561,2452.036836,3372.507201,70.72775987,3.643718397,0.28763845,50.00214745,3.946740813,427496.6257
NZE,2022,Copper,Solar PV,2757646752,849940104.8,37164.72918,11454.61939,0.002558826,2145010256,28521380385,380657443.1,948937.2194,2977.72926,6397.469922,103566.9519,71984.2653,1.749492146,22.04649561,850375595.1,1644604631,984011265.4,106813995.8,24034.4229,30096.94146,35435826.5,0.1276016,62440.18419,681637989.6,69.59676136,10561375157,877289518.7,1098538350,4858291.7,90270.42061,6098.278046,503289.9588,302175.997,51501172000
NZE,2030,Copper,Solar PV,3324120584,1038333635,44799.08138,13993.59379,0.01106279,4371051317,60799484960,575319284.1,2038830.376,6364.254652,13644.93468,221429.8606,154226.2366,3.642241201,45.97756474,1854472890,3561103009,1172219315,127241299.7,51151.20214,64320.65135,73105617.29,0.212534477,123206.3686,1369793754,139.855795,21901294256,1867088427,2347703747,10081896.67,179444.3081,12892.61335,771148.7808,590742.9875,1.04396E+11
NZE,2035,Copper,Solar PV,2643623434,834482866.6,35628.04007,11246.3026,0.011914086,4445760257,62176530031,542958952.6,2144150.089,6516.675742,13938.65489,226832.726,157998.2616,3.430944115,42.76808886,2012336052,3646302781,924698270.6,100372960,52693.08569,66166.68195,74356745.44,0.193365474,123854.1676,1378961312,140.8537674,22311264386,1923368616,2415083863,9708955.213,176558.3435,13106.13569,735820.3783,589304.7773,1.05443E+11
NZE,2040,Copper,Solar PV,1986789945,630465882.1,26775.91327,8496.771319,0.009964576,3715376233,52130553830,446594122.6,1861702.873,5467.825774,11677.84592,190393.4813,132579.3956,2.615570696,32.2702726,1831283974,3040517298,692121319.2,75128083.65,44471.16092,55760.43573,62433200.32,0.208069473,103649.1606,1151781222,117.6936798,18677318894,1623256920,2035255880,7841802.695,144577.8436,10940.09462,623644.071,490130.6588,88109448377
NZE,2045,Copper,Solar PV,1470148216,468355649.8,19813.14694,6312.016184,0.007169894,2954506884,41438082002,350781587.7,1512459.16,4353.782376,9291.593607,151738.3463,105575.3414,1.934240663,23.753539,1538647357,2409796322,510663539.9,55431716.97,36076.90725,44891.85405,49715975.53,0.172294725,82600.29814,914364057.9,93.46521734,14858993132,1316854518,1638552654,6153233.195,113755.7336,8680.873287,513058.0291,388482.788,69983266780
NZE,2050,Copper,Solar PV,1779062466,568075178.9,23976.37577,7655.933529,0.008169323,3723111132,52147556877,439449398.9,1925620.113,5488.028011,11706.882,191441.8534,133080.2501,2.343175385,28.66556411,1980645653,3031873161,616817847.9,66954853.15,46362.59585,57221.05122,62582234.87,0.215580263,104186.1906,1148805248,117.450057,18722053143,1692294487,2088568346,7706856.283,142558.2556,10957.55057,670490.2968,488639.3935,88078398749
NZE,2022,Copper,Wind,1144885699,352867629.1,15429.59297,4755.58732,0.001062342,890538849.9,11841154239,158036653,393968.0277,1236.256835,2656.022502,42997.64719,29885.53768,0.726332529,9.152991594,353048430.6,682786626.4,408529636.7,44345714.75,9978.31468,12495.27621,14711808.53,0.052976055,25923.14403,282994036.8,28.8943233,4384741219,364222220.8,456077576.5,2017005.509,37477.35766,2531.807716,208949.7054,125453.6961,21381620136
NZE,2030,Copper,Wind,1839866191,574706873.8,24795.82588,7745.308707,0.006123139,2419331469,33651882944,318433243.6,1128471.421,3522.548796,7552.329511,122559.1262,85362.61887,2.015942646,25.44810417,1026431468,1971033499,648811206.4,70426736.78,28311.65869,35600.81194,40463199.27,0.117635624,68193.44433,758166604.3,77.4087288,12122138717,1033414037,1299429621,5580225.01,99320.55927,7135.927478,426822.8345,326970.1031,57781834322
NZE,2035,Copper,Wind,1441090805,454892921.1,19421.54101,6130.579363,0.006494601,2423470811,33893641796,295977537.5,1168818.122,3552.367319,7598.233218,123650.9525,86127.94055,1.870274697,23.31372116,1096963714,1987670915,504071101.1,54715262.34,28724.03093,36068.7516,40533315.29,0.105407299,67515.32758,751698763.7,76.7821417,12162306303,1048465826,1316509418,5292541.254,96245.40399,7144.410731,401110.0702,321241.5524,57479031748
NZE,2040,Copper,Wind,1099755883,348984332.4,14821.37968,4703.252231,0.005515732,2056587249,28856036533,247205052.9,1030515.929,3026.627739,6464.085335,105389.2746,73387.20967,1.447807438,17.86269465,1013678033,1683029850,383112716.2,41585952.33,24616.30176,30865.29976,34558902.16,0.115173538,57373.33955,637550123.3,65.1474591,10338531950,898527975.3,1126583428,4340704.796,80028.75913,6055.714871,345208.2277,271304.0081,48771579706
NZE,2045,Copper,Wind,884847888.6,281892331.3,11925.07058,3799.055179,0.004315392,1778248717,24940614133,211127248.2,910313.8583,2620.439968,5592.393268,91327.76814,63543.33319,1.164174298,14.29670057,926075922.6,1450400147,307356462.6,33363056.32,21713.84821,27019.3589,29922884.99,0.103700173,49715.19104,550334379.5,56.25453225,8943281065,792583990.8,986206588.5,3703487.405,68466.92029,5224.814966,308797.6498,233818.7205,42121294428
NZE,2050,Copper,Wind,1080099883,344888358.9,14556.47632,4648.050907,0.004959738,2260365769,31659692202,266797402.2,1169077.589,3331.877618,7107.45245,116227.6915,80795.34322,1.422582684,17.40336443,1202484555,1840703128,374480884.2,40649460.28,28147.54136,34739.8992,37994767.38,0.130882541,63253.25525,697459722.5,71.30598011,11366485323,1027421528,1268006306,4678967,86549.60583,6652.520253,407066.365,296661.5067,53473933603
NZE,2022,Copper,Other low emissions power generation,189031740.1,58261870.14,2547.575544,785.1936195,0.000175403,147036606.8,1955089483,26093385.16,65047.94483,204.1180014,438.5350917,7099.328843,4934.39231,0.11992455,1.511247742,58291722.22,112734698.5,67452207.79,7321907.88,1647.516593,2063.091369,2429062.366,0.008746861,4280.162663,46725061.93,4.770733196,723963329.2,60136623.42,75302834.11,333027.1846,6187.875467,418.0260251,34499.62422,20713.62276,3530312993
NZE,2030,Copper,Other low emissions power generation,297200877.6,92834679.01,4005.368025,1251.130412,0.000989095,390804200.5,5435922021,51437783.85,182286.461,569.0112677,1219.957717,19797.46138,13788.96214,0.325643205,4.110733123,165803543,318388852.8,104805045.5,11376309.91,4573.294433,5750.740246,6536180.942,0.019002149,11015.55733,122469656.4,12.50413875,1958137110,166931465,209902016.5,901395.8615,16043.64357,1152.694647,68946.38404,52816.7766,9333728699
NZE,2035,Copper,Other low emissions power generation,222215570,70144288.88,2994.793104,945.3326485,0.001001465,373698136,5226384697,45639606.45,180231.2417,547.7734823,1171.644229,19066.92263,13280.89065,0.288395538,3.594965576,169151323.5,306497983.2,77727542.66,8437069.45,4429.232968,5561.785674,6250219.436,0.016253759,10410.8339,115911619.6,11.83977257,1875422297,161672970.4,203005174.7,816107.5397,14840.99907,1101.665001,61850.99688,49535.30646,8863241481
NZE,2040,Copper,Other low emissions power generation,161974747,51399269.46,2182.929196,692.7065381,0.000812371,302899220.3,4249987921,36408967.24,151776.9167,445.7691658,952.0463616,15521.99116,10808.64845,0.213236635,2.630861533,149296989.9,247880769.3,56425781.62,6124881.18,3625.549372,4545.917143,5089919.974,0.016963042,8450.086338,93899947.76,9.595077755,1522684373,132337406.7,165925973.8,639309.6616,11786.83217,891.9005569,50843.11548,39958.32053,7183198025
NZE,2045,Copper,Other low emissions power generation,120223203.3,38300367.21,1620.244794,516.1729933,0.000586327,241608484.2,3388650821,28685601.69,123683.2336,356.0359821,759.831652,12408.59246,8633.555173,0.158174942,1.942475267,125824806,197064098.8,41760147.67,4532997.768,2950.234071,3671.087336,4065585.885,0.014089616,6754.742367,74773260.87,7.64323468,1215112690,107687420.1,133994686.2,503188.3164,9302.516946,709.8892364,41955.96001,31768.66435,5722968896
NZE,2050,Copper,Other low emissions power generation,97092814.51,31002856.29,1308.517182,417.8246397,0.000445843,203189795.4,2845966998,23983069.61,105091.2377,299.5106106,638.9062466,10447.99085,7262.890585,0.127879429,1.564430902,108094271.4,165465296.4,33663000.61,3654079.19,2530.251188,3122.854322,3415442.367,0.011765351,5685.989485,62696356.62,6.409868576,1021761106,92357428.62,113984181.5,420603.7627,7780.155294,598.0112812,36592.189,26667.62685,4806902396
NZE,2022,Copper,Electric vehicles,903710577.9,278534537.7,12179.28252,3753.802295,0.000838555,702942991.7,9346763914,124745548.9,310976.9597,975.8339891,2096.519881,33940.00695,23590.01999,0.573327442,7.22487435,278677252.6,538954672.1,322471102.8,35004098.25,7876.33956,9863.092267,11612702.47,0.04181642,20462.32168,223380119.6,22.8076092,3461076528,287497235.6,360002863.6,1592114.58,29582.59027,1998.471477,164933.5467,99026.33276,16877489430
NZE,2030,Copper,Electric vehicles,3385318532,1057449634,45623.84443,14251.21959,0.011266459,4451523539,61918819713,585911065.8,2076365.788,6481.422279,13896.14157,225506.4434,157065.5828,3.709295835,46.82402399,1888614231,3626663866,1193800186,129583846,52092.90943,65504.81172,74451511.22,0.216447294,125474.6307,1395012023,142.4305775,22304502931,1901462023,2390925600,10267507.08,182747.9257,13129.96981,785345.8358,601618.7236,1.06317E+11
NZE,2035,Copper,Electric vehicles,4016452200,1267828278,54129.61547,17086.48677,0.018101049,6754435347,94464687234,824916533.9,3257603.27,9900.773418,21176.97262,344626.5416,240046.467,5.212627057,64.97747841,3057338447,5539821081,1404892375,152496452.7,80056.50776,100526.9177,112970066,0.293779808,188171.4081,2095053374,213.9988687,33897462772,2922170386,3669232452,14750797.72,268244.7652,19912.12775,1117930.542,895329.6597,1.60199E+11
NZE,2040,Copper,Electric vehicles,4107769841,1303514114,55360.30079,17567.4238,0.020602171,7681693010,1.07782E+11,923351697.2,3849147.18,11304.95444,24144.42623,393646.3451,274113.3476,5.407799877,66.72011446,3786254856,6286394435,1430989264,155330399.7,91945.95233,115286.9918,129083206.8,0.430192185,214298.8981,2381354999,243.3365185,38616124186,3356150375,4207975153,16213249.26,298920.6317,22619.09511,1289409.74,1013365.274,1.8217E+11
NZE,2045,Copper,Electric vehicles,4028935071,1283526710,54297.84677,17298.0541,0.019649063,8096813829,1.13561E+11,961315482.2,4144888.038,11931.52249,25463.57363,415838.307,289328.784,5.300778491,65.09647483,4216656683,6604036798,1399471307,151910389.8,98868.61426,123025.9393,136246424.2,0.472172978,226365.7735,2505810898,256.1410394,40721008878,3608834330,4490446734,16862909.98,311747.1148,23789.89714,1406033.395,1064635.465,1.91789E+11
NZE,2050,Copper,Electric vehicles,3813255914,1217616625,51391.14472,16409.78569,0.017510188,7980144492,1.11773E+11,941919157.3,4127388.68,11763.08065,25092.61922,410337.9131,285245.2121,5.022379799,61.44198639,4245330837,6498539808,1322092029,143511537.4,99373.93774,122648.0329,134139234.4,0.462076363,223313.467,2462357836,251.7433383,40128989964,3627276773,4476653152,16518933.91,305560.4406,23486.49656,1437133.961,1047353.363,1.88788E+11
NZE,2022,Copper,Grid battery storage,90374709.61,27854579.31,1217.977467,375.3953983,8.39E-05,70297139.7,934714160.9,12475058.98,31098.9526,97.58734217,209.6604599,3394.137843,2359.097324,0.057335061,0.72251663,27868851.37,53897645.08,32248413.36,3500551.273,787.6657836,986.3490826,1161317.173,0.004181811,2046.314855,22338914.62,2.280853083,346121638.7,28750885.31,36001741.1,159217.8916,2958.378568,199.8552233,16494.02116,9903.033433,1687817143
NZE,2030,Copper,Grid battery storage,365541394.3,114181755.7,4926.391283,1538.824377,0.001216535,480668541.4,6685897199,63265759.45,224202.7266,699.853829,1500.483608,24349.83266,16959.6957,0.400523956,5.055984792,203929607.4,391601485.6,128904674.8,13992260.79,5624.910792,7073.107001,8039157.604,0.02337164,13548.55415,150631213.9,15.37943074,2408405302,205316891.9,258168402.5,1108669.337,19732.83487,1417.753581,84800.41364,64961.84775,11479993702
NZE,2035,Copper,Grid battery storage,441971273.6,139512099.4,5956.434658,1880.20072,0.001991843,743259534.5,10394914727,90773994.79,358467.3722,1089.48326,2330.318673,37922.77959,26414.76543,0.573598615,7.150135855,336430187.6,609603116.5,154594662.4,16780742.82,8809.435524,11062.00388,12431250.63,0.032327594,20706.42267,230540128.9,23.54848205,3730084175,321556264.7,403763137,1623180.989,29517.7123,2191.134867,123017.3199,98522.27047,17628369273
NZE,2040,Copper,Grid battery storage,579045784,183747965.8,7803.784052,2476.366272,0.002904155,1082838651,15193341139,130158925.2,542589.4179,1593.586413,3403.483827,55489.78285,38639.98822,0.762302622,9.405103615,533723893.1,886152422.1,201717314.3,21895923.22,12961.02706,16251.26264,18196025.96,0.060641414,30208.3316,335684233.9,34.30157739,5443465620,473094842.2,593171079.6,2285477.033,42136.91083,3188.46775,181759.7632,142847.5578,25679314882
NZE,2045,Copper,Grid battery storage,595172352.7,189608320.4,8021.121374,2555.346109,0.002902648,1196097642,16775724034,142009833.2,612301.445,1762.577999,3761.593265,61429.49916,42740.9452,0.783054765,9.616343127,622903430.9,975577925.5,206736176.2,22440883.89,14605.31498,18173.94335,20126932.65,0.069751509,33439.76699,370169620.8,37.83830277,6015490008,533113187.7,663348924.8,2491064.668,46052.68154,3514.350269,207705.5572,157272.7242,28331909051
NZE,2050,Copper,Grid battery storage,668053041.8,213317046.7,9003.33241,2874.867959,0.00306765,1398059800,19581849795,165016975.6,723086.681,2060.801054,4396.033462,71888.0393,49972.76237,0.879882226,10.76416239,743749237.8,1138494081,231620332.2,25142115.1,17409.54787,21486.98994,23500159.86,0.080952217,39122.79802,431386111.9,44.10349233,7030289710,635470929.9,784275124.1,2893989.885,53531.8338,4114.653153,251774.7919,183488.2357,33074185595
NZE,2022,Copper,Electricity networks,9457019082,2914767739,127451.9852,39282.24456,0.008775187,7356055632,97810656249,1305419086,3254266.48,10211.76567,21939.35647,355170.4508,246861.4118,5.999673669,75.6058148,2916261201,5639974504,3374548718,366305798.7,82423.17323,103213.8541,121522920.6,0.437594395,214131.1293,2337595803,238.6737532,36218970505,3008559277,3767305632,16660929.21,309571.5902,20913.31379,1725972.603,1036276.371,1.76617E+11
NZE,2030,Copper,Electricity networks,10292105149,3214877041,138706.4171,43326.80932,0.034252486,13533600429,1.88247E+11,1781297163,6312603.916,19704.93441,42247.29485,685588.6693,477513.557,11.27706666,142.3552241,5741798318,11025847494,3629412395,393963095.7,158373.7826,199148.8847,226348798.4,0.658046882,381470.1868,4241140172,433.0199556,67810543471,5780858403,7268934207,31215456.24,555593.4691,39917.96594,2387622.271,1829051.862,3.23228E+11
NZE,2035,Copper,Electricity networks,9765091021,3082436418,131603.8622,41541.91067,0.044008588,16421874997,2.29669E+11,2005597138,7920122.251,24071.48119,51486.99771,837881.1397,583618.4479,12.67331843,157.9779764,7433223832,13468816357,3415676629,370760478.9,194639.2105,244408.3615,274661049.7,0.714258858,457496.0279,5093646301,520.2896305,82413979516,7104593400,8920905089,35863213.41,652176.2037,48411.81475,2717994.128,2176790.656,3.89488E+11
NZE,2040,Copper,Electricity networks,9300031624,2951168872,125336.2696,39772.82156,0.04664352,17391429093,2.4402E+11,2090477392,8714507.358,25594.52887,54663.22024,891219.2259,620595.3352,12.24331251,151.0550003,8572118512,14232459292,3239773873,351669564,208166.5472,261010.8919,292245659.2,0.973959369,485174.8289,5391411314,550.9162891,87427287804,7598357704,9526897443,36706956.98,676759.2721,51209.85546,2919236.428,2294269.023,4.12434E+11
NZE,2045,Copper,Electricity networks,8337424435,2656113035,112363.239,35796.36216,0.040661509,16755438416,2.35001E+11,1989333422,8577375.957,24690.93332,52693.97925,860530.2397,598733.122,10.96936023,134.7097757,8725893032,13666305562,2896047235,314361332.1,204597.3901,254588.236,281946530.8,0.977108455,468438.3089,5185491610,530.0548465,84267512003,7468073571,9292470507,34895880.73,645125.3165,49230.49546,2909626.732,2203142.414,3.96885E+11
NZE,2050,Copper,Electricity networks,6880826211,2197127226,92732.70498,29610.62306,0.031596243,14399764566,2.0169E+11,1699645178,7447662.799,21225.88031,45278.35423,740433.879,514710.467,9.06262872,110.8689372,7660483419,11726284324,2385647775,258959264.9,179315.2128,221312.1329,242047421.1,0.833793278,402957.7851,4443199387,454.2580409,72410719926,6545236317,8077892762,29807575.46,551368.2629,42380.18764,2593235.086,1889895.836,3.40658E+11
NZE,2022,Copper,Hydrogen technologies,4845.253564,1493.365791,0.065299349,0.02012605,4.50E-09,3768.836085,50112.77092,668.8245444,1.66730617,0.005231944,0.011240513,0.181969697,0.126478135,3.07E-06,3.87E-05,1494.130958,2889.611021,1728.932136,187.674833,0.042229076,0.052881071,62.26162379,2.24E-07,0.109708948,1197.65481,0.000122283,18556.59742,1541.419387,1930.159058,8.536138705,0.158607362,0.010714825,0.884292908,0.530930702,90488.83328
NZE,2030,Copper,Hydrogen technologies,242581.6122,75773.61913,3.269265693,1.021198978,8.07E-07,318982.6146,4436913.977,41984.60192,148.7860465,0.464438974,0.995755168,16.1591047,11.25484115,0.000265797,0.003355267,135332.3419,259875.6835,85544.08426,9285.583612,3.732819182,4.693875239,5334.968468,1.55E-05,8.991129762,99962.31145,0.010206141,1598272.726,136252.9755,171326.4442,735.738276,13.09515959,0.940853634,56.27548993,43.11016482,7618385.834
NZE,2035,Copper,Hydrogen technologies,202639.3415,63964.88107,2.730964813,0.86205294,9.13E-07,340776.95,4765962.859,41618.95495,164.3536505,0.499517013,1.068427451,17.3872094,12.11090175,0.000262989,0.003278265,154249.8251,279496.8394,70880.08307,7693.800203,4.039036743,5.071816464,5699.602196,1.48E-05,9.493684556,105700.3084,0.01079674,1710205.722,147430.2825,185121.2988,744.2120029,13.53357139,1.004613089,56.40219215,45.17146068,8082428.325
NZE,2040,Copper,Hydrogen technologies,153494.1899,48708.14355,2.068636962,0.656438308,7.70E-07,287040.2412,4027470.116,34502.69277,143.8302902,0.422429905,0.902199804,14.70930193,10.24273703,0.000202072,0.002493117,141480.2057,234902.4066,53471.48121,5804.199064,3.435725471,4.307905288,4823.425612,1.61E-05,8.007662807,88983.60196,0.009092706,1442960.762,125408.5801,157238.5412,605.837147,11.1697057,0.84520307,48.18110828,37.86621158,6807105.319
NZE,2045,Copper,Hydrogen technologies,118962.7408,37898.81263,1.603257575,0.510761253,5.80E-07,239075.3755,3353123.009,28384.85171,122.3864949,0.352303175,0.751865309,12.27849639,8.543037932,0.000156517,0.00192211,124505.6143,194998.0092,41322.31954,4485.472218,2.919302775,3.63259836,4022.960847,1.39E-05,6.683923262,73989.31159,0.0075631,1202373.019,106558.3871,132589.8386,497.9127123,9.204986073,0.702446507,41.51607891,31.43559045,5662967.269
NZE,2050,Copper,Hydrogen technologies,143279.9988,45750.95733,1.930980591,0.616584391,6.58E-07,299847.4583,4199797.382,35391.84855,155.0832828,0.441988217,0.94283482,15.41811435,10.71785755,0.000188712,0.002308633,159514.8637,244177.3637,49676.53593,5392.329647,3.73389513,4.608400384,5040.172961,1.74E-05,8.390822442,92521.099,0.009459052,1507814.258,136291.9834,168206.6121,620.6855466,11.48118578,0.882486064,53.99914324,39.35345333,7093552.424
NZE,2022,Dysprosium,Wind,157901139.8,48667809.96,2128.029303,655.8947347,7.13E-05,5825147.681,153805511,16827519.68,249949.2503,3.783903487,171.702018,133.7647052,153.895251,1.859598172,10.41163533,111177465.1,187278890.2,56844895.3,6170551.409,353.8884397,272.9764671,193679673.7,0.019787447,451.4347266,8156393.453,0.821757153,42592306.66,12918100.07,9963640.994,71804.1512,2347.765604,115.9121922,292727.9549,3825.670017,1012426506
NZE,2030,Dysprosium,Wind,358150287.1,110736049.9,4826.781535,1492.386695,0.000420572,15109130.42,436428855.5,36994528.38,730822.1473,10.42769708,499.8118614,374.3134682,450.1511821,5.432656597,30.37548473,326410532.9,549175351.8,128723071.9,13972911.26,1033.569962,799.8994037,566399389.5,0.056132202,1010.033471,20543348.77,2.063509909,110046947.3,37728672.98,29196328.08,204214.4306,6380.951851,337.2842792,842443.3414,9033.685325,2741401114
NZE,2035,Dysprosium,Wind,329623683.7,102112951.2,4442.329288,1376.173431,0.000438037,14498071.31,431087411,34629367.28,726392.2447,10.28572863,494.0954084,370.7543487,447.5887104,5.376494876,29.97044093,327340390.5,544324117.3,118387706.1,12851019.62,1024.340235,795.7341278,561540765,0.054544227,942.8586679,19631505.31,1.972119109,106066143.7,37391750.52,29044295.5,181051.8865,6122.636362,334.3419219,833298.6004,8450.424619,2670277876
NZE,2040,Dysprosium,Wind,271132005,84067267.49,3654.038549,1132.972249,0.000371266,12187219.43,366657388.1,29153044.22,618824.0393,8.789341022,418.9702997,317.5641258,381.7833519,4.558984193,25.35624019,282209651.8,461526586.9,97349525,10567358.87,870.02225,678.6969417,476826903.3,0.048046952,798.9636645,16488286.64,1.657923447,89627124.73,31758641.98,24772438.23,144883.8397,5108.14479,284.2472733,707875.328,7024.391074,2255801693
NZE,2045,Dysprosium,Wind,237418338.4,73669526.28,3199.680395,992.842177,0.000301711,10878560.69,330008030.2,25400417.2,556856.5211,7.891959108,376.1053293,285.8513595,343.2186877,4.092261896,22.72767716,255869986.3,414214319.8,85218806.94,9250588.736,781.70927,612.1552893,428420723.1,0.043906963,720.7650022,14731285.53,1.48292797,80300259.75,28534931.07,22343667.93,128071.5851,4554.561326,255.5624197,636460.9396,6206.171849,2017586789
NZE,2050,Dysprosium,Wind,305933461,94979143.99,4123.056811,1280.031308,0.000355786,14126157.62,431597206.2,32432970.51,727104.8992,10.27642253,490.4815575,372.744629,447.3091396,5.338638392,29.62644219,334737678.9,540336037.7,109786163.9,11917417.63,1019.782002,800.6953021,559128304.6,0.058068279,942.0179267,19192487.93,1.932870898,104552835.9,37225361.47,29225378.35,166145.7361,5924.914488,335.1524614,831247.6577,8032.687647,2626902862
NZE,2022,Dysprosium,Electric vehicles,104609505.1,32242424.1,1409.819413,434.5302618,4.72E-05,3859160.339,101896151.1,11148231.79,165591.3783,2.50683606,113.7525869,88.61911719,101.9556038,1.231983789,6.897708404,73655070.65,124072264.8,37659743.13,4087990.308,234.4510913,180.8469094,128312783.8,0.013109183,299.0755064,5403610.663,0.544414114,28217403.16,8558241.293,6600912.159,47570.25017,1555.394713,76.79182734,193932.2701,2534.506386,670732560.3
NZE,2030,Dysprosium,Electric vehicles,390291979.6,120673900.5,5259.954237,1626.318834,0.000458316,16465078.02,475595547.7,40314550.16,796408.7502,11.36351605,544.666772,407.9057025,490.5493651,5.920202702,33.10148977,355703785.9,598460319.2,140275142.4,15226890.47,1126.326241,871.6852477,617230103.9,0.061169708,1100.6775,22386982.63,2.248696696,119922955.4,41114579.53,31816511.36,222541.3666,6953.601376,367.5533811,918047.231,9844.400675,2987424291
NZE,2035,Dysprosium,Electric vehicles,512905818.1,158891273.2,6912.417556,2141.373313,0.000681601,22559498.89,670786876.5,53884489.6,1130291.381,16.00494843,768.8294932,576.9065512,696.4634675,8.366011423,46.63503955,509352935.2,846987096.3,184215353,19996629.67,1593.908728,1238.189742,873776793.7,0.084872698,1467.1206,30547299.22,3.068685338,165042577.1,58182853.17,45193925.33,281722.9786,9527.033304,520.2475595,1296641.357,13149.1521,4155044454
NZE,2040,Dysprosium,Electric vehicles,514737918.2,159599787,6937.108718,2150.921935,0.000704839,23137157.71,696090675.9,55346388.51,1174823.303,16.68636316,795.4055436,602.8882388,724.8069726,8.655127351,48.1382428,535768577.5,876197682.7,184815849.5,20061889.43,1651.717368,1288.490641,905244984,0.091216041,1516.814267,31302635.55,3.147529792,170155049,60293056.35,47029908.11,275058.6602,9697.696201,539.6369554,1343885.141,13335.646,4282587985
NZE,2045,Dysprosium,Electric vehicles,528490538.6,163987533.1,7122.452404,2210.055467,0.000671606,24215553.18,734594146.3,56541041.67,1239556.324,17.5674118,837.2062132,636.3018962,764.0009207,9.109328741,50.59155254,569563698.4,922036395.4,189696101.3,20591706,1740.076002,1362.650757,953659688.8,0.097736405,1604.414751,32791675.13,3.300980906,178747470.8,63518434.12,49736752.34,285085.9014,10138.40205,568.8790586,1416754.86,13814.86841,4491125395
NZE,2050,Dysprosium,Electric vehicles,537701234.5,166933041,7246.584698,2249.751996,0.000625321,24827792.19,758564786.6,57003402.71,1277941.944,18.0615911,862.058495,655.1269237,786.1796999,9.383061416,52.07071657,588326829.5,949681520.9,192957500.1,20945764.33,1792.344124,1407.282652,982710353.6,0.1020594,1655.667871,33732251.52,3.397167032,183759529.8,65426392.89,51365816.5,292013.7181,10413.48607,589.0558413,1460980.732,14118.05708,4616980788
NZE,2022,Gallium,Solar PV,1231173.395,382079.8706,16.59248987,5.149279896,5.83E-07,18270.7088,203682.1717,115382.916,1199.572635,0.010740545,0.327440922,0.342669058,0.16179415,0.000207112,0.003480318,24292.22897,41639.63769,444169.6849,48215.1766,0.180140141,0.368241587,50723.50134,0.000126324,2.153118477,36970.73966,0.003582879,122426.0299,6575.70484,13440.81761,481.9949463,8.426303087,0.478208035,200.4005809,25.22293044,2740933.547
NZE,2030,Gallium,Solar PV,14901283.84,4644097.337,200.824191,62.58837192,1.90E-05,236327.3525,2587718.955,1219312.542,19276.07873,0.142112418,5.169085366,4.689624384,2.581808505,0.003187798,0.053645341,431905.2299,744844.216,5370831.703,583008.4884,2.82273858,5.990290708,811691.321,0.001960659,20.84954536,444461.5704,0.042215102,1474744.285,103036.4487,218645.6054,7588.087534,113.8159727,7.622078441,2629.435675,304.5646381,33801525.39
NZE,2035,Gallium,Solar PV,72488396.24,22639936.34,976.9241155,305.1177986,0.000104759,1172453.438,13144382.11,5858020.281,101571.7845,0.734629806,26.8448655,24.53838352,13.85428053,0.014733667,0.247223524,2938973.355,3880675.108,26115696.52,2834885.646,14.67762671,32.01254745,4260213.272,0.01005896,96.78749756,2171609.638,0.205438378,7269249.484,535765.0803,1168457.953,34475.09809,557.5520575,40.02539439,13416.3611,1485.289684,166628783.2
NZE,2040,Gallium,Solar PV,327633479.6,102423898.1,4415.507362,1380.364054,0.000485636,5340460.713,61616984.37,27010590.49,474515.0337,3.476627736,124.1372249,117.1200551,66.41990585,0.061328255,1.03046667,17553908.72,17117904.42,118017780.5,12810997.89,68.23424044,152.044688,19823365.39,0.048585145,446.9952193,9889727.85,0.93602282,33354238.35,2490696.933,5549630.973,148254.3981,2504.881672,186.6561434,62587.9226,6742.691657,761321752.6
NZE,2045,Gallium,Solar PV,261518866.2,81800546.51,3524.482542,1102.423713,0.000356971,4302372.94,50538715.6,21084374.93,387136.0423,2.835268755,100.708095,96.17881135,54.51137731,0.046117868,0.776778714,15968923.12,13331958.9,94189708.15,10224456.2,55.4386548,126.0196505,16150227.64,0.040401866,366.8842644,7960232.269,0.754505298,27008916.37,2023630.299,4599717.126,117867.6476,2015.029951,152.2311446,51292.92265,5401.826894,611261144
NZE,2050,Gallium,Solar PV,328441958.3,102776749.6,4426.403207,1385.119424,0.000407972,5406364.626,64531427.85,25935272.57,490744.74,3.57851288,127.1258549,121.7965727,68.657289,0.056011595,0.938945422,20641461.48,16482830.9,118278506.1,12839354.48,69.67598665,161.089572,20469077.81,0.052158661,466.4286372,10051197.93,0.95313187,34058050.27,2543324.184,5879769.228,147972.2809,2545.742224,194.0753141,65412.5087,6795.129037,769042257.2
NZE,2022,Graphite (battery-grade),Electric vehicles,2316465201,804637707.5,31218.93758,10844.08019,0.000356602,37294979.61,671633286.9,561742759.4,774596.3558,23.72305721,2895.747623,763.7972155,304.6269342,0.305834235,5.513840721,95623068.39,146152225.7,816875982.4,88671842.86,614.6290601,497.910455,7678034.213,0.073657764,8027.337708,115023713.7,11.71082926,330593152.7,22435453.49,18173731.34,1842424.965,12984.55011,294.5889411,1677152.657,54390.13737,6037309400
NZE,2030,Graphite (battery-grade),Electric vehicles,7549596949,2910199439,101745.7097,39220.67744,0.005568954,181488391.3,3296291354,2429904397,4945345.998,104.5568856,19032.60201,3593.729033,1894.475902,3.131856399,56.28539088,653416071.8,1105916461,2595567953,281741752.8,4062.530339,3328.582116,41784956.92,0.477294226,26572.00197,531781639.6,53.67342441,1409531253,148286375.5,121493245.2,12196279.73,50542.04062,1831.751677,10175183.12,194105.9395,23284374857
NZE,2035,Graphite (battery-grade),Electric vehicles,8052255664,3268614301,108520.0274,44051.02458,0.00828335,225411716.5,4266751054,3030922789,6681859.851,135.1424436,25460.06537,4761.762386,2661.58916,4.562209125,81.63646274,1080390272,1498345329,2730870538,296427405.5,5520.91064,4668.909552,54367874.08,0.644787577,30298.86006,657366170.6,66.29103307,1714350999,201517586.1,170415195.7,14056558.53,52540.60683,2487.685913,13478462.77,218524.7279,27282286312
NZE,2040,Graphite (battery-grade),Electric vehicles,6936207549,2890645090,93479.07772,38957.14394,0.00805285,208550803.3,4114454874,2860462156,6471533.5,133.4314739,24154.59428,4777.769615,2711.173348,4.601454923,82.03929743,1363675270,1398748594,2335667834,253532299.3,5345.014603,4687.858192,51694827.49,0.834274115,28219.877,609645676.7,61.55808169,1594901891,195097221,171106820.9,12461459.81,43532.82371,2434.946772,12808578.8,195012.4443,25016185846
NZE,2045,Graphite (battery-grade),Electric vehicles,5300329797,2243218692,71432.3984,30231.79627,0.006004247,168686686.9,3415937392,2297490111,5258094.905,111.3650277,19487.8544,4032.947395,2305.872902,3.916994481,69.78294585,1196656108,1119907896,1776960366,192887935.4,4376.550763,3950.793023,41854594,0.716908575,22925.51962,487997686.1,49.33299489,1288474587,159747577.5,144203942.7,9996121.274,34352.96342,2019.600737,10355595.27,152667.1864,19860005698
NZE,2050,Graphite (battery-grade),Electric vehicles,3986323224,1699472106,53723.56808,22903.73856,0.004287608,130934943.7,2702649368,1767155349,4060818.084,87.55061803,15022.76417,3186.85152,1824.14404,3.141984668,55.89722842,930398147,861975226.8,1333417790,144742533.9,3399.448049,3123.934895,32060938.69,0.549071073,17726.22444,369092537.1,37.31718232,993491044.3,124082597.8,114023621.5,7825916.983,26996.28234,1601.708427,8005708.711,116170.3124,15209745261
NZE,2022,Graphite (battery-grade),Grid battery storage,292677230.2,101663144.1,3944.402953,1370.111389,4.51E-05,4712089.493,84858503.4,70974221.78,97867.52499,2.997324836,365.8675267,96.5030916,38.48854164,0.03864108,0.696654381,12081638.35,18465819.65,103209407.1,11203375.45,77.65621985,62.90923464,970092.6161,0.009306399,1014.225884,14532841.64,1.479622085,41769282.02,2834640.634,2296187.03,232783.9137,1640.552235,37.22027653,211902.339,6872.002545,762792807.1
NZE,2030,Graphite (battery-grade),Grid battery storage,810125897.2,312285271.3,10918.04436,4208.659975,0.000597589,19475006,353715702.8,260746168.8,530671.0929,11.21970369,2042.334695,385.6328989,203.2908512,0.336070653,6.039826112,70116230.71,118672767.7,278523056.4,30232910.69,435.9386412,357.1807331,4483825.553,0.051217094,2851.366382,57063983.79,5.759543378,151252812.4,15912191.58,13037096.54,1308748.285,5423.523438,196.560092,1091870.123,20828.95941,2498580414
NZE,2035,Graphite (battery-grade),Grid battery storage,924683633.6,375352481.9,12461.93581,5058.615023,0.000951221,25885234.37,489973869.8,348057092.8,767313.7446,15.51913041,2923.715632,546.8186716,305.6445347,0.523902902,9.374752137,124066999.9,172063017,313600486.3,34040346.19,633.9957304,536.1558835,6243354.093,0.07404441,3479.380335,75488877.23,7.612554282,196868104.7,23141343.44,19569689.41,1614189.881,6033.51921,285.6742937,1547804.05,25094.3646,3132971020
NZE,2040,Graphite (battery-grade),Grid battery storage,1115546080,464900707.9,15034.18374,6265.453984,0.001295135,33541100.01,661725297.9,460046404.7,1040812.833,21.45970354,3884.768841,768.405808,436.0363757,0.740049222,13.19433077,219319071.9,224959893.4,375644050.2,40775446.92,859.6354776,753.9454081,8314047.954,0.134175803,4538.585811,98048946.79,9.900349182,256507110,31377368.48,27519006.9,2004169.071,7001.357804,391.611022,2059996.01,31363.73389,4023338094
NZE,2045,Graphite (battery-grade),Grid battery storage,1116599353,472569941.2,15048.37867,6368.812027,0.001264891,35536552.01,719621915.8,484003084.7,1107701.897,23.46082653,4105.428615,849.6049537,485.7690538,0.825177616,14.70089507,252094772.8,235926533,374345158,40634932.56,921.9905058,832.2978197,8817340.501,0.151028272,4829.627847,102804527.6,10.39278541,271437805.9,33653385.45,30378869.86,2105843.028,7237.001886,425.4612379,2181571.981,32161.78768,4183828246
NZE,2050,Graphite (battery-grade),Grid battery storage,1237759879,527688867.6,16681.25573,7111.648272,0.001331309,40655514.11,839177047.5,548704625.1,1260890.655,27.18461005,4664.592837,989.5226075,566.3997069,0.975591377,17.35618082,288890145.9,267644717.3,414028403.9,44942793.44,1055.534177,969.9868924,9954973.882,0.170487466,5504.021672,114603836.3,11.58704612,308480593.6,38527849.48,35404520.91,2429960.019,8382.389807,497.3330853,2485785.644,36071.07194,4722650772
NZE,2022,Hafnium,Other low emissions power generation,80581.6603,24331.06378,1.085996812,0.327909077,6.60E-08,2634.921503,27373.1355,6542.674257,17.0820934,0.001122784,0.05160348,0.034163335,0.012677872,0.00219797,0.012266017,6006.216586,15843.12706,33271.2924,3610.885699,0.034121931,0.032521933,159.3621951,1.11E-05,0.287041201,3883.39427,0.000392338,16604.61796,1245.52309,1187.050531,42.4773594,0.80652699,0.034366511,36.79387026,1.847550502,223372.1562
NZE,2030,Hafnium,Other low emissions power generation,105805.1736,32084.02658,1.425933404,0.432395543,2.72E-07,4101.621346,48178.83321,8640.63966,35.50405004,0.001862193,0.105230576,0.058460316,0.025764289,0.004499359,0.024941469,14416.35465,33203.61636,46675.21464,5065.077512,0.068084589,0.067681493,267.5132767,2.07E-05,0.450937508,6192.259402,0.000623613,24590.63828,2485.208655,2470.374448,83.47449015,1.395147838,0.0696272,67.42374933,2.595796825,334364.4931
NZE,2035,Hafnium,Other low emissions power generation,94359.76741,28671.96824,1.271683981,0.386411327,2.94E-07,3950.7866,48486.59677,7770.416077,37.96666943,0.001874528,0.108059622,0.059586075,0.027211794,0.004623006,0.025477791,18308.94803,34144.71161,42771.63621,4641.297319,0.068926017,0.070868522,267.0495477,2.07E-05,0.429767457,6004.590427,0.000605386,23551.9085,2515.919106,2586.700984,74.26548633,1.319005867,0.071517829,68.42018452,2.382216537,318214.4162
NZE,2040,Hafnium,Other low emissions power generation,67779.4055,20611.16627,0.913461177,0.27777612,2.19E-07,2926.54522,36272.923,5706.720803,29.25870499,0.001418687,0.080715434,0.045437341,0.020918032,0.003451718,0.018942155,15695.37326,25170.99869,30977.9264,3361.495853,0.050986906,0.053835142,200.3972062,1.62E-05,0.321249882,4443.719903,0.000448347,17593.38934,1861.11076,1964.982626,50.28917,0.934963965,0.053479625,51.26518526,1.733862971,234698.0138
NZE,2045,Hafnium,Other low emissions power generation,55862.38692,16998.15565,0.752855847,0.229083676,1.66E-07,2474.80755,30834.58468,4741.954171,25.04402808,0.001202991,0.068299991,0.038739834,0.017869892,0.002917812,0.015967305,14053.77992,21055.50841,25672.67611,2785.796522,0.042773235,0.046182429,170.86078,1.38E-05,0.274221235,3765.395019,0.000380237,14917.6381,1561.297786,1685.658617,40.73943013,0.767303933,0.045272748,43.52541104,1.443907551,196690.6705
NZE,2050,Hafnium,Other low emissions power generation,47424.45838,14436.68311,0.639138117,0.194562781,1.28E-07,2135.076944,26744.46678,4035.161149,21.6671627,0.001036491,0.058889221,0.033466051,0.015398056,0.002514983,0.013739083,12276.11733,18053.65956,21867.19386,2372.847934,0.036569755,0.040175741,147.3683258,1.19E-05,0.237236288,3236.581186,0.000326953,12865.44717,1334.860307,1466.41452,34.12469091,0.649205188,0.039332831,37.66342917,1.233137749,168490.5222
NZE,2022,Indium,Solar PV,2415824.927,725004.6922,32.55800587,9.770868287,7.03E-07,121895.7626,3035943.872,241349.6618,249.1513387,0.212085684,34.10318689,12.20829076,9.834732726,0.002736463,0.03577679,240174.8574,367529.3533,872142.1515,94672.44817,0.729485432,1.233903988,14668.59814,0.000161671,6.44654517,342470.9087,0.034640338,746463.1631,26632.61951,45037.49481,2422.129359,83.28827441,6.037246396,1172.53453,111.241542,9293739.632
NZE,2030,Indium,Solar PV,2056600.339,623741.0227,27.71674601,8.4061406,2.61E-06,168219.4342,4974772.863,311725.3361,448.5387162,0.349381871,58.4532399,20.56789941,16.87412121,0.003349275,0.044094268,436218.7063,669721.382,737947.7555,80104.78855,1.149275038,2.13905896,22670.18714,0.000171486,6.898056001,515387.2272,0.052064017,1045106.728,41958.70066,78075.65067,3757.363058,128.4930071,10.21100183,1690.609645,149.5729191,11768278.46
NZE,2035,Indium,Solar PV,1672355.144,510329.3953,22.53828413,6.877695217,3.11E-06,174351.3617,5339894.277,308601.2028,526.8985212,0.37584346,63.31477121,22.22392325,18.28562526,0.002609096,0.034251845,551239.4814,739448.7837,597619.7326,64871.94103,1.17775475,2.352534134,24047.24296,0.000149765,6.605273958,541423.0064,0.054712725,1088149.765,42998.84597,85867.49434,3479.107119,130.3066281,10.96660411,1781.594473,151.2771376,11747119.15
NZE,2040,Indium,Solar PV,2002760.453,611651.1519,26.99114736,8.243205744,4.09E-06,226231.8327,6969516.514,391614.1755,748.6319295,0.491367827,82.78657532,29.07205526,23.91625663,0.002469163,0.03233128,862552.5399,962702.0235,714754.9643,77587.32857,1.487256329,3.131569587,31418.22745,0.000204086,8.566122995,703495.2769,0.071124049,1414741.721,54298.92234,114302.2878,4109.274436,163.5949812,14.26868504,2341.302528,194.4390791,15144994.89
NZE,2045,Indium,Solar PV,1307724.74,399808.7365,17.62417023,5.388211341,2.63E-06,158574.4949,4919111.211,266527.1758,554.3833713,0.345498482,58.43572785,20.48436241,16.85355684,0.001276608,0.01671602,680965.0461,675262.2182,466023.2902,50587.4206,1.02087197,2.252359767,22188.85145,0.000144194,6.020895052,494903.2602,0.050061706,992458.0493,37271.73362,82211.12993,2758.678889,112.6745866,10.04489686,1666.983659,135.2642435,10558713.38
NZE,2050,Indium,Solar PV,1545657.829,472965.8932,20.8307879,6.374148328,3.04E-06,197583.5112,6167604.499,322407.2019,705.0335254,0.430513894,73.04675069,25.56573712,21.03242923,0.001261559,0.016454696,875539.0248,843132.5595,550009.4556,59704.30125,1.245568623,2.862910594,27752.71624,0.000181469,7.493504342,617435.5131,0.062479134,1235856.142,45475.62538,104496.2347,3322.117773,138.5193113,12.58909932,2103.880094,167.4420893,13071894.2
NZE,2022,Indium,Other low emissions power generation,1035353.54,310716.2966,13.95343109,4.18751498,3.01E-07,52241.04113,1301118.802,103435.5693,106.7791452,0.090893865,14.61565153,5.23212461,4.214885454,0.00117277,0.01533291,102932.0817,157512.58,373775.2078,40573.90636,0.312636614,0.528815995,6286.542058,6.93E-05,2.762805073,146773.2466,0.014845859,319912.7842,11413.97979,19301.78349,1038.055439,35.69497475,2.587391312,502.5147986,47.67494658,3983031.271
NZE,2030,Indium,Other low emissions power generation,856916.8079,259892.0928,11.54864417,3.502558583,1.09E-06,70091.43094,2072822.026,129885.5567,186.8911317,0.145575779,24.35551663,8.569958087,7.030883839,0.001395531,0.018372612,181757.7943,279050.5758,307478.2315,33376.99523,0.478864599,0.891274567,9445.911309,7.15E-05,2.874190001,214744.678,0.02169334,435461.1367,17482.79194,32531.52111,1565.567941,53.53875296,4.254584096,704.4206854,62.32204962,4903449.359
NZE,2035,Indium,Other low emissions power generation,771856.2204,235536.644,10.40228498,3.17432087,1.43E-06,80469.85927,2464566.589,142431.3244,243.1839328,0.173466212,29.2222021,10.25719535,8.439519351,0.001204198,0.015808544,254418.2222,341284.054,275824.492,29940.89586,0.543579115,1.085784985,11098.72752,6.91E-05,3.048587981,249887.5414,0.025252027,502222.9686,19845.62122,39631.15123,1605.741747,60.14152064,5.061509587,822.2743722,69.82021737,5421747.3
NZE,2040,Indium,Other low emissions power generation,471237.7537,143917.9181,6.350858202,1.939577822,9.63E-07,53231.01946,1639886.239,92144.51187,176.1486893,0.115615959,19.47919419,6.84048359,5.627354501,0.000580979,0.00760736,202953.5388,226518.1232,168177.6387,18255.84202,0.349942666,0.736839903,7392.524106,4.80E-05,2.015558352,165528.3004,0.01673507,332880.405,12776.21702,26894.65595,966.8881025,38.49293674,3.357337656,550.8947124,45.75037156,3563528.209
NZE,2045,Indium,Other low emissions power generation,435908.2466,133269.5788,5.874723409,1.796070447,8.78E-07,52858.16495,1639703.737,88842.39193,184.7944571,0.115166161,19.47857595,6.828120803,5.617852279,0.000425536,0.005572007,226988.3487,225087.4061,155341.0967,16862.47353,0.340290657,0.750786589,7396.283817,4.81E-05,2.006965017,164967.7534,0.016687235,330819.3498,12423.91121,27403.70998,919.5596297,37.55819552,3.348298953,555.6612195,45.08808116,3519571.127
NZE,2050,Indium,Other low emissions power generation,309131.5658,94593.17864,4.166157581,1.274829666,6.07E-07,39516.70224,1233520.9,64481.44038,141.0067051,0.086102779,14.60935014,5.113147424,4.206485846,0.000252312,0.003290939,175107.805,168626.5119,110001.8911,11940.86025,0.249113725,0.572582119,5550.543247,3.63E-05,1.498700868,123487.1026,0.012495827,247171.2284,9095.125076,20899.24694,664.4235545,27.70386225,2.517819864,420.7760189,33.48841785,2614378.84
NZE,2022,Iridium,Hydrogen technologies,20706905.76,6420035.082,279.0663975,86.52263599,8.26E-06,1123474745,5667549.025,1396208.072,2958.153195,0.592586985,6.071625582,20.23384526,7.089130061,0.013790967,0.206595179,671410.7653,1132260.23,7405376.865,803860.6325,51.94139768,38.9798888,48891.41293,0.001101959,11062.32663,813987.3598,0.077454034,2539794117,1895875.065,1422765.948,13966.83661,288.1698906,7.859850433,3515.247063,11470.04785,3711674713
NZE,2030,Iridium,Hydrogen technologies,571198373,178364715,7698.024709,2403.816351,0.000640036,43558486399,200777091.7,41595257.16,116953.1219,21.88223679,230.6936517,757.492637,278.3534573,0.506620229,7.567655004,29271942.01,44025552.44,203237884.3,22061538.49,2022.08085,1535.132674,1785036.026,0.037957921,428581.4275,24424480.48,2.316543588,98450560614,73806423.04,56032342.84,545593.1521,9336.949222,302.8607781,108614.0126,440284.4735,1.43456E+11
NZE,2035,Iridium,Hydrogen technologies,390772644.6,122761440.2,5266.432147,1654.452548,0.000595385,38402297787,171943665.6,31882230.02,108220.6893,19.02059392,202.8694371,664.1845745,250.8404743,0.360137866,5.358315307,33146374.16,38771336.14,138345887.9,15017461.94,1778.309858,1372.945576,1561440.823,0.030773219,377777.8443,18359717.26,1.750031041,86793457461,64908701.11,50112513.71,427352.7238,7208.676128,268.4325719,84804.35533,386111.2158,1.26274E+11
NZE,2040,Iridium,Hydrogen technologies,219324290,69295284.35,2955.827404,933.8906379,0.000392506,25201285980,111486263.1,19726686.77,74607.15567,12.42129806,133.6262205,436.5736669,167.7933658,0.174320135,2.584322265,28441124.74,24931554.1,77343168.11,8395640.249,1162.285007,909.6768213,1026963.081,0.022576412,247899.3637,11025634.99,1.053267988,56957232159,42423650.66,33203204.08,237094.1015,4274.419235,177.5279242,52026.59141,252720.6844,82805509561
NZE,2045,Iridium,Hydrogen technologies,123056202.6,38989949.72,1658.425046,525.466478,0.000214056,15144424063,66798656.94,11461589.26,45909.51215,7.445423932,80.69874081,262.6143814,101.3295639,0.080184784,1.185396266,19648311.22,14817541.16,43310818.74,4701433.666,696.211314,550.0322022,617662.7237,0.013817162,148968.3743,6309841.362,0.602917858,34227589171,25411859.3,20076175.44,126151.5328,2473.443491,107.2319473,30980.12281,151713.388,49747418765
NZE,2050,Iridium,Hydrogen technologies,89281217.79,28314528.16,1203.240508,381.5941158,0.000142636,11187188271,49350183.66,8360161.881,34289.24725,5.490132281,59.73587454,193.9222789,74.64330037,0.047933571,0.705172374,15389061.12,10931798.25,31404852.3,3409037.769,512.8193313,407.4004176,456925.0784,0.010157409,110040.123,4615419.595,0.44110469,25283859003,18718012.61,14870115.29,84606.26665,1807.580922,79.88532207,23134.81616,112039.7909,36746292406
NZE,2022,Lanthanum,Other low emissions power generation,22916.46492,7040.693549,0.308844565,0.094887233,9.96E-09,719.7515901,19404.83053,2536.271543,27.57531736,0.000443796,0.018455535,0.016072013,0.019288245,0.000173484,0.00097909,10805.03393,17885.05306,8261.970912,896.8442035,0.036302521,0.029975583,18056.55485,2.37E-06,0.06429306,1556.771906,0.000158021,5592.676165,1325.158375,1094.108771,8.943752778,0.25950788,0.012815264,29.28517951,0.536239193,118158.3149
NZE,2030,Lanthanum,Other low emissions power generation,486659.616,149709.889,6.558698214,2.017636052,5.37E-07,17128.67335,500721.6543,52085.53147,734.7053288,0.01108453,0.488667295,0.408561388,0.513864384,0.004618715,0.026061271,291315.6826,478177.9437,175279.9486,19026.72434,0.965808783,0.800686285,480939.1425,6.13E-05,1.327811985,37594.90041,0.00381142,132989.0816,35255.04835,29225.04915,232.8670569,6.350731649,0.339608313,764.5655578,11.6958662,2887849.155
NZE,2035,Lanthanum,Other low emissions power generation,356385.7925,109792.1466,4.803001489,1.479665736,4.43E-07,13073.50249,392771.5487,38855.15743,581.3941379,0.008682576,0.383274464,0.321521322,0.405747449,0.003628769,0.020412943,237931.3203,376148.0728,128293.2007,13926.30178,0.760512193,0.633956738,378544.5432,4.73E-05,0.988044604,28893.75226,0.002930918,102014.6891,27761.07204,23139.42075,163.8519367,4.821757429,0.267452765,600.4701833,8.680781587,2228882.464
NZE,2040,Lanthanum,Other low emissions power generation,290187.0367,89516.83546,3.910842685,1.206415927,3.80E-07,11076.97852,337409.5442,32699.45412,502.8246416,0.007499492,0.3279404,0.278540899,0.349473159,0.003103893,0.017425067,218376.7563,321393.6359,104418.2121,11334.68924,0.65275521,0.548465962,324228.7505,4.20E-05,0.842963166,24524.48408,0.002491225,86874.90027,23827.60617,20019.00744,133.5319648,4.053357305,0.229637362,515.3920505,7.173271388,1897044.903
NZE,2045,Lanthanum,Other low emissions power generation,240710.8033,74331.51993,3.244052853,1.001763847,2.99E-07,9539.025628,293210.2966,27385.66837,435.0795178,0.006500727,0.282765985,0.242090606,0.30225308,0.002674343,0.015031876,193623.6707,276765.754,86573.14031,9397.614038,0.563513054,0.476867102,279311.017,3.67E-05,0.729911664,21058.04335,0.002141755,74866.25246,20569.98849,17405.64908,121.6477042,3.480364382,0.19851179,445.3372434,6.025060935,1625755.036
NZE,2050,Lanthanum,Other low emissions power generation,304828.8166,94200.91229,4.108169549,1.269543101,3.54E-07,12363.91183,384437.4254,34812.75553,565.2749529,0.008480402,0.367201547,0.316218925,0.392982293,0.003472448,0.01957207,253184.5174,359288.7329,109585.351,11895.62966,0.731963908,0.622842466,362190.2361,4.82E-05,0.94401496,26274.70973,0.002671569,96276.545,26718.97211,22733.74981,170.9367698,4.527915266,0.259671817,579.4226146,7.688574431,2100113.792
NZE,2022,Lead,Solar PV,961961.9736,292249.1534,12.96433497,3.938633797,8.24E-07,126620.4534,1386252.615,111642.0993,350.8105498,0.355572193,11.15193734,26.98217357,7.552932354,0.000369738,0.005013679,98624.72444,124023.1957,349147.0617,37899.40403,0.376619006,0.512109718,5166.407752,0.000103719,6.718812266,71175.36978,0.007231838,764962.7028,13748.19397,18692.0043,591.6632872,13.4904923,0.850355338,322.4046998,70.52710148,4363444.619
NZE,2030,Lead,Solar PV,1524404.297,463858.649,20.54435464,6.251410246,3.80E-06,277383.6372,3070195.879,190775.7058,802.6770455,0.804814357,25.34522486,61.25746726,17.18188987,0.00067472,0.009388281,241906.3674,294295.2211,553687.5943,60101.08016,0.841788756,1.177332928,10991.37897,0.000217602,13.5277828,138280.8761,0.014033386,1670060.676,30728.59632,42972.6509,1234.829008,26.48526383,1.880003626,650.8936139,146.8165879,8572359.507
NZE,2035,Lead,Solar PV,1402926.098,427562.4291,18.9071963,5.762247088,4.15E-06,286605.0363,3190467.577,186439.7894,856.7126783,0.838142359,26.39390822,63.81360701,17.91166712,0.000567043,0.007970623,298104.9739,306315.9349,509652.2491,55321.26059,0.875052595,1.254233427,11335.31023,0.000221534,13.75020821,138262.0699,0.014041866,1725734.669,31942.81482,45779.51903,1114.480039,25.462424,1.931866073,668.1315101,149.3310774,8619116.637
NZE,2040,Lead,Solar PV,1118223.763,341084.8264,15.07027079,4.596790817,3.50E-06,241569.7089,2703717.801,155705.8037,745.7374742,0.708465062,22.29096987,53.92475195,15.14696175,0.00039965,0.005677962,302341.3813,252800.4737,406268.3972,44099.70883,0.74415452,1.092490366,9608.011152,0.000215528,11.64078134,115448.6162,0.011737855,1455771.445,27164.52152,39875.89742,871.9268143,20.60044453,1.6245599,568.617461,125.0211837,7215889.064
NZE,2045,Lead,Solar PV,872043.5755,266172.8164,11.7525072,3.587203721,2.58E-06,196853.2397,2213763.462,125009.6958,619.5439635,0.577981144,18.18876409,44.00331901,12.36051977,0.000281757,0.004055177,274852.0536,202788.3348,316825.6441,34391.1586,0.609803919,0.914365206,7871.372324,0.000180752,9.541964409,93760.79336,0.009543677,1186653.11,22260.20294,33374.32925,695.2382244,16.4674676,1.323946994,469.1406022,101.3499866,5848421.694
NZE,2050,Lead,Solar PV,1075893.673,328538.7909,14.49978933,4.427708243,2.95E-06,249528.0526,2819073.343,156500.649,791.4123821,0.73275833,23.06953768,55.804287,15.6708348,0.000335249,0.004816708,359842.3571,255887.87,390820.7581,42423.44184,0.773221722,1.178551502,10008.24818,0.000228724,12.12493177,118692.7371,0.012089716,1503980.546,28225.5927,43017.12883,870.7327748,20.6766482,1.693275869,601.7849697,128.0402591,7384719.734
NZE,2022,Lead,Other low emissions power generation,5025174.489,1526674.682,67.72413789,20.57495267,4.31E-06,661450.1299,7241618.138,583204.9964,1832.592424,1.857466681,58.25638908,140.951653,39.45561677,0.001931466,0.026190862,515203.7844,647882.3657,1823902.561,197981.9613,1.96741272,2.675200021,26988.69721,0.000541814,35.09827303,371811.6332,0.037778259,3996073.821,71818.92372,97644.7986,3090.778366,70.47272094,4.442154753,1684.203656,368.425157,22794113.68
NZE,2030,Lead,Other low emissions power generation,9006327.358,2740521.559,121.3780252,36.93393362,2.25E-05,1638809.235,18139012.85,1127121.238,4742.293267,4.754920709,149.7420287,361.9150145,101.5122596,0.00398631,0.055466866,1429206.11,1738724.501,3271239.616,355082.9681,4.973369017,6.955796293,64938.12521,0.001285612,79.92344325,816976.7297,0.082910596,9866879.268,181547.5056,253886.5589,7295.488669,156.4774887,11.10724243,3845.542139,867.4065368,50646325.32
NZE,2035,Lead,Other low emissions power generation,6336746.031,1931216.854,85.40015137,26.02695639,1.87E-05,1294539.555,14410725.4,842112.4942,3869.605585,3.78572704,119.2161821,288.2337292,80.90353848,0.002561225,0.036001763,1346482.55,1383569.874,2302000.705,249875.4418,3.952443444,5.665129974,51199.40545,0.001000625,62.10703289,624503.0467,0.063424393,7794809.953,144279.5207,206777.2393,5033.890933,115.0088479,8.725865664,3017.820897,674.4996144,38930883.97
NZE,2040,Lead,Other low emissions power generation,4923522.539,1501791.4,66.35417738,20.23960136,1.54E-05,1063627.823,11904429.12,685570.3295,3283.470969,3.119361096,98.14680766,237.429878,66.69184652,0.001759651,0.024999981,1331204.59,1113076.713,1788793.689,194170.3598,3.276501244,4.810218774,42303.9297,0.000948969,51.2541865,508318.5339,0.051681602,6409739.946,119604.9828,175572.9812,3839.080749,90.70344978,7.152912993,2503.614194,550.4664058,31771451.85
NZE,2045,Lead,Other low emissions power generation,4174111.017,1274058.908,56.25437897,17.17045683,1.24E-05,942254.8364,10596367.79,598369.5803,2965.500069,2.766556085,87.06207204,210.6256428,59.16468306,0.001348656,0.019410451,1315602.817,970663.6759,1516512.992,164616.2165,2.918878512,4.376687115,37676.99558,0.000865183,45.6734272,448794.0414,0.045681623,5680016.412,106550.3617,159749.076,3327.817111,78.82293945,6.337185307,2245.581541,485.1203629,27993969.7
NZE,2050,Lead,Other low emissions power generation,3698384.5,1129352.094,49.84302583,15.22024708,1.02E-05,857752.6808,9690564.616,537970.981,2720.480063,2.518856759,79.30153578,191.8272366,53.86849464,0.001152419,0.016557432,1236958.103,879614.5532,1343446.356,145830.5813,2.657949669,4.05127079,34403.35313,0.000786238,41.67945296,408006.2838,0.041558399,5169933.127,97025.47489,147871.3803,2993.143913,71.0759782,5.820635799,2068.635833,440.1383905,25384974.09
NZE,2022,Lithium,Electric vehicles,226326952,68353272.34,3050.202086,921.1951702,0.000123615,3253421.454,35341746.57,18575530.32,44103.86703,1.788289868,30.59312592,55.16354513,24.97036295,0.020106892,0.316118289,5410211.833,6364749.033,82126117.14,8914884.714,30.15066034,55.13996076,461521.4943,0.016284552,353.4525733,8077502.836,0.790617612,23535526.65,1100567.949,2012608.516,92334.04582,3395.007208,120.4801402,13424.20218,4558.96831,490007959.5
NZE,2030,Lithium,Electric vehicles,1234191924,370954317.1,16633.1705,4999.341123,0.001737999,18898316.51,196589008.5,83655745.3,294729.4782,10.34343685,198.9843602,325.479619,166.2395971,0.14947747,2.457126581,40485367.89,48046504.01,448225042.7,48655213.62,200.7548,373.6480151,2784313.809,0.106569045,1548.035849,45183062.8,4.374506027,129301688.4,7327820.358,13638152.19,592330.9423,21213.04592,792.0865445,57506.27555,24680.61921,2688902857
NZE,2035,Lithium,Electric vehicles,1839907766,552643497.8,24796.38618,7447.961212,0.002826814,28698516.45,302188937.3,121985063.5,472297.4587,16.12995457,305.8731816,512.2833017,267.0670467,0.225480026,3.763302899,83744465.28,74178800.12,668297560.4,72544354.45,317.7388038,599.3326495,4315234.147,0.166185291,2221.808329,68229472.62,6.59426494,195392087.1,11597851.17,21875641.12,815295.7638,32328.90931,1232.878524,84166.35716,36810.91146,4047004292
NZE,2040,Lithium,Electric vehicles,2285732795,686548234.5,30804.75779,9252.591664,0.00356083,36130034.84,388497881.6,153181550.4,616257.351,20.88226442,383.7340935,668.9477028,350.5494951,0.279327839,4.712474952,143383235,87343722.71,830255663.2,90125326.09,409.470607,782.0280879,5503075.603,0.223366584,2827.030853,85726808.61,8.288681845,246822749.7,14946175.27,28544024.44,970633.7997,40493.23725,1562.676736,109269.4193,45884.39508,5084479170
NZE,2045,Lithium,Electric vehicles,2290922227,688124900.6,30874.69562,9273.84035,0.003264862,36898179.34,405753485.7,154068990.7,639850.7103,21.49047268,390.817695,693.356584,364.0428114,0.283667236,4.824993783,174812295.5,84265140.03,832126176.9,90328588.46,423.6424353,819.1322884,5645620.968,0.23016162,2918.692933,87154742.2,8.435854775,252073307.1,15463471.69,29898327.72,976448.9805,41158.73862,1595.138508,116231.4569,46145.56595,5149310435
NZE,2050,Lithium,Electric vehicles,1915089198,575268007.4,25809.60427,7752.871105,0.002454941,31401369.08,353738536.5,128966009.4,545586.2292,18.31123406,330.4936215,593.1467395,310.9678655,0.25020731,4.205940915,156283989.2,69837479.14,695559920,75504205.46,361.3987381,706.3480941,4794645.901,0.194389257,2486.144521,73650971.83,7.134610098,213998085,13191507.15,25781704.74,827421.2465,34841.37147,1360.826782,102738.0177,38673.90105,4334577324
NZE,2022,Lithium,Grid battery storage,25184875.25,7606114.171,339.4158686,102.5073914,1.38E-05,362029.4124,3932706.514,2067020.342,4907.724773,0.198994671,3.404296541,6.138407247,2.778615054,0.002237425,0.035176543,602029.5369,708247.1132,9138708.389,992017.3334,3.355060511,6.135782861,51356.50508,0.001812088,39.33097179,898836.3933,0.087977175,2618951.465,122467.3696,223956.0686,10274.61115,377.7845822,13.40661055,1493.798482,507.3061213,54526379.75
NZE,2030,Lithium,Grid battery storage,123139608.3,37011398.64,1659.549102,498.8016009,0.000173406,1885550.575,19614367.12,8346623.816,29406.18213,1.032000564,19.85335966,32.47423031,16.5863011,0.014913886,0.24515604,4039365.552,4793766.325,44720966.89,4854499.393,20.03000259,37.28015823,277800.6443,0.010632763,154.4529051,4508070.865,0.436459637,12900877.85,731122.0491,1360725.739,59098.91224,2116.499156,79.0292214,5737.600536,2462.470968,268281162.8
NZE,2035,Lithium,Grid battery storage,156335980.1,46957822.83,2106.93569,632.8492861,0.000240193,2438497.614,25676832.59,10365005.69,40130.8628,1.370553625,25.98988087,43.52843853,22.69254431,0.019158917,0.319765837,7115722.485,6302933.026,56784886.75,6164055.05,26.99809645,50.92497511,366663.1406,0.014120675,188.785867,5797421.845,0.56031117,16602361.28,985463.2193,1858761.542,69275.24558,2746.970156,104.7570297,7151.570413,3127.803485,343871793.1
NZE,2040,Lithium,Grid battery storage,193516062.9,58124953.03,2608.010639,783.3483925,0.000301469,3058862.397,32891237.63,12968747.1,52173.94464,1.767946632,32.48792297,56.6348464,29.67842886,0.023648619,0.398970344,12139196.31,7394745.955,70291596.43,7630243.707,34.66684292,66.2085249,465904.6443,0.018910794,239.3437595,7257853.817,0.701741289,20896653.74,1265381.939,2416611.094,82176.37332,3428.262422,132.3002629,9251.032255,3884.691818,430465185.3
NZE,2045,Lithium,Grid battery storage,181945288.2,54650953.19,2452.071628,736.5293922,0.000259296,2930457.348,32224985.22,12236175.72,50817.01183,1.706775638,31.03878313,55.06645404,28.91231901,0.022528882,0.383201522,13883611.2,6692346.432,66087549.95,7173906.155,33.64572751,65.05557393,448375.8209,0.01827946,231.8029048,6921838.945,0.669976488,20019689,1228110.575,2374528.385,77549.68245,3268.831423,126.6860709,9231.114734,3664.885782,408958785.4
NZE,2050,Lithium,Grid battery storage,167191083.2,50222037.37,2253.229614,676.8410156,0.000214321,2741401.766,30882075.43,11258988.27,47630.7593,1.598607031,28.85274827,51.78288613,27.14811108,0.021843594,0.367186979,13643902.06,6096950.364,60723759.79,6591666.805,31.55082622,61.66558877,418582.0914,0.016970567,217.0453449,6429875.835,0.622865604,18682457.02,1151644.723,2250793.93,72235.51498,3041.720793,118.8028755,8969.232598,3376.308223,378417192.6
NZE,2022,Magnesium,Other low emissions power generation,71991226.08,22538094.66,970.2237668,303.7452812,1.34E-05,815758.8853,20391353.11,11533607.07,4086.552429,0.349781971,155.6358116,11.1682603,4.563244106,0.009026502,0.147447642,1168996.833,1493141.981,26089188.69,2832000.536,7.050490042,6.355235759,124316.0466,0.002590443,845.5437401,2859739.954,0.292350594,6968184.885,257370.1256,231966.1014,24141.0328,205.284082,3.672028439,10186.76775,2295.344297,169333578.8
NZE,2030,Magnesium,Other low emissions power generation,213087537.8,67102938.56,2871.774866,904.3444553,0.000108676,2157163.58,69140785.89,35862794.39,14733.46936,0.919886324,597.43628,31.34989514,16.87153932,0.038903896,0.631594926,4746268.196,6639677.766,77262941.36,8386909.988,26.66986158,25.02462195,405652.9861,0.009411195,2991.975844,8955206.237,0.914341077,19273002.91,973514.6524,913398.6845,91611.48464,521.2347705,13.05392478,31325.50557,7429.282016,515046038.8
NZE,2035,Magnesium,Other low emissions power generation,348784857.8,110166545.8,4700.563902,1484.711504,0.000204487,3214177.641,119713910.9,60880893.89,26803.89854,1.54773659,1052.918587,54.14919541,31.00693699,0.06527864,1.053349017,10538866.93,11798818.56,126468017.1,13728136.88,47.19250915,46.55478372,694927.4197,0.015670252,5178.215272,15012478.29,1.533883442,30886886.46,1722630.023,1699249.574,139249.9628,751.2261515,23.14159116,53028.39742,12528.85759,855530328.3
NZE,2040,Magnesium,Other low emissions power generation,337696614.4,106776532,4551.127951,1439.024381,0.000203425,2914440.679,119076821.4,60253612.12,27933.72136,1.579959632,1045.065058,56.08066947,32.53002926,0.059749529,0.971805931,13380228.08,11273327.31,122449995.7,13292014.82,47.00600436,48.66715306,689231.8601,0.016987365,5122.828663,14702442.02,1.503764851,29780239.52,1715821.432,1776351.052,127268.0946,660.2732529,22.87337588,52567.90757,12273.60261,835986201.6
NZE,2045,Magnesium,Other low emissions power generation,259937242.1,82240454.56,3503.167037,1108.352342,0.000143828,2226900.987,93295485.14,46450842.57,22177.17542,1.252574312,815.8613192,44.94164732,26.1297829,0.043915086,0.721631094,11491439.27,8522413.16,94253732.06,10231317.39,36.78932428,39.5685512,539678.2743,0.014032442,4000.551035,11418237.66,1.1689049,23142992.24,1342889.989,1444252.09,97003.16111,493.2756027,17.75870722,41206.29653,9519.918984,646698836.5
NZE,2050,Magnesium,Other low emissions power generation,205333712.1,64990355.29,2767.27677,875.8732286,0.000103424,1771739.278,74355532.66,36525906.85,17618.1667,1.000572608,648.482365,36.08540494,20.87510455,0.033663308,0.555756107,9236510.773,6649256.242,74451080.98,8081732.542,29.11717402,32.11339398,430050.9846,0.011717354,3180.81553,9061898.832,0.927889255,18413581.44,1062839.913,1172138.856,76676.22821,388.0137348,14.43307706,32891.8172,7546.337393,511663974.4
NZE,2022,Manganese,Wind,29921562.7,9014721.969,403.2520747,121.4911599,1.80E-05,6893190.32,16283318.66,2759372.422,2071.302462,0.618337221,19.90395142,21.89703238,12.72639706,0.010964433,0.172573541,2174480.729,3664067.781,10811555.52,1173574.857,9.770825858,27.37226998,68653.58302,0.00196172,325.3507992,1892135.759,0.190946144,41790587.23,356690.059,999087.8253,20129.20825,319.5428748,20.69605912,7438.953843,926.3012921,127832995.4
NZE,2030,Manganese,Wind,42190868.36,12651258.77,568.6051684,170.5006663,8.84E-05,16020432.77,35483241.18,3591631.574,5059.840562,1.324254818,47.38368125,48.5661385,30.96794004,0.025120655,0.385833036,5690317.291,9260429.516,15216322.17,1651660.122,23.09815055,66.72494192,128101.5831,0.004048958,684.6477741,3431335.408,0.34432375,97014719.32,843199.8027,2435460.309,46755.59626,651.4796701,50.2783618,14198.01299,1603.008191,245675732.1
NZE,2035,Manganese,Wind,36298703.35,10882102.36,489.1966232,146.6577941,0.000101698,17102501.97,37929928.42,3291058.773,6197.492209,1.427422284,50.7981206,53.01728937,34.32925933,0.024416986,0.36581148,7614557.527,10014924.21,13071127.19,1418807.405,24.92397615,73.40468261,131316.9845,0.004170019,709.1318971,3385302.723,0.339715886,103703402.4,909849.3579,2679270.837,44628.98571,656.5702249,54.83990882,14713.70913,1540.108012,248499147.6
NZE,2040,Manganese,Wind,28481589.55,8539108.413,383.8455962,115.0813291,8.95E-05,14853107.96,33532744.12,2799123.574,6264.33667,1.281107292,44.23891796,47.98147551,31.05069121,0.018929778,0.279137623,8368597.732,8580045.27,10247930.17,1112384.402,21.94821971,65.5344902,115604.8201,0.005084432,617.9265922,2872947.801,0.288728931,90250343.87,801218.8578,2392008.822,35934.28323,552.4454252,48.20731059,12964.12412,1290.185971,213002557
NZE,2045,Manganese,Wind,22806380,6836759.566,307.3609538,92.13882053,7.02E-05,12755229.59,29259565.93,2328414.193,5759.684605,1.110590291,38.03816163,41.92988232,27.0984216,0.014712529,0.214861861,8041140.942,7291674.973,8200395.615,890146.1313,18.97112154,57.39257555,100814.5653,0.004652599,533.4477813,2449674.554,0.246602312,77545274.87,692539.7854,2094828.946,29975.25973,468.8524356,41.63322227,11330.16751,1083.223951,181340449.1
NZE,2050,Manganese,Wind,27833314.79,8343216.668,375.1088152,112.4413014,8.11E-05,16186753,37600053.9,2883958.055,7477.418649,1.407666506,48.24227359,53.39036954,34.40496394,0.017567633,0.253074233,10444313.56,9228897.503,10001951.22,1085713.295,24.00448547,73.60161146,128956.3601,0.005880207,678.3992886,3099875.445,0.312337798,98396167.26,876282.9373,2686458.739,37193.6022,592.105735,53.36214815,14600.11207,1357.328119,228855872.4
NZE,2022,Manganese,Other low emissions power generation,6415187.807,1932757.826,86.45730902,26.04772402,3.85E-06,1477901.102,3491146.114,591609.8866,444.0875777,0.132571599,4.267410353,4.694727229,2.728541557,0.002350776,0.036999795,466209.0145,785576.7157,2317999.225,251614.6363,2.09486662,5.868619042,14719.33913,0.000420593,69.75526315,405674.2081,0.040938884,8959908.557,76474.40544,214204.5888,4315.705455,68.51004324,4.43723837,1594.912889,198.5991445,27407414.57
NZE,2030,Manganese,Other low emissions power generation,16307778.47,4890013.729,219.7794804,65.90258045,3.42E-05,6192279.961,13715120.34,1388251.4,1955.749247,0.511856121,18.3149247,18.77197268,11.96984859,0.009709733,0.149133685,2199443.563,3579377.221,5881472.006,638406.092,8.927986956,25.79078398,49514.32196,0.001565019,264.6327196,1326293.103,0.133089354,37498506.5,325916.8661,941363.5875,18072.15485,251.812455,19.43378788,5487.871181,619.6009584,94959539.15
NZE,2035,Manganese,Other low emissions power generation,18436028.21,5526994.841,248.4618434,74.48715737,5.17E-05,8686321.542,19264523.69,1671521.206,3147.692084,0.724984506,25.80024899,26.92735972,17.43575211,0.012401331,0.185794812,3867416.31,5086557.047,6638795.534,720609.0279,12.65883034,37.28207001,66695.59538,0.002117943,360.1664647,1719387.492,0.17254092,52670720.35,462110.4029,1360795.515,22666.95952,333.470512,27.85306396,7473.059134,782.2173284,126212147.3
NZE,2040,Manganese,Other low emissions power generation,15945869.4,4780755.209,214.9020419,64.43010639,5.01E-05,8315747.945,18773838.36,1567133.705,3507.188188,0.717248226,24.76785951,26.86318967,17.3842217,0.010598136,0.156279623,4685292.101,4803674.357,5737466.157,622786.0414,12.28805873,36.69052321,64723.19115,0.0028466,345.9559981,1608465.369,0.161649469,50528085.68,448575.0786,1339204.058,20118.37811,309.2953288,26.98962702,7258.170398,722.3310682,119252858.1
NZE,2045,Manganese,Other low emissions power generation,11571903.18,3468955.607,155.9542198,46.75101925,3.56E-05,6471973.276,14846234.43,1181431.845,2922.450323,0.563510883,19.30047309,21.27512295,13.74967492,0.007465102,0.109020399,4080055.864,3699778.607,4160861.308,451658.0382,9.625902127,29.12085687,51153.07157,0.002360718,270.6701405,1242959.065,0.125125429,39346288.76,351393.0464,1062911.244,15209.37578,237.8946151,21.12459835,5748.900153,549.6252663,92011714.27
NZE,2050,Manganese,Other low emissions power generation,8775004.438,2630364.505,118.2604926,35.44935006,2.56E-05,5103194.875,11854162.62,909224.9675,2357.404511,0.443794781,15.20933342,16.83237276,10.84684715,0.005538545,0.079786671,3292776.967,2909592.952,3153313.467,342292.6467,7.567890066,23.20436757,40656.04981,0.001853852,213.8788288,977297.2063,0.098470685,31021342.98,276265.5732,846959.3915,11726.02066,186.6730748,16.82347541,4602.974858,427.9246062,72151352.13
NZE,2022,Manganese,Electric vehicles,16982381.4,5116425.511,228.8710855,68.9539258,1.02E-05,3912321.969,9241814.366,1566118.567,1175.595298,0.350945525,11.29675271,12.42795235,7.223036142,0.00622301,0.097946411,1234155.497,2079590.467,6136242.322,666078.0398,5.545562343,15.53549637,38965.25536,0.0011134,184.6571791,1073906.85,0.108374027,23718804.35,202444.1934,567045.601,11424.60022,181.3608142,11.74632398,4222.077325,525.7346347,72553319.02
NZE,2030,Manganese,Electric vehicles,90087234.95,27013355.4,1214.103179,364.0582473,0.000188673,34207318.95,75764903.86,7668961.793,10803.92661,2.827589466,101.1750882,103.6999071,66.1236945,0.053638393,0.823842522,12150139.84,19773152.87,32490357.36,3526675.304,49.31987884,142.4731406,273526.4256,0.00864546,1461.880907,7326692.507,0.735210622,207148801.5,1800426.057,5200269.479,99833.98184,1391.059355,107.3558988,30316.03239,3422.792209,524574351.3
NZE,2035,Manganese,Electric vehicles,155298119.5,46557311.35,2092.948471,627.4516038,0.000435096,73170282.98,162277051.6,14080261.6,26514.96602,6.106994908,217.3315264,226.8258803,146.8721725,0.104464119,1.565065133,32577650.32,42847230.18,55922699.33,6070137.541,106.6331926,314.0500382,561818.4364,0.01784075,3033.905896,14483469.06,1.453419364,443678200.7,3892643.023,11462826.06,190937.8826,2809.0293,234.6236623,62950.21994,6589.102532,1063163330
NZE,2040,Manganese,Electric vehicles,219522054.1,65815238.86,2958.492665,886.9901629,0.000689805,114480435.3,258453863.9,21574264.87,48282.41946,9.874143568,340.971775,369.8175639,239.3234235,0.145901396,2.151455218,64501026.57,66130759.97,78985994.69,8573710.697,169.1660596,505.1075496,891024.974,0.039188299,4762.673606,22143265.62,2.225380292,695605167.6,6175400.048,18436425.02,276963.7437,4257.977046,371.5581894,99921.0789,9944.117554,1641718724
NZE,2045,Manganese,Electric vehicles,261989706.8,78537700.17,3530.828048,1058.450424,0.000806404,146526492.2,336121081,26747802.66,66164.73465,12.75797495,436.9657444,481.6721276,311.2948013,0.169011091,2.468238971,92373106.03,83763569.16,94202553.98,10225608.97,217.9319371,659.3007765,1158113.58,0.053447023,6128.014522,28140788.59,2.832859381,890806161.6,7955593.8,24064477.63,344342.6581,5385.971476,478.2642268,130156.003,12443.60242,2083159673
NZE,2050,Manganese,Electric vehicles,303709059.9,91038760.94,4093.078618,1226.926876,0.00088537,176625154.9,410280885,31468914.02,81591.42401,15.36004872,526.4057002,582.5802304,375.4169898,0.191692913,2.761472648,113965321,100703053.4,109138391.4,11846988.65,261.9299846,803.1194414,1407134.407,0.064163111,7402.496316,33824941.96,3.408139477,1073670444,9561745.31,29313858.75,405845.8019,6460.886083,582.2722868,159312.1892,14810.77084,2497208917
NZE,2022,Manganese,Grid battery storage,792462.0991,238751.7513,10.67998984,3.217650781,4.76E-07,182563.7292,431257.9866,73081.01129,54.85771961,0.016376445,0.527149176,0.579935227,0.337054165,0.000290389,0.00457055,57590.35984,97041.55075,286340.2579,31081.7187,0.258776898,0.724944975,1818.26608,5.20E-05,8.616801865,50112.5523,0.005057142,1106809.053,9446.811175,26460.49082,533.1150243,8.462981024,0.548127871,197.0180848,24.53276501,3385612.072
NZE,2030,Manganese,Grid battery storage,1074701.16,322257.4696,14.48371787,4.34305505,2.25E-06,408078.2963,903842.0382,91487.34711,128.886101,0.033731901,1.20697438,1.237094362,0.788826644,0.000639882,0.00982808,144945.8338,235885.0322,387595.6983,42071.68798,0.588364501,1.699642014,3263.050165,0.000103137,17.43959737,87404.2248,0.00877074,2471194.252,21478.29237,62036.9317,1190.975571,16.59472735,1.280708737,361.6569561,40.83240827,6257941.695
NZE,2035,Manganese,Grid battery storage,717629.8557,215140.5099,9.671477758,2.899442732,2.01E-06,338118.5798,749879.3772,65064.63908,122.5251877,0.028220315,1.004285128,1.04815837,0.678693704,0.000482727,0.007232138,150540.7443,197996.2906,258417.8016,28049.99791,0.492750092,1.451219656,2596.153029,8.24E-05,14.01962533,66927.85363,0.006716225,2050229.095,17987.83436,52969.51589,882.3205685,12.98047457,1.084191782,290.8918497,30.44812593,4912858.89
NZE,2040,Manganese,Grid battery storage,0,0,0,0,0,0,0,0,0,0,0,0,0,0,0,0,0,0,0,0,0,0,0,0,0,0,0,0,0,0,0,0,0,0,0
NZE,2045,Manganese,Grid battery storage,0,0,0,0,0,0,0,0,0,0,0,0,0,0,0,0,0,0,0,0,0,0,0,0,0,0,0,0,0,0,0,0,0,0,0
NZE,2050,Manganese,Grid battery storage,0,0,0,0,0,0,0,0,0,0,0,0,0,0,0,0,0,0,0,0,0,0,0,0,0,0,0,0,0,0,0,0,0,0,0
NZE,2022,Molybdenum,Solar PV,556969.465,174988.7339,7.50626211,2.358318346,5.28E-07,49819.47194,10513544.7,59475.12881,124.1257952,0.015271276,0.468520647,0.486904009,0.289321563,0.00022299,0.003325011,368886.6813,724912.151,197009.7688,21385.31529,0.59199638,5.561571155,14044.99765,2.44E-05,4.480874872,220077.2505,0.022493887,380492.1539,21609.16461,202997.3402,856.3515936,23.33130054,0.74791465,85.17358412,16.37923071,13507307.48
NZE,2030,Molybdenum,Solar PV,616409.646,199348.1864,8.307335791,2.686610011,2.23E-06,94222.74459,21876842.43,66018.09789,257.871546,0.028726293,0.965200079,0.934100401,0.605110199,0.000434482,0.006502387,772997.4883,1522133.839,213524.8559,23177.45337,1.227129836,11.61896153,28759.06229,4.09E-05,7.587902193,442082.7007,0.045187953,732327.7339,44792.65812,424092.0812,1717.208386,45.90905464,1.526586634,111.0190757,22.69330283,27058873.86
NZE,2035,Molybdenum,Solar PV,475328.9649,156708.6893,6.405995344,2.111958683,2.33E-06,90544.85499,21774195.18,54108.62977,263.8025864,0.028174012,0.952843529,0.922281687,0.605673679,0.000375098,0.005589246,781133.887,1515863.528,162447.6097,17633.0172,1.218156905,11.58114891,28544.17827,3.76E-05,7.125546048,436159.5024,0.044593019,713149.8525,44465.08374,422711.9207,1580.388618,44.42776404,1.501893149,99.17659246,19.70458593,26674995.53
NZE,2040,Molybdenum,Solar PV,358683.3279,119114.1876,4.833965314,1.605298619,1.90E-06,72965.1846,17854562.66,42601.64727,222.6976118,0.023166582,0.77717024,0.761337379,0.499905136,0.000261007,0.00390639,651404.0397,1239453.616,121976.9535,13240.17222,0.996594157,9.504808107,23406.80489,3.77E-05,5.796410602,356917.56,0.036495461,580538.7969,36377.61022,346925.484,1233.890828,35.84775491,1.222357168,80.69771104,15.56005054,21819751.7
NZE,2045,Molybdenum,Solar PV,226952.6145,75789.57281,3.058634124,1.021413981,1.15E-06,48560.55174,11981140.84,27229.10745,151.0865912,0.015347955,0.519359729,0.505873045,0.331896388,0.000153688,0.00231839,440915.6125,829740.3519,76903.86099,8347.692207,0.667051707,6.382190269,15708.31356,2.63E-05,3.885804438,239253.6969,0.024466946,387959.4356,24348.67218,232949.9368,810.8829214,23.87014829,0.816152397,54.55622654,10.1812937,14616847.72
NZE,2050,Molybdenum,Solar PV,256176.496,85805.27797,3.452483569,1.156395363,1.20E-06,56279.88921,13947083.73,30645.75735,176.5021902,0.017609835,0.602547265,0.581125713,0.380408345,0.000163559,0.002475651,513839.9341,964580.0687,86636.75029,9404.195017,0.774039667,7.431514058,18285.22652,3.07E-05,4.516606818,278347.1843,0.02846615,450316.1932,28253.93757,271250.2538,933.8754941,27.66837843,0.950069892,64.14070408,11.68821925,16998115.31
NZE,2022,Molybdenum,Wind,28470252.72,8944787.445,383.6928102,120.548654,2.70E-05,2546590.155,537414155.3,3040152.205,6344.859061,0.780612078,23.94907094,24.88876152,14.78906569,0.011398453,0.169962484,18856145.08,37054871.82,10070422.63,1093139.515,30.26070117,284.2872836,717929.1821,0.001245169,229.0460214,11249548.37,1.14980565,19449374.62,1104581.878,10376485.5,43773.57793,1192.611201,38.23067586,4353.763746,837.2466837,690444416.8
NZE,2030,Molybdenum,Wind,36872566.03,11924666.03,496.930555,160.7083953,0.000133224,5636242.706,1308635129,3949089.197,15425.43286,1.718357524,57.73661053,55.87628121,36.19665254,0.025989958,0.388961646,46239381.74,91051431.24,12772690.04,1386435.442,73.40479856,695.026317,1720317.698,0.002448253,453.8952732,26444627.66,2.703065739,43806586.9,2679419.855,25368459.7,102720.4555,2746.200777,91.31778979,6640.970379,1357.474388,1618615347
NZE,2035,Molybdenum,Wind,30813838.48,10158851.23,415.277251,136.9105578,0.000151014,5869691.82,1411541444,3507664.589,17101.35693,1.826418137,61.76936134,59.78814892,39.26360962,0.024316259,0.362330351,50638053.23,98267888.89,10530884.45,1143084.02,78.96865724,750.7635306,1850414.689,0.002435894,461.9230917,28274625.47,2.890802357,46230896.9,2882508.767,27402867.93,102450.8145,2880.089467,97.36224034,6429.255793,1277.376245,1729242408
NZE,2040,Molybdenum,Wind,24794443.05,8233920.312,334.1540248,110.9683169,0.00013124,5043811.555,1234219442,2944893.266,15394.25678,1.601419584,53.7228852,52.62841849,34.55658087,0.018042435,0.270034218,45029136.02,85678813.83,8431812.661,915243.811,68.89084366,657.031997,1618025.276,0.002604615,400.6842843,24672382.08,2.52279533,40130485.62,2514648.757,23981667.07,85294.27906,2478.021832,84.49700005,5578.332318,1075.608362,1508318198
NZE,2045,Molybdenum,Wind,20161783.5,6732916.305,271.7198,90.73932724,0.00010185,4313972.47,1064368297,2418951.509,13422.07557,1.363465918,46.13834669,44.94023052,29.4846708,0.013653182,0.205958732,39169608.78,73711622.02,6831906.294,741583.715,59.25885515,566.9744706,1395479.042,0.002338679,345.2031076,21254574.44,2.17356942,34465142.27,2163062.356,20694567.47,72036.38496,2120.551741,72.5045092,4846.610075,904.475323,1298516520
NZE,2050,Molybdenum,Wind,24881243.6,8333871.594,335.3238335,112.3153575,0.00011664,5466206.521,1354616029,2976481.316,17142.84511,1.710362167,58.52264167,56.44206499,36.94731116,0.015885685,0.240448582,49906907.03,93685221.06,8414628.672,913386.1643,75.17890912,721.7887451,1775959.865,0.002979217,438.6772254,27034580.48,2.764786135,43737138.55,2744174.873,26345288.3,90703.0271,2687.302209,92.27591442,6229.691277,1135.222922,1650948679
NZE,2022,Molybdenum,Other low emissions power generation,33052667.38,10384491.04,445.4498861,139.9514996,3.13E-05,2956475.244,623913370,3529478.316,7366.092538,0.906255088,27.80378114,28.89471914,17.16943204,0.013233085,0.197318707,21891126.07,43019019.37,11691302.24,1269085.214,35.13129652,330.0445949,833483.0987,0.001445585,265.9120041,13060213.56,1.334872018,22579838.55,1282369.277,12046627.3,50819.13131,1384.567314,44.38407434,5054.521516,972.0052864,801574537.4
NZE,2030,Molybdenum,Other low emissions power generation,81463572.67,26345492.11,1097.882321,355.0574708,0.000294335,12452305.78,2891203527,8724831.206,34079.8324,3.796414465,127.5590791,123.4490025,79.97025842,0.057420329,0.859343646,102157935.8,201162427.3,28219054.85,3063089.894,162.1752372,1535.540728,3800745.131,0.005408993,1002.803291,58424842.07,5.971957364,96783095.39,5919715.864,56047234.65,226943.123,6067.256788,201.7509006,14672.07822,2999.105443,3576051334
NZE,2035,Molybdenum,Other low emissions power generation,49940328.06,16464562.3,673.0444233,221.8924519,0.00024475,9513074.305,2287700795,5684910.707,27716.35789,2.960096029,100.1102856,96.89931272,63.63496539,0.03940963,0.587232798,82069651.67,159263851.9,17067520.64,1852608.885,127.9853742,1216.770739,2998987.506,0.003947881,748.643852,45824997.51,4.685155281,74926924.76,4671713.767,44412130.45,166043.1656,4667.792782,157.7960573,10419.96581,2070.257776,2802602253
NZE,2040,Molybdenum,Other low emissions power generation,37128652.02,12329954.8,500.3818188,166.1704606,0.000196526,7552898.999,1848192520,4409855.752,23052.26223,2.398059531,80.44779657,78.80887797,51.74704927,0.027017799,0.404365062,67429267.07,128300476.8,12626290.4,1370539.718,103.1611864,983.8782157,2422925.868,0.003900303,600.0081281,36945870.78,3.777781568,60093740.89,3765582.412,35911553.64,127724.6519,3710.735108,126.5307596,8353.321714,1610.678994,2258644060
NZE,2045,Molybdenum,Other low emissions power generation,27949931.3,9333725.271,376.680453,125.7903579,0.000141193,5980385.324,1475515337,3353350.585,18606.79091,1.89014919,63.96079098,62.29986328,40.87408851,0.01892717,0.285517023,54300150.3,102185145,9470953.379,1028044.661,82.14952463,785.9868895,1934528.429,0.00324207,478.5490898,29464848.45,3.013181644,47778429.85,2998615.883,28688520.49,99862.79292,2939.684155,100.5117454,6718.771613,1253.858476,1800110964
NZE,2050,Molybdenum,Other low emissions power generation,21514271.38,7206117.91,289.9472419,97.1166522,0.000100856,4726510.154,1171307083,2573698.8,14823.04614,1.478913048,50.60325823,48.80422872,31.94753815,0.013736007,0.207910671,43153419.46,81007577.54,7275946.803,789785.1944,65.00557123,624.115064,1535633.954,0.002576064,379.3146768,23376215.05,2.390650571,37818554.54,2372828.46,22780199.06,78428.93914,2323.651902,79.78898067,5386.678854,981.6026251,1427539495
NZE,2022,Neodymium,Wind,133027197.4,40950403.9,1792.803868,551.8874658,6.08E-05,4818526.743,127965635.7,14148119.12,198982.2038,3.080827229,135.7234326,110.2969088,130.6878439,1.424256363,7.986449558,85383599.63,143830833.9,47916054.68,5201319.784,277.582901,218.1164404,148337552.2,0.016145007,381.7256528,7924979.928,0.800677756,35741220.68,10132679.14,7961250.028,58205.91844,1856.087331,92.98530783,225363.5609,3207.994581,813824280.4
NZE,2030,Neodymium,Wind,307262234.5,94831798.46,4140.964654,1278.045537,0.000363004,12690362.85,367523454.3,31585823.21,588831.8989,8.591318805,399.6407231,312.501435,386.8218954,4.210389913,23.58103819,254277820.9,426839820.1,110516705.7,11996608.62,820.3452217,646.8685936,438933880.6,0.046360909,871.1815775,20705571.86,2.087552133,93898674.99,29945224.87,23610703.52,167680.3817,5092.133945,273.8012552,655671.6273,7697.263354,2226037439
NZE,2035,Neodymium,Wind,274169593.6,84773600.11,3694.976046,1142.491474,0.000366955,11832347.11,352503549.5,28686147.41,568682.2081,8.229720283,383.470568,300.6281277,373.4089433,4.045023219,22.58568964,249435979.9,410670201.2,98549439.12,10697570.36,789.4486983,625.1817081,422451923.6,0.043720946,791.2593435,19326909.48,1.949219976,87953430.22,28817397.02,22819132.2,144393.0416,4739.973989,263.5455703,629650.9612,6982.588432,2104036112
NZE,2040,Neodymium,Wind,218616106.9,67673053.24,2946.283239,912.027875,0.000304572,9726989.389,293379671.2,23519126.7,474801.8339,6.88314645,318.0701567,252.0750911,311.6098603,3.354637745,18.68976795,213795214.7,340472727.6,78550640.35,8526724.861,656.1486124,522.4351872,350838166,0.037659286,655.8464135,15889778.67,1.604451569,72672655.82,23951518.66,19068884.21,113423.4128,3867.008888,219.2199446,523396.8938,5642.347612,1737797934
NZE,2045,Neodymium,Wind,187457670.3,58081915.74,2526.36185,782.7683789,0.000244705,8573616.037,260802709.7,20165178.74,421340.0385,6.1043067,281.4806416,224.123622,276.3453026,2.967666922,16.52227316,192163493.8,301131569.4,67328039.99,7308525.303,581.2104492,465.0578052,310567083.1,0.033894765,583.4058614,14002373.11,1.415571018,64226957.73,21216036.57,16974609.78,101434.4469,3401.786897,194.3601688,463969.7601,4892.921876,1530990979
NZE,2050,Neodymium,Wind,234293702.5,72641797.49,3157.569762,978.9915044,0.000282444,10872216.5,333599663.1,25079384.02,536623.9541,7.772440405,358.1423051,285.7691614,351.6650484,3.776350691,21.02916229,245561509,383162789.7,84121510.31,9131485.722,739.7036964,594.0133463,395165482.8,0.043682722,742.2715713,17484834.27,1.767648373,81355191.19,27001546.83,21681487,132596.8701,4323.231756,248.8072027,591252.4403,6153.829497,1942418740
NZE,2022,Neodymium,Electric vehicles,92395405.36,28442523.35,1245.210328,383.3191041,4.22E-05,3346757.208,88879845.75,9826721.353,138205.1321,2.139820174,94.26810319,76.60785014,90.77058342,0.989231876,5.547070515,59304055.52,99899181.97,33280587.6,3612630.044,192.7980531,151.4950125,103029369.5,0.01121368,265.1314703,5504376.153,0.556118954,24824431.68,7037756.298,5529567.923,40427.51809,1289.164507,64.58389998,156528.5744,2228.145564,565250007.3
NZE,2030,Neodymium,Electric vehicles,359488212.9,110950549.5,4844.812724,1495.2775,0.000424704,14847369.28,429992153.1,36954528.95,688916.838,10.0516025,467.5684586,365.6179308,452.570789,4.926038333,27.58915456,297497932.2,499390640.6,129301451.9,14035696.25,959.7809447,756.8181461,513540352.9,0.054240966,1019.258058,24224939.45,2.442377557,109858821.1,35035074.82,27623862.16,196181.3526,5957.654167,320.3398038,767117.4492,9005.582648,2604401488
NZE,2035,Neodymium,Electric vehicles,474906081.3,146841587,6400.296151,1978.980024,0.000635626,20495539,610593163,49689047.11,985049.5651,14.25520664,664.2330478,520.7365419,646.8046863,7.006634471,39.12206754,432063461.9,711347211.7,170703568.3,18529922.13,1367.452834,1082.915838,731755060.6,0.07573175,1370.589164,33477333.23,3.376364272,152349567,49916392.67,39526427.82,250112.1028,8210.40161,456.5035546,1090657.307,12094.97255,3644530860
NZE,2040,Neodymium,Electric vehicles,470231950.2,145561240.9,6337.303015,1961.724835,0.000655118,20922251.59,631044514,50588426.31,1021274.212,14.80529237,684.1524726,542.2004965,670.2567088,7.215652457,40.20072518,459862460.2,732339245.1,168958368.7,18340544.61,1411.341763,1123.731094,754634767.5,0.081003178,1410.691748,34178092.9,3.451092424,156315127.7,51518479.07,41016184.66,243967.9005,8317.736312,471.530774,1125799.675,12136.39818,3737913566
NZE,2045,Neodymium,Electric vehicles,479838275.2,148673170.9,6466.767193,2003.664231,0.000626374,21946016.53,667580697.9,51617117.44,1078510.562,15.62528753,720.5103175,573.6926744,707.3653114,7.596382557,42.29231613,491883843.7,770811098.8,172340617.1,18707744.36,1487.733305,1190.4156,794963328.1,0.08676095,1493.352936,35842089.31,3.623458855,164402729.2,54307014.36,43450169.12,259643.3102,8707.60612,497.5067065,1187630.514,12524.48721,3918901101
NZE,2050,Neodymium,Electric vehicles,485361695.9,150484394.8,6541.20618,2028.074045,0.000585109,22522830.89,691083441.6,51954330.11,1111667.577,16.10134979,741.9258596,591.9980065,728.507606,7.823069747,43.56391044,508704029.1,793758173.9,174265712.1,18916741.46,1532.366584,1230.555163,818622894.6,0.090492914,1537.686181,36221497.74,3.661851782,168535018.9,55936273.25,44915263.14,274687.032,8955.985905,515.4277924,1224835.683,12748.24329,4023905226
NZE,2022,Nickel,Solar PV,1370492.831,412633.1358,18.47009406,5.561045415,5.36E-07,43421.17165,605631.1657,123095.9233,186.5267372,0.049029209,0.24188658,1.992835798,0.600061668,0.000326164,0.0044914,59307.56929,85701.35218,496519.7272,53897.70197,5.878979233,4.223622504,3112.508901,6.90E-05,6.239115868,70435.69703,0.007144338,255844.9572,214583.8784,154162.2223,4830.78224,8.031239965,0.579666137,139.6591491,33.74543941,3954014.987
NZE,2030,Nickel,Solar PV,2475942.238,744613.3904,33.36820521,10.03513417,2.48E-06,81089.87905,1296331.928,220979.6055,435.269597,0.107948185,0.534025021,4.442851836,1.369256315,0.000746863,0.009969697,176026.2101,202137.7594,896948.0176,97364.26574,13.38305835,9.632470511,6391.74256,0.000143352,11.38984085,138436.1607,0.01402961,482553.566,488483.9121,351585.1757,10952.2931,16.02185093,1.336662827,235.549387,62.60806702,7670546.09
NZE,2035,Nickel,Solar PV,2371454.385,713508.0986,31.9600253,9.615929008,2.73E-06,78185.9173,1337610.831,218415.4184,477.4616979,0.11210629,0.546675993,4.629063875,1.439561859,0.000736221,0.009532752,247965.3302,210070.6222,858944.7605,93239.14583,13.94787876,10.06305926,6519.525981,0.00014261,10.86139157,137792.2664,0.013974065,471138.9133,509099.898,367301.6651,11292.9369,15.71291769,1.404718793,228.0894933,60.59312207,7633285.079
NZE,2040,Nickel,Solar PV,1936052.604,582563.5034,26.09212751,7.851192303,2.30E-06,63904.18744,1133503.017,182296.9537,423.3218911,0.095075959,0.45763536,3.929692883,1.230019203,0.000567599,0.00717206,259103.1863,173080.8994,701208.9857,76117.15425,11.77167881,8.516024052,5519.928684,0.000137191,9.062776967,114972.0325,0.011671433,391297.9533,429668.2419,310834.8796,9450.020913,12.76466101,1.187661719,194.08994,49.92516256,6370224.087
NZE,2045,Nickel,Solar PV,1534670.394,461788.6111,20.68271054,6.223512402,1.70E-06,51474.40434,927180.5713,144920.9596,352.8443812,0.077318189,0.370801129,3.200052571,1.004097124,0.000427113,0.005310121,234884.0517,138455.827,555795.0916,60332.51242,9.560183044,6.933396561,4505.008444,0.000115375,7.395536537,92910.05569,0.009442063,316709.182,348948.2822,253068.9759,7644.546846,10.21378691,0.964677184,161.3931798,39.93357321,5133829.478
NZE,2050,Nickel,Solar PV,1913635.088,575848.4776,25.79000727,7.760694085,1.94E-06,65156.09159,1183234.869,180534.2598,450.7932059,0.097768232,0.468285166,4.049498284,1.27053442,0.000520365,0.006366478,307103.3795,174763.1942,692950.9162,75221.14897,12.08125338,8.777731799,5715.478683,0.000147463,9.364990039,117233.7575,0.011920626,400450.0824,440967.7768,320387.2124,9635.662178,12.86412482,1.231104936,209.4453031,50.05131696,6463531.431
NZE,2022,Nickel,Wind,144214743.5,43420717.34,1943.578117,585.1798126,5.64E-05,4569139.648,63729587.8,12953184.87,19627.90681,5.159264338,25.45333352,209.7028871,63.14351859,0.034321745,0.472622791,6240839.572,9018214.646,52247967.64,5671567.986,618.635474,444.4449633,327524.2763,0.007256683,656.5320694,7411834.451,0.75178711,26922150.95,22580314.38,16222241.26,508335.4002,845.114389,60.99732989,14696.10632,3550.977997,416074600.5
NZE,2030,Nickel,Wind,263626889.7,79282993.41,3552.892317,1068.49472,0.00026422,8634075.656,138027434.1,23528887.39,46345.49558,11.49382403,56.86051679,473.0543358,145.7920859,0.079522498,1.061527299,18742457.54,21522694.67,95502880.67,10366897.16,1424.966218,1025.620954,680563.2155,0.015263424,1212.737628,14740042.76,1.493808065,51380074.12,52011509.98,37435165.05,1166149.566,1705.932659,142.3216819,25080.2104,6666.217704,816724306.8
NZE,2035,Nickel,Wind,265272808.2,79813593.78,3575.074314,1075.645607,0.000305074,8745940.033,149626230.9,24432125.59,53409.25223,12.5403004,61.15161931,517.8108342,161.0305554,0.082354244,1.066341349,27737602.67,23498669.94,96082256.58,10429806.37,1560.221015,1125.661959,729279.4565,0.015952485,1214.964058,15413554.52,1.563150269,52701980.43,56948326.91,41086661.74,1263237.068,1757.659698,157.1329818,25514.27545,6777.99571,853865451.2
NZE,2040,Nickel,Wind,223768985.3,67332697.33,3015.728438,907.4409088,0.000266182,7386046.818,131010293.5,21069884.28,48927.54969,10.98888063,52.89350091,454.1939547,142.1656355,0.065603084,0.828946766,29947149.65,20004692.61,81045743.72,8797621.681,1360.57079,984.282171,637993.4293,0.015856512,1047.47588,13288469.02,1.348984341,45226222.55,49661061.01,35926299.44,1092233.54,1475.339686,137.269957,22432.9178,5770.35094,736270583.1
NZE,2045,Nickel,Wind,183286280.8,55151593.07,2470.144148,743.276502,0.000202613,6147608.091,110733535.5,17307966.46,42140.34141,9.234141343,44.28492274,382.1835206,119.9197092,0.051010277,0.634189826,28052293.47,16535833.16,66378823.52,7205535.377,1141.776372,828.0582426,538034.9072,0.013779243,883.2517992,11096284.02,1.127669273,37824700.54,41675028.79,30224126.02,912991.1971,1219.836535,115.2117705,19275.25011,4769.282149,613135247.4
NZE,2050,Nickel,Wind,224167757.8,67456257.9,3021.102684,909.1061313,0.000227496,7632539.268,138606941.9,21148211.83,52806.98646,11.45280285,54.85603617,474.3678436,148.8334186,0.060956758,0.74578439,35974819.03,20472175.51,81173915.6,8811583.988,1415.226705,1028.244344,669524.7432,0.017274178,1097.037168,13733040.7,1.396410445,46909673.45,51656012.36,37530918.76,1128744.345,1506.934125,144.2145552,24534.92009,5863.130106,757153418.2
NZE,2022,Nickel,Other low emissions power generation,703747986.7,217626388.6,9484.392195,2932.944847,0.000505706,3803877909,1243163810,134244024.9,1426393.03,106.8766399,315.8155718,1070.343821,294.4041974,1.447914266,14.45536616,40457422.6,80984671.99,259859469.1,28205407.07,17214.76025,12258.6605,4331777.403,0.046698867,41849.5841,54511912.82,5.477664889,8955311363,628340225.7,447441111.5,649507.5181,60315.50032,7102.370212,235391.0379,63176.71129,16604504288
NZE,2030,Nickel,Other low emissions power generation,3931091657,1218883775,52979.21377,16426.86307,0.006402625,24179782842,7858482029,806688430.9,9076418.509,678.446267,1983.826077,6766.008281,1887.709108,9.177228552,91.45925619,289211438.1,519279145,1455502146,157979531.4,109621.432,78092.67738,27030785.43,0.287054322,264513.2317,327176513.4,32.87613957,56882337280,4001191436,2850382746,4116413.15,380666.9363,45101.72819,1437462.084,390461.6488,1.0452E+11
NZE,2035,Nickel,Other low emissions power generation,2883790695,896001985.6,38864.76761,12075.39409,0.005252734,18911780521,6164835669,622903734.1,7126232.124,532.3859963,1547.820123,5333.330608,1516.699185,7.132728212,70.77944799,288419273.9,406183292.2,1069346927,116066191.2,85966.32323,61281.48696,21141611.22,0.218436821,206597.8389,251047351,25.24995577,44485078649,3137777975,2236774291,3171315.479,296949.9012,35284.57326,1119292.407,301849.0575,81503007838
NZE,2040,Nickel,Other low emissions power generation,2126555839,661737017.4,28659.53436,8918.211562,0.004084931,14587350191,4782962519,478663255.1,5548025.525,412.8367534,1201.886941,4183.567438,1216.050752,5.490724617,54.2565225,290794661.7,311094151.2,789322375.5,85672820.13,66426.97608,47393.2761,16421599.47,0.202440357,159403.9709,192385412.5,19.37371111,34314705536,2424590235,1729854591,2432400.092,229881.9052,27360.92752,870915.4798,231430.8189,62801304191
NZE,2045,Nickel,Other low emissions power generation,1423498226,443318646.2,19184.44631,5974.593187,0.002586929,10143867403,3327225736,325774323.1,3861675.238,286.5378864,842.9464683,2932.910799,876.3233772,3.795787565,37.41694907,234401176.5,215478683.1,528709441.1,57386131.8,45957.93282,32816.32164,11431521.28,0.146865901,110881.1678,132733140,13.38354221,23860500893,1677468489,1197795749,1696252.397,159630.3087,19005.92748,610563.3259,160035.8006,43585995720
NZE,2050,Nickel,Other low emissions power generation,934175414.6,291039665,12589.85628,3922.333551,0.001563529,6764193998,2228684460,214926408.1,2569519.192,191.1011925,570.6170599,1963.359036,603.5873737,2.523247418,24.84126485,165442239.6,144829232.4,347099847.2,37674268.84,30619.52354,21876.38873,7635695.46,0.099590193,73964.7413,88495859.92,8.928029061,15912135125,1117615266,798488194.6,1137078.403,106125.8197,12636.13204,411121.0746,106475.5967,29056711524
NZE,2022,Nickel,Electric vehicles,1766913451,546398711.8,23812.64382,7363.800394,0.001269685,9550468593,3121235014,337049025.8,3581272.101,268.3372119,792.9241609,2687.332582,739.1662162,3.635305877,36.29336267,101577220.2,203329755.8,652434110,70815851.83,43221.42589,30778.05199,10875875.89,0.117247734,105072.5465,136864096,13.75287739,22484270512,1577585752,1123398906,1630730.875,151435.2735,17832.05593,591000.7545,158618.9703,41689244630
NZE,2030,Nickel,Electric vehicles,9443801905,2928168031,127273.8577,39462.83992,0.015381254,58087956019,18878712081,1937936432,21804604.39,1629.855701,4765.816246,16254.22337,4534.911018,22.04678396,219.715838,694782968.3,1247482839,3496604795,379519871.2,263347.4818,187604.8283,64937021.38,0.689600851,635449.5849,785987824.9,78.97952441,1.3665E+11,9612205108,6847576286,9889006.349,914489.7784,108349.4927,3453266.51,938019.9661,2.51093E+11
NZE,2035,Nickel,Electric vehicles,12169862746,3781211030,164012.9044,50959.27694,0.022167021,79809458305,26016175193,2628711217,30073356.92,2246.718014,6531.943698,22507.14714,6400.610468,30.10077101,298.6957995,1217155941,1714130961,4512742672,489810033.2,362785.8139,258613.5278,89219549.54,0.921823534,871861.9377,1059442979,106.5571425,1.87731E+11,13241712496,9439393837,13383243.86,1253155.975,148904.154,4723517.207,1273830.867,3.4395E+11
NZE,2040,Nickel,Electric vehicles,12614152001,3925244364,170000.5784,52900.41021,0.024230705,86528201715,28371235369,2839300500,32909381.45,2448.83556,7129.267091,24815.78645,7213.282975,32.56948802,321.834964,1724914999,1845326061,4682046076,508187913.8,394026.791,281124.0493,97408470.53,1.200821247,945541.0867,1141178045,114.9195955,2.03546E+11,14382011138,10261027877,14428337.09,1363597.062,162297.5952,5166034.223,1372784.797,3.7252E+11
NZE,2045,Nickel,Electric vehicles,11152115375,3473092274,150296.7511,46806.76894,0.020266783,79470123374,26066492122,2552214518,30253531.07,2244.824413,6603.897426,22977.30972,6865.382219,29.73734712,293.1356888,1836369668,1688125135,4142069572,449580302.3,360048.3372,257092.9829,89557993.04,1.150591857,868676.5843,1039871539,104.8507151,1.8693E+11,13141795187,9383893948,13288953.99,1250592.089,148898.1807,4783337.647,1253768.835,3.41466E+11
NZE,2050,Nickel,Electric vehicles,8815393675,2746410559,118804.8173,37013.29947,0.014754317,63830659700,21031093935,2028163950,24247398.17,1803.336095,5384.656824,18527.33712,5695.782862,23.81075222,234.4158556,1561204084,1366688396,3275425311,355515148.6,288942.6867,206437.6517,72054627.44,0.939787906,697972.0323,835095670.1,84.24979901,1.50156E+11,10546433132,7534974343,10730098.01,1001461.68,119241.5008,3879564.87,1004762.368,2.74195E+11
NZE,2022,Nickel,Grid battery storage,71474066.24,22102575.37,963.2540182,297.8757997,5.14E-05,386329519.7,126258226.2,13634094.18,144867.3557,10.85460731,32.07486703,108.7062792,29.90028463,0.147053096,1.468116169,4108937.514,8224966.778,26391852.28,2864598.083,1748.365804,1245.014308,439944.058,0.004742831,4250.328246,5536339.914,0.556322704,909519500.8,63815501.8,45443022.57,65965.29475,6125.763977,721.3310569,23906.78901,6416.354339,1686386976
NZE,2030,Nickel,Grid battery storage,145863264.7,45226716.18,1965.795192,609.5192086,0.00023757,897191511.1,291589193,29932196.54,336780.7598,25.1737675,73.60992145,251.0529244,70.04349865,0.340521319,3.39359823,10731198.41,19267867.04,54006447.37,5861834.881,4067.506267,2897.630954,1002978.041,0.010651159,9814.770778,12139893.58,1.219870068,2110620698,148464318.9,105763530.6,152739.6238,14124.6572,1673.500872,53337.07038,14488.09028,3878225531
NZE,2035,Nickel,Grid battery storage,118609185.8,36852211.98,1598.492724,496.6562461,0.000216043,777834152.1,253557285.1,25619787.48,293099.1461,21.89682825,63.66123759,219.3578065,62.38124556,0.293366328,2.911131073,11862572.17,16706160.28,43981821.76,4773757.145,3535.761324,2520.483642,869546.2185,0.008984221,8497.288484,10325479.57,1.038520827,1829653923,129055583.5,91997653.63,130434.968,12213.43355,1451.240728,46036.05988,12414.93393,3352186904
NZE,2040,Nickel,Grid battery storage,0,0,0,0,0,0,0,0,0,0,0,0,0,0,0,0,0,0,0,0,0,0,0,0,0,0,0,0,0,0,0,0,0,0,0
NZE,2045,Nickel,Grid battery storage,0,0,0,0,0,0,0,0,0,0,0,0,0,0,0,0,0,0,0,0,0,0,0,0,0,0,0,0,0,0,0,0,0,0,0
NZE,2050,Nickel,Grid battery storage,0,0,0,0,0,0,0,0,0,0,0,0,0,0,0,0,0,0,0,0,0,0,0,0,0,0,0,0,0,0,0,0,0,0,0
NZE,2022,Nickel,Hydrogen technologies,5640475.085,1744255.396,76.01652706,23.50728194,4.05E-06,30487729.95,9963843.063,1075953.455,11432.40833,0.856606393,2.531232626,8.578706821,2.359622439,0.011604899,0.115858424,324262.5037,649084.6628,2082749.633,226063.7314,137.9747128,98.25203115,34718.79562,0.000374287,335.4205496,436907.9443,0.043902978,71775993.08,5036088.849,3586199.164,5205.742742,483.4231618,56.92484098,1886.637418,506.3555033,133083567.6
NZE,2030,Nickel,Hydrogen technologies,382734888,118671703.9,5158.107523,1599.335286,0.000623366,2354167057,765109415.2,78539966.29,883688.8896,66.05418511,193.1472267,658.7451139,183.7891855,0.893503853,8.904561691,28157905.49,50557520.08,141709097.4,15381040.06,10672.84871,7603.178642,2631743.428,0.027947887,25753.26422,31854221.97,3.200852764,5538119405,389559870.3,277516022.6,400777.9679,37062.1013,4391.147903,139952.6996,38015.72399,10176189445
NZE,2035,Nickel,Hydrogen technologies,376566990.9,117000437,5074.982945,1576.811668,0.000685905,2469510806,805007666.3,81339115.64,930547.3495,69.51925915,202.1152115,696.4292736,198.0514222,0.931395612,9.242419639,37661949.01,53039639.94,139635915.7,15155987.72,11225.53024,8002.17061,2760683.338,0.028523601,26977.66057,32781902.56,3.297153252,5808886282,409732791.1,292079229.5,414112.137,38775.88307,4607.479178,146157.8243,39415.61761,10642708040
NZE,2040,Nickel,Hydrogen technologies,294750925.5,91719951.44,3972.350088,1236.10726,0.000566191,2021877296,662941740.4,66345042.45,768983.1736,57.22117091,166.5873435,579.8626828,168.5505163,0.761040991,7.520216458,40305546.68,43119154.13,109403899.2,11874667.27,9207.100192,6568.937309,2276113.117,0.028059213,22094.16141,26665548.74,2.685290071,4756184168,336059934.3,239766213.6,337142.4182,31862.744,3792.356899,120713.0981,32077.43093,8704564531
NZE,2045,Nickel,Hydrogen technologies,222337105.4,69242225.09,2996.431034,933.1755608,0.000404054,1584377188,519681532.3,50882901.51,603157.5445,44.75453717,131.6603522,458.0932281,136.8735131,0.592866506,5.844177392,36611270.84,33655754.4,82579468.38,8963176.913,7178.19915,5125.602428,1785496.676,0.02293908,17318.60107,20731674.68,2.090384084,3726787014,262004884.6,187084490,264938.7551,24932.76081,2968.548063,95364.2794,24996.09485,6807724765
NZE,2050,Nickel,Hydrogen technologies,252472489.3,78657078.3,3402.564771,1060.059278,0.000422563,1828107302,602329610.6,58086526.83,694444.4232,51.64746689,154.2163359,530.6221248,163.1269721,0.681938902,6.713659852,44712816.7,39141895.91,93808037.67,10181938.31,8275.305911,5912.365316,2063641.379,0.026915485,19989.88848,23917103.47,2.412910559,4300451824,302049383.7,215801335.7,307309.5378,28681.81871,3415.071369,111110.5682,28776.35028,7852936586
NZE,2022,Niobium,Other low emissions power generation,1550112.489,461418.2493,20.89082322,6.218521054,6.99E-07,48833.75212,574294.0049,102869.526,135.055037,0.02485171,10.05310191,0.766622772,0.339802033,0.000487166,0.005624545,196733.395,378405.8684,540102.7306,58626.77004,0.470804049,0.414072174,2969.30011,8.16E-05,4.611777775,96868.62992,0.009772688,354240.4994,17187.15733,15113.63425,1698.237316,29.65497157,1.135545357,183.8394105,44.05652506,4399823.713
NZE,2030,Niobium,Other low emissions power generation,5988422.517,1772074.801,80.70580489,23.88220335,7.86E-06,236201.4035,2815879.578,414898.2785,762.6830958,0.125514759,54.68178591,3.955506812,1.878893534,0.002007881,0.024223388,1022872.195,2162753.967,2052172.892,222753.6804,2.495198771,2.259908472,13982.13632,0.000338994,20.13360831,434682.6044,0.043907235,1724826.104,91089.04034,82486.65851,7351.301666,124.6184404,4.995614555,810.0751896,190.427404,19044149.43
NZE,2035,Niobium,Other low emissions power generation,7923780.615,2339025.235,106.7885725,31.52297877,1.26E-05,341566.8574,4148461.988,567304.1291,1223.981321,0.186634313,81.50940432,5.933781162,2.866620263,0.002317991,0.02882789,1591415.793,3279376.687,2695096.483,292538.2844,3.712304894,3.46598975,20458.17034,0.000459074,28.39629734,617662.7048,0.062460504,2509550.219,135520.2007,126508.6247,8814.946003,151.9375322,6.303752596,1170.475409,263.5997922,26599634.7
NZE,2040,Niobium,Other low emissions power generation,7388115.124,2178781.195,99.56942346,29.36337425,1.22E-05,329346.5784,4065323.098,540253.4145,1299.280984,0.183749493,79.35590485,5.874629195,2.851283313,0.001839146,0.023490314,1753154.184,3186650.809,2505460.497,271954.7782,3.632566515,3.495271862,20133.43173,0.000503144,27.61398099,597431.8496,0.060459853,2435080.491,132609.2648,127577.4217,7421.46425,129.7907647,5.530118744,1155.979768,250.426921,25541885.96
NZE,2045,Niobium,Other low emissions power generation,5451977.753,1606932.957,73.4761536,21.65659127,8.39E-06,251582.9126,3137522.259,403320.4381,1060.689743,0.140775662,60.84835422,4.519607912,2.192476915,0.001215915,0.015894206,1507307.966,2432564.25,1843746.759,200129.4028,2.79758374,2.767160853,15603.59229,0.000389124,21.27192539,456893.3973,0.046276796,1864604.563,102127.6562,101001.37,5242.268723,92.18440963,3.991133681,904.7242119,188.1595814,19382620.84
NZE,2050,Niobium,Other low emissions power generation,4117320.378,1213199.499,55.48901301,16.35025628,5.82E-06,194307.1791,2440039.703,304414.4815,846.1026338,0.108420244,47.06896109,3.487891394,1.685627695,0.000857057,0.011358322,1226928.495,1877000.268,1389808.165,150856.6823,2.164324269,2.183383173,12147.03227,0.000298378,16.49589143,353057.8253,0.0357759,1440940.96,79010.12281,79693.48491,3829.324075,67.65976098,2.978359737,711.2671549,143.7118555,14884183.08
NZE,2022,PGMs,Hydrogen technologies,15890008.82,4933939.126,214.1492104,66.49456169,8.79E-06,50064750.06,319219826.3,791577.4548,2038.453333,0.242899796,3.145116253,7.284128178,2.802342538,0.002130522,0.03847189,1025183.935,28757422.39,5630391.194,611179.2456,4.286383094,5.376092013,287221.4472,0.001142491,606.52454,7082681.152,0.717305614,125516268.5,156477.4127,196227.3559,7036.398627,205.1692614,6.709894526,8847.523076,908.1096121,560181288
NZE,2030,PGMs,Hydrogen technologies,278391501.8,90942122.3,3751.874588,1225.624474,0.000600835,1638798471,10404449363,21539899.82,59196.96747,4.51814621,100.8290473,143.9829366,84.96809832,0.054561393,0.91338472,37607613.01,945291733.8,96349478.25,10458540.6,137.2125906,181.4533676,9273653.391,0.03052658,19293.98167,222920456.4,22.56785157,4067888009,5008828.491,6623047.821,212632.182,5877.067107,194.2500585,282753.1316,24823.54075,17836103375
NZE,2035,PGMs,Hydrogen technologies,378980085.9,128122297.5,5107.504161,1726.700668,0.001228443,3108557543,19732352771,36468888.17,121840.2168,7.498879369,193.2294681,246.9970912,165.2322304,0.083708126,1.337476129,100210062.5,1797684797,128631311.7,13962471.07,258.4138602,361.9581217,17547617.48,0.045803649,36304.61776,416950393.7,42.22194903,7699710704,9433107.963,13211471.23,341088.6997,9555.386254,336.9947076,536334.6263,44132.38013,33582832727
NZE,2040,PGMs,Hydrogen technologies,495746724.7,169360898.8,6681.164931,2282.472158,0.001872008,4658126886,29593255771,49453170.47,218133.1902,11.6921403,292.2567249,390.5538299,261.1000068,0.10614452,1.64454836,241651300.5,2695191153,166741706.8,18099184.15,394.068166,578.0763403,26325733.17,0.065454254,54276.36633,620886926.2,62.89700358,11535588004,14385028.18,21099786.07,436776.5022,12313.61024,466.8132568,812384.5587,64727.02629,50307392498
NZE,2045,PGMs,Hydrogen technologies,481516448.6,165803592.8,6489.383894,2234.530442,0.001877903,5035554392,32024894443,48168628.23,276965.6036,13.4683957,324.9424031,456.9039187,304.4924319,0.112630833,1.728144229,370839814.2,2915893038,160561941.3,17428390.07,442.45587,681.9592501,28525287.67,0.069125364,58621.58171,668969986.1,67.79473603,12469500150,16151372.18,24891512.19,450784.0879,12015.74815,495.3552234,897449.8414,69010.25033,54430336953
NZE,2050,PGMs,Hydrogen technologies,384241711.9,133493522.2,5178.414952,1799.088511,0.00157115,4467379609,28461277633,39640080.81,267922.6787,13.2754705,303.3304794,455.5342095,301.0805335,0.152392051,2.107973182,375640497.1,2594454500,126672153.5,13749735.82,411.2377915,665.6287406,25374174.67,0.060240731,51968.01504,592076096.1,60.02394642,11063403862,15011787.7,24295448.57,413964.1995,10379.43176,524.7788813,820434.7637,60605.71016,48318224249
NZE,2022,Praseodymium,Wind,73250291.96,22513835.14,987.1921631,303.4183363,3.39E-05,2590107.181,69420494.03,7764081.238,101583.1566,1.622217685,68.50349938,59.07960244,72.79069684,0.685154481,3.85134888,41246400.92,69481600.78,26402755.77,2866038.284,138.6069635,111.9362058,71359817.64,0.008524807,211.0750248,5093414.334,0.515964899,19585526.51,5059593.024,4085671.482,30470.16887,937.5814281,47.98659245,109313.8065,1756.043972,420962185.6
NZE,2030,Praseodymium,Wind,189272767.9,58285624.14,2550.82387,785.5137516,0.000224959,7605025.037,221351187.9,19313117.57,333712.7347,5.020060171,223.7561862,185.8937651,239.1085207,2.248005185,12.62399579,136845314,228895096.3,68142734.84,7396912.26,454.6134844,368.5220875,234329939.7,0.027181628,539.9120579,15116630.24,1.529215977,57462174.18,16594804.48,13451056.1,97544.73686,2844.30399,156.8193895,352449.3899,4701.027998,1274849765
NZE,2035,Praseodymium,Wind,172197163.3,53117086.99,2320.696418,715.8575187,0.00023208,7247855.11,216807439.7,17892022.16,329478.0847,4.910601701,219.1597121,182.6323125,235.6398999,2.204926569,12.34355438,138668676.8,224812242.7,61958372.5,6725603.476,446.8118618,364.0041721,230262133.5,0.026157643,501.950178,14488645.17,1.466445399,55026798.79,16310017.51,13286152.18,85775.84565,2700.007655,154.1382793,345601.3342,4348.821081,1229564582
NZE,2040,Praseodymium,Wind,141701803.3,43771312.68,1909.711292,589.9047757,0.000201246,6215316.672,188368589.6,15221108.28,287861.3071,4.28800975,189.7057472,159.8993028,205.2018867,1.90794417,10.65827274,127116814.8,194398459.5,50962541.13,5532018.581,387.7828835,318.132375,199524325.8,0.023437169,433.9981799,12439608.72,1.260781684,47422274.09,14155277.33,11611831.6,70611.42152,2297.324098,133.8228634,299984.9725,3638.474552,1059102748
NZE,2045,Praseodymium,Wind,129875322,40163290.96,1750.326131,541.2795664,0.000174877,5917931.116,180933435.9,14033319.24,275516.0581,4.109005552,180.9886915,153.6019739,196.2897869,1.818966369,10.16607645,124185634.9,185272185.4,46685093.54,5067712.035,370.33653,305.7555889,190247367.1,0.022698721,416.1426493,11819189.85,1.199400089,45211338.32,13518431.43,11160078.91,70454.8833,2181.17754,127.9447992,286753.4797,3382.070782,1004725917
NZE,2050,Praseodymium,Wind,175011575.1,54165936.69,2358.626168,729.9928372,0.000220119,8162297.473,252207610.3,18917607.27,381100.1091,5.700610385,250.1979216,213.3578521,271.5990034,2.514089695,14.07667757,172713334.9,256053576.4,62880620.64,6825760.51,512.0420501,424.820988,262729922.3,0.031734223,573.4771774,15770612.22,1.599960999,61983341.84,18691122.77,15505965.94,104176.8579,3017.526823,178.0511821,397097.3019,4596.71113,1382505619
NZE,2022,Praseodymium,Electric vehicles,45855873.83,14094026.87,617.998346,189.9448121,2.12E-05,1621449.211,43458358.05,4860441.1,63592.70778,1.015534648,42.88430449,36.98479177,45.56815981,0.428917846,2.411007022,25820917.65,43496611.87,16528554.42,1794186.568,86.77021291,70.07388491,44672406.17,0.005336668,132.1363976,3188560.193,0.323002416,12260858.06,3167387.503,2557696.781,19074.82116,586.9412192,30.04038715,68432.22034,1099.31208,263529173.1
NZE,2030,Praseodymium,Electric vehicles,180839822.8,55688739.89,2437.173301,750.5156142,0.000214936,7266187.288,211489006.2,18452632.13,318844.3455,4.796394124,213.7868512,177.6113696,228.4551708,2.147846538,12.06154053,130748245.5,218696799.9,65106672.4,7067346.862,434.3584282,352.1027866,223889496.8,0.025970566,515.8565702,14443117.01,1.461082592,54901978.3,15855432.01,12851751.62,93198.68422,2717.577575,149.832387,336746.1993,4491.576255,1218049528
NZE,2035,Praseodymium,Electric vehicles,238560301.8,73587903.89,3215.070604,991.7421544,0.000321521,10041109.1,300362951.7,24787436.25,456455.7848,6.803100594,303.6217673,253.0170576,326.4532619,3.054684164,17.10064208,192110257.6,311452729.1,85836536.21,9317586.68,619.0088766,504.2878958,319002955.8,0.036238548,695.396972,20072430.34,2.031599419,76233600.34,22595742.14,18406508.06,118833.0355,3740.564761,213.5416968,478792.7804,6024.8151,1703427003
NZE,2040,Praseodymium,Electric vehicles,233560821.1,72146320.61,3147.69274,972.3139762,0.000331704,10244431.84,310479623,25088280.21,474469.0731,7.067737,312.6836008,263.5549554,338.2252028,3.14478007,17.56756,209521029,320418391.1,83999304.7,9118181.789,639.1653923,524.3635368,328867130.1,0.03863045,715.3400232,20503657.39,2.07809074,78164038.98,23331518.15,19139268.95,116385.686,3786.577801,220.5743126,494451.9751,5997.136835,1745672262
NZE,2045,Praseodymium,Electric vehicles,236784885.9,73224536.57,3191.143372,986.845063,0.00031883,10789398.8,329872544.8,25585136.9,502312.8132,7.491418658,329.9732851,280.0426232,357.8697944,3.316286246,18.53449303,226411614.8,337782825.8,85114896.14,9239304.259,675.1867224,557.4446408,346853431.4,0.041383643,758.6990983,21548401.01,2.186711137,82427988.76,24646408.52,20346729.23,128451.2811,3976.659051,233.2652132,522800.5515,6166.092462,1831786885
NZE,2050,Praseodymium,Electric vehicles,237984835.1,73656108.17,3207.315054,992.6613415,0.000299323,11099283.1,342957810,25724605.03,518228.8459,7.751823394,340.2249883,290.1289997,369.3266802,3.418717996,19.14179555,234859634.2,348187644.8,85506539.33,9281828.861,696.2867613,577.68152,357266296.1,0.043152939,779.8276849,21445247.52,2.175664405,84286398.62,25416626.11,21085375.32,141662.129,4103.303583,242.1181638,539982.203,6250.715356,1879963491
NZE,2022,Selenium,Solar PV,2838744.028,871159.8943,38.25767492,11.74059791,2.13E-06,2625779.578,24001609.76,407961.5338,1110.882433,3.69299316,7.510082398,128.0509428,89.33865349,0.002120066,0.026552185,931914.7062,1819032.866,1014515.974,110125.3024,27.47157334,31.21878526,33272.16469,0.000143886,74.72025761,589315.0973,0.060130772,12803681.88,1002753.213,1139485.652,2944.102833,104.4219386,6.882830252,551.9820413,360.2808582,50194121.47
NZE,2030,Selenium,Solar PV,3034603.17,943634.2845,40.89726318,12.71733326,8.46E-06,4874926.592,46480001.52,580839.9219,2173.598777,7.187136717,14.59468471,249.3392454,174.2374512,0.003973893,0.049184731,1849327.609,3580644.075,1071960.387,116358.3801,53.53434597,60.92057212,62118.24976,0.00021856,134.2201631,1061523.803,0.108316817,24196882.63,1954081.974,2223600.862,5419.71724,191.4755119,13.33226718,758.9732569,646.6832626,92039161.14
NZE,2035,Selenium,Solar PV,2080205.344,654224.2409,28.03487002,8.81696207,8.09E-06,4390959.348,42053633.51,486914.3236,2011.941253,6.508612023,13.19587822,225.8385762,157.8622226,0.003328359,0.040344551,1759536.875,3245113.12,728417.8539,79067.26185,48.47930123,55.24954968,55772.69968,0.000177861,118.8289514,939967.914,0.095961831,21811860.67,1769565.262,2016608.545,4409.516793,167.9873024,12.03240942,630.466051,571.2549643,82079170.11
NZE,2040,Selenium,Solar PV,1339548.804,423316.8288,18.05306226,5.705029238,5.79E-06,3140097.567,30160502.99,342808.5183,1481.323339,4.667895726,9.454436298,161.9841229,113.2262985,0.002169988,0.025817586,1343001.832,2316623.525,467221.3236,50715.76579,34.75892147,39.66943669,40015.67573,0.000164179,84.95802151,670424.8417,0.068471229,15616456.39,1268751.372,1447934.426,2922.214485,118.146278,8.59874109,453.8259517,406.742059,58632469.43
NZE,2045,Selenium,Solar PV,675980.6319,214422.6492,9.110172323,2.889768135,2.86E-06,1711683.339,16461248.32,183321.4658,820.0985592,2.546395482,5.155900571,88.37175237,61.77049386,0.001095463,0.012861385,762592.7181,1259845.91,235024.53,25511.58925,18.9600261,21.66604256,21855.62421,9.36E-05,46.36214306,364968.2782,0.037288795,8515242.781,692068.6327,790810.5464,1537.014604,63.85902157,4.68042157,252.8784061,220.9372903,31917291.3
NZE,2050,Selenium,Solar PV,515791.6237,164017.1383,6.95130948,2.210454453,2.07E-06,1369990.726,13185154.11,144709.1919,660.3681507,2.038062541,4.126265143,70.7333721,49.43968722,0.000839344,0.009741618,616946.4504,1007592.571,178905.8896,19420.0734,15.17314538,17.35585001,17508.53933,7.46E-05,37.11528053,291887.5863,0.029828597,6815032.107,553841.9632,633488.5195,1202.563346,50.88462784,3.753509075,207.448363,176.4075847,25516440.13
NZE,2022,Silicon,Solar PV,4561153734,1401165262,61470.54299,18883.46567,0.00184504,152502801.6,1050436670,598675308.6,314685.1285,29.40095611,10254.98487,862.9577962,218.2475509,1.227004837,20.21472853,516384193.8,108707057.6,1646434949,178723669.1,466.6473903,399.2556031,7599386.575,0.121703212,10637.1799,205023818.8,20.78442448,971284420.7,17034385.08,14572829.26,3030637.403,31917.33378,530.5570238,844801.3903,102928.4573,11433921466
NZE,2030,Silicon,Solar PV,4427726911,1370366726,59672.35338,18468.39465,0.006391091,149440931.1,1350470845,631375018.5,493645.5964,24.33040871,17048.27513,767.4383036,319.9127814,1.922478509,32.06836751,869862005,216053384.9,1594389764,173073418.9,734.2798045,689.0571009,9449926.118,0.147300077,8019.455274,252644202.1,25.47677515,912549778.9,26802352.52,25150583.65,4868524.748,37213.75924,815.9452906,919104.1563,105193.7971,12015675832
NZE,2035,Silicon,Solar PV,3620099218,1125716221,48787.97726,15171.24654,0.006544211,113273950.6,1259124574,552222897,500464.5463,20.47418131,16528.49046,674.5053232,328.8362939,1.592210915,26.78414614,885555811.8,209259081.7,1301836052,141316265.9,690.6846051,709.1650497,8680891.649,0.123008689,6068.631717,227788854.9,22.97817909,723100440.7,25210815.87,25884523.74,4018922.249,28508.40652,770.4130707,811488.2044,88400.45965,10224430441
NZE,2040,Silicon,Solar PV,2806718990,873905620.7,37826.07437,11777.602,0.005248109,82353681.59,1010279878,440152649.4,420140.4947,16.70186227,13333.81549,559.1161232,279.6473755,1.107248163,18.86147621,748207237.2,157717377.2,1008999420,109528674.4,544.1249846,595.7870694,6973222.902,0.111380669,4697.045004,180984692.5,18.26590278,558973038.7,19861188.85,21746227.54,2917687.029,19309.40805,613.5385028,650951.7426,69140.77906,8030411174
NZE,2045,Silicon,Solar PV,2108259869,656826086.1,28412.96007,8852.027088,0.003609165,61185228.1,774812194.3,333624909.4,324322.1626,12.87525483,10196.1009,435.2718521,219.5195641,0.763673478,13.1529515,581350161.5,113711670.1,757786266.7,82259207.97,408.6346146,471.0431348,5323919.015,0.086533509,3560.982394,137558701.9,13.88868583,422523947.9,14915630.57,17193074.02,2125087.739,13352.64187,466.4244424,498955.3288,52183.28941,6070293498
NZE,2050,Silicon,Solar PV,2526704736,787334443.3,34052.32999,10610.88463,0.003915696,73782078.69,938502714.5,399705432.1,390480.2232,15.60949123,12291.78908,529.7682012,266.5915003,0.86081201,14.91505747,700208472.9,131962004,908124635.4,98578832.13,483.6294091,579.9200405,6413693.329,0.103058731,4294.588563,165496837.9,16.71295869,509416958.4,17653030.43,21167080.98,2495050.385,15088.09431,566.4769634,604354.4439,62659.7691,7288557027
NZE,2022,Silicon,Electric vehicles,65558545.75,20139281.05,883.5307118,271.4165364,2.65E-05,2191958.982,15098175.7,8604902.377,4523.04408,0.422586924,147.3973327,12.40349733,3.136923876,0.017636032,0.290551093,7422112.643,1562472.354,23664600.49,2568837.738,6.707233755,5.738595595,109227.7879,0.001749269,152.8907127,2946856.035,0.298739469,13960501.63,244839.2619,209458.7355,43560.07107,458.7554178,7.625822094,12142.531,1479.415158,164342468.4
NZE,2030,Silicon,Electric vehicles,421661131.3,130502715.2,5682.715429,1758.781501,0.000608636,14231553.42,128607991.4,60127083.24,47010.83983,2.317032615,1623.54073,73.08465716,30.46592259,0.183081405,3.053933631,82838667.44,20575188.25,151836869.1,16482121.66,69.92690816,65.62026126,899935.0271,0.014027676,763.7084787,24059803.65,2.426203343,86903908.01,2552440.679,2395139.486,463639.1751,3543.939393,77.70407282,87528.09424,10017.81194,1144276412
NZE,2035,Silicon,Electric vehicles,914688564.6,284434125.3,12327.23254,3833.310879,0.001653522,28620869.48,318142343.6,139529868.8,126452.1136,5.173200619,4176.244988,170.4269051,83.08689334,0.402303094,6.767536111,223752921,52873382.05,328934230.3,35706306.55,174.5149157,179.1843599,2193396.325,0.031080541,1533.357983,57555290.1,5.80588442,182705407.9,6370003.579,6540228.993,1015458.97,7203.204074,194.6598652,205038.2976,22336.09762,2583401460
NZE,2040,Silicon,Electric vehicles,1242400568,386836317.9,16743.79816,5213.382411,0.002323087,36454045.14,447202694.3,194834575,185976.149,7.393117458,5902.243862,247.4940282,123.7865491,0.490125927,8.349075499,331195641.5,69813957.04,446635896.7,48483117.74,240.8581665,263.7265063,3086713.035,0.049302908,2079.157693,80113287.28,8.085443562,247430691.6,8791600.581,9626017.26,1291520.824,8547.353552,271.5842188,288145.2748,30605.32368,3554679837
NZE,2045,Silicon,Electric vehicles,1753398512,546269413.7,23630.50336,7362.057856,0.003001672,50886557.93,644396153.1,277469314.2,269732.4016,10.7080977,8479.897769,362.0070891,182.5701295,0.6351323,10.9390526,483497562.9,94571772.74,630236022,68413374.96,339.8534195,391.7573655,4427799.353,0.071968228,2961.599433,114404882.9,11.55094846,351404906.4,12405038.32,14299143.51,1767393.923,11105.13118,387.9160893,414971.3915,43399.82153,5048544417
NZE,2050,Silicon,Electric vehicles,2114905043,659015500,28502.5169,8881.533759,0.00327752,61757152.75,785546524.6,334561859.3,326840.1652,13.06547269,10288.48616,443.4271344,223.1426967,0.72051777,12.48421702,586089229.1,110454974.8,760119433.1,82512557.28,404.8079944,485.4052794,5368396.305,0.086262327,3594.661015,138524336.5,13.98909818,426392715.8,14775958.01,17717292.28,2088409.685,12629.05249,474.153141,505857.3893,52447.54553,6100675633
NZE,2022,Silicon,Grid battery storage,979511.165,300901.2847,13.20084494,4.055238332,3.96E-07,32750.09034,225582.0579,128565.9689,67.57886596,0.006313877,2.202265646,0.18532083,0.046868824,0.0002635,0.004341128,110893.8906,23344.92167,353573.1327,38381.04119,0.100212875,0.085740438,1631.973933,2.61E-05,2.284342313,44029.01795,0.004463471,208584.0535,3658.146897,3129.525948,650.8316417,6.854271226,0.113937516,181.4217284,22.10396293,2455443.159
NZE,2030,Silicon,Grid battery storage,12429400.89,3846858.162,167.5106928,51.84400159,1.79E-05,419506.7311,3791006.96,1772379.683,1385.749198,0.068299696,47.85747867,2.154333031,0.898050917,0.005396732,0.090021495,2441854.207,606499.4951,4475729.862,485847.2419,2.061251347,1.934303339,26527.5891,0.000413497,22.51200821,709216.2942,0.071517747,2561686.226,75238.87337,70602.07037,13666.79722,104.4655061,2.290500595,2580.085505,295.2973167,33730095.59
NZE,2035,Silicon,Grid battery storage,19918813.35,6194010.148,268.4452978,83.47650431,3.60E-05,623265.4251,6928060.768,3038487.11,2753.697975,0.112654757,90.94444562,3.711319725,1.809350619,0.008760796,0.147373974,4872579.413,1151402.859,7163071.444,777562.2032,3.800342726,3.902027377,47764.72965,0.000676829,33.39133409,1253358.93,0.126432463,3978703.854,138717.0642,142423.9961,22113.25085,156.8613439,4.239031372,4465.038415,486.4044186,56257718.17
NZE,2040,Silicon,Grid battery storage,34268243.09,10669828.49,461.8321664,143.796985,6.41E-05,1005485.761,12334870.92,5373982.232,5129.646629,0.203919052,162.7973559,6.826450133,3.414315532,0.013518792,0.230286557,9135131.652,1925628.266,12319237.35,1337275.036,6.643417922,7.274178924,85138.59005,0.001359887,57.34791426,2209707.299,0.223014986,6824703.164,242492.4084,265507.5247,35623.09185,235.7555179,7.490912568,7947.704288,844.164675,98046182.45
NZE,2045,Silicon,Grid battery storage,45640191.88,14219152.51,615.0916064,191.6311271,7.81E-05,1324554.716,16773348.37,7222404.177,7021.015746,0.278727072,220.7280082,9.422885265,4.752220149,0.016532214,0.284738727,12585228.85,2461661.638,16404766.38,1780770.052,8.846234992,10.19727187,115253.6692,0.001873301,77.08913031,2977908.769,0.300666107,9146915.113,322897.69,372200.4147,46004.48626,289.0616789,10.09728514,10801.52276,1129.678261,131411390.1
NZE,2050,Silicon,Grid battery storage,55099041.27,17169150.15,742.5682586,231.3881641,8.54E-05,1608942.169,20465628.24,8716248.396,8515.077218,0.340391178,268.0431093,11.55248556,5.8134755,0.018771452,0.325247883,15269222,2877653.175,19803183.2,2149677.033,10.5463517,12.64613067,139861.3571,0.002247369,93.65071791,3608936.561,0.36445414,11108692.53,384953.983,461583.7584,54408.76498,329.0212423,12.35298179,13178.96388,1366.401525,158939229.7
NZE,2022,Silver,Solar PV,990716209.6,304930839.5,13351.85501,4109.544527,0.000319328,51939219.45,4292836452,98079487.16,154743.8519,32.23245581,1587.694039,1351.209975,862.7487338,0.405309665,6.315812643,142301886,97835145.69,356587113.7,38707992.32,251.870497,276.4664367,8625638.471,0.046594238,3496.139594,199999819,20.47482034,342228088.5,9194185.299,10091024.81,770158.2994,8858.30003,393.6488557,141755.3209,25211.91046,6945149168
NZE,2030,Silver,Solar PV,902816851.9,279929486.8,12167.2378,3772.601984,0.001211978,77071979.45,7558893313,68691506.09,269980.7164,51.78836756,2828.415012,2258.279939,1535.026709,0.646523467,10.31439128,270324767.2,189329279.3,323247943.8,35088600.49,436.5619356,504.6970512,14546685.22,0.067926462,4071.89051,333145074.4,34.10529413,515562170.9,15935626.23,18421442.11,1336691.359,11709.07539,681.1236053,147732.4516,27410.85161,10604771812
NZE,2035,Silver,Solar PV,570965368.4,178286043.3,7694.884513,2402.756095,0.001085676,59497528,6270623666,40950463.88,241174.6594,42.44550043,2348.548911,1864.471995,1279.382268,0.447213806,7.230978874,274213744.1,159316710.6,203653850.2,22106517.3,358.9641557,437.130502,11995098.32,0.05103768,3075.732811,272758390.9,27.94201996,409888271.1,13103060.53,15955263.09,952154.3457,8327.494578,557.767123,113739.7567,19301.21332,8504630190
NZE,2040,Silver,Solar PV,294738832.9,92717598,3972.187118,1249.552514,0.000685485,35544247.88,3902066126,22850533.84,170261.1188,26.4753198,1460.720335,1164.819554,799.7964925,0.237452784,3.902930456,229550566.3,97924907.86,104751785.5,11370711.48,226.0699388,290.863738,7472482.868,0.031258046,1885.162523,168764277.4,17.30353883,250526588.7,8252108.683,10616526.27,545956.8512,4762.231864,344.4884207,75740.87562,10924.44005,5237944545
NZE,2045,Silver,Solar PV,121478078.1,38641814.77,1637.156706,520.7746729,0.000330608,18208993.06,2008601194,10488758.3,96936.48833,13.72954503,750.9071838,603.9201868,414.3521223,0.111932435,1.868092177,145881989.1,50850925.59,42906531.67,4657440.133,119.6699787,163.5238972,3846635.368,0.015222403,968.7832315,86289826.88,8.855929087,128455110.4,4368255.918,5968622.144,282898.9154,2424.620509,178.2937515,44064.94377,5098.656666,2671070790
NZE,2050,Silver,Solar PV,49063484,15802922.68,661.2272199,212.9755534,0.000156654,9207929.783,999878069.3,4758324.824,50262.39188,6.936517215,372.5860167,304.1539609,208.2354164,0.062578441,0.996365022,77385298.36,26174020.35,17176046.32,1864420.937,61.33631081,88.40302305,1910362.235,0.007410031,483.8555789,42628355.99,4.378390703,64259293.77,2238933.724,3226710.282,145676.0112,1269.773981,97.92632408,25011.69634,2353.278765,1315796545
NZE,2022,Silver,Other low emissions power generation,7316020.202,2251785.284,98.59780236,30.34724828,2.36E-06,383549.1689,31700781.62,724275.5318,1142.7179,0.238023054,11.72444899,9.978114195,6.371034515,0.00299304,0.046639605,1050839.244,722471.1733,2633245.022,285842.1525,1.859957096,2.041587708,63696.69205,0.000344079,25.81751227,1476914.077,0.151197889,2527209.694,67895.16992,74517.95043,5687.293317,65.41479926,2.906930313,1046.803092,186.1792958,51286989.28
NZE,2030,Silver,Other low emissions power generation,13839463.5,4291096.149,186.5140677,57.83098462,1.86E-05,1181452.079,115871816,1052986.095,4138.58942,0.79387444,43.35735011,34.61763339,23.53073724,0.00991069,0.158111406,4143863.445,2902267.106,4955133.604,537880.3075,6.692146876,7.736603948,222989.1022,0.001041259,62.41883942,5106848.736,0.522807004,7903157.582,244280.4619,282386.0402,20490.41424,179.4908028,10.44108255,2264.620856,420.1865303,162562708.2
NZE,2035,Silver,Other low emissions power generation,19829392.69,6191801.044,267.2401781,83.44673212,3.77E-05,2066324.706,217776183.9,1422192.788,8375.896846,1.474114793,81.56413891,64.75234646,44.43242058,0.015531552,0.251128926,9523330.687,5533003.912,7072814.555,767750.2645,12.46667767,15.18136276,416584.837,0.001772518,106.818937,9472786.867,0.970414875,14235251.27,455063.9096,554119.7326,33067.92928,289.2104658,19.37102305,3950.135027,670.3232097,295362312.8
NZE,2040,Silver,Other low emissions power generation,16212351.4,5100007.573,218.4934125,68.73266157,3.77E-05,1955140.527,214636349.8,1256912.368,9365.352579,1.456296694,80.34812084,64.07185557,43.99346248,0.013061285,0.214683893,12626617.3,5386439.926,5761957.936,625455.3173,12.43516253,15.99919863,411030.053,0.001719374,103.6949118,9283017.587,0.951795355,13780420.63,453914.0108,583970.7406,30030.80468,261.9504721,18.94886831,4166.189026,600.9077908,288117438.6
NZE,2045,Silver,Other low emissions power generation,10098683.42,3212361.114,136.0996778,43.29290221,2.75E-05,1513745.189,166978502.6,871948.6773,8058.49848,1.141360902,62.42421717,50.20493306,34.44581092,0.009305138,0.155297744,12127422.89,4227325.682,3566894.429,387181.0799,9.948372978,13.59402532,319777.4729,0.001265465,80.53663108,7173423.04,0.736208752,10678696.22,363140.6943,496181.9156,23517.87773,201.5629101,14.82186894,3663.195237,423.8601759,222050749.6
NZE,2050,Silver,Other low emissions power generation,6510181.952,2096873.146,87.73754253,28.25950159,2.08E-05,1221790.493,132672766.6,631377.1031,6669.263775,0.920399154,49.43804565,40.35786833,27.63053781,0.008303467,0.132206624,10268173.63,3473003.159,2279071.473,247388.048,8.1386504,11.7301039,253483.9505,0.000983229,64.20228652,5656311.603,0.580964045,8526497.928,297081.7547,428148.7847,19329.5963,168.4849706,12.99374068,3318.775611,312.2540777,174591656
NZE,2022,Tantalum,Other low emissions power generation,4017375.136,1208572.206,54.14205383,16.28789436,4.55E-06,150498.1239,1877511.305,261793.5361,23324.98498,0.14462956,13.38471126,4.877125205,2.972516815,0.0006419,0.010785641,2079349.224,2988437.663,1453449.871,157773.2622,2.230014988,2.00094348,17334.0415,0.000225857,23.36813598,491776.2779,0.049950565,1170868.438,81400.07477,73034.43618,1791.341381,74.41298462,3.94625682,317.8154473,119.184286,16054686.44
NZE,2030,Tantalum,Other low emissions power generation,19473073.03,5882127.504,262.4380678,79.27327048,6.74E-05,1003805.373,11912535.65,1200263.621,173919.5161,0.990605759,99.46628804,34.01765397,22.20711574,0.004371009,0.071849846,15684954.09,22402864.04,7034208.651,763564.0207,16.48692073,15.14461144,119848.0871,0.00146367,138.4120538,3131501.042,0.317228348,7047703.195,601798.4279,552778.3106,12703.71467,515.9940868,28.877089,1624.064225,666.0726878,96999820.25
NZE,2035,Tantalum,Other low emissions power generation,12359962.92,3742045.533,166.5748791,50.43144466,5.42E-05,738200.0976,8814911.111,787425.6731,133554.5218,0.746110134,76.03228177,25.74313899,16.9747149,0.00293299,0.047558533,12596436.47,17154204.96,4460501.841,484187.2325,12.60334356,11.86377538,90226.37299,0.000991356,96.55297124,2224131.176,0.225173975,5037137.917,460040.8286,433027.7958,8410.228057,375.7357302,21.86266565,1202.574439,455.1919315,69526007.62
NZE,2040,Tantalum,Other low emissions power generation,8627469.831,2614294.398,116.2721728,35.23277365,4.29E-05,572543.9181,7038013.697,578990.4628,106508.9199,0.5944528,60.30271065,20.55623717,13.51388805,0.002105436,0.033936138,11052616.15,13556227.13,3111489.07,337752.7459,10.07728214,9.775814533,71550.23373,0.000819709,72.85766887,1679013.586,0.170033068,3884880.929,367836.0694,356817.2255,6078.19799,287.0391907,17.19646088,1045.938029,336.7311549,53963435.52
NZE,2045,Tantalum,Other low emissions power generation,5451439.254,1655908.416,73.46889637,22.31663215,2.95E-05,427615.8727,5501548.847,407029.3765,80553.47937,0.444162939,45.39074182,15.41845611,10.10483091,0.001546098,0.02488869,9390921.846,10187536.3,1962552.476,213035.6463,7.708757604,7.804260391,54195.37364,0.000595274,53.4531037,1226443.308,0.124384134,2872538.814,281381.674,284855.5,4624.930417,213.3303025,13.14486493,963.1443194,233.8915579,40003373.17
NZE,2050,Tantalum,Other low emissions power generation,3214940.35,980102.7538,43.32766237,13.20881784,2.00E-05,321878.4759,4471273.823,282496.0668,59146.10715,0.329225092,33.30574873,11.46566966,7.475000891,0.00138636,0.020933035,7330497.188,7514943.809,1152311.696,125083.4899,5.780636783,6.189999736,40146.54246,0.000418909,38.35768351,875952.8621,0.088995688,2108654.912,211002.5879,225934.9868,3662.63785,160.2771477,10.69928435,921.472418,158.2794407,28919122.05
NZE,2022,Tellurium,Solar PV,1809622.812,549934.7357,24.3882367,7.411455295,5.36E-07,444274.944,3508661.699,215853.4502,1177.804193,0.517023936,1.2962308,17.73580733,12.13818371,0.002121181,0.025132434,171048.8757,294323.4427,651276.8075,70696.40758,4.045458594,4.514077356,7606.732938,5.53E-05,14.53639348,131787.5976,0.01343066,2026035.653,147665.7405,164763.8219,2234.409767,31.86715726,0.888514995,278.3270006,78.95046449,10197283.67
NZE,2030,Tellurium,Solar PV,1288536.222,393074.8896,17.36556711,5.297459466,2.67E-06,900273.9517,7438646.241,187351.9338,2599.072789,1.131520847,2.854331767,38.96364262,27.01033775,0.003759135,0.046551166,394522.8915,699846.277,457283.8651,49636.42964,8.955748543,10.07489845,13963.87043,8.16E-05,24.11905424,206099.4161,0.020937015,4130091.424,326897.7417,367733.7896,4796.55305,56.22026191,1.913170881,226.5477179,118.7226541,16861656.29
NZE,2035,Tellurium,Solar PV,626088.7456,193080.2224,8.437780746,2.602136841,2.79E-06,837333.3014,7029157.726,128822.7287,2494.841216,1.074644003,2.707454693,37.04071803,25.72987236,0.002847088,0.036100713,422535.5117,676111.4985,217545.6771,23612.8665,8.499460454,9.635413515,12831.86467,6.52E-05,21.43539555,178313.6885,0.018139099,3856779.911,310242.3441,351692.5898,3970.864843,46.09866015,1.803816145,155.6880926,100.8861231,14870834.21
NZE,2040,Tellurium,Solar PV,358549.235,111256.3246,4.832158145,1.499398423,2.05E-06,602344.6329,5108549.978,88979.00673,1830.310607,0.781577359,1.964878978,26.95089222,18.72298527,0.001675371,0.021771091,341363.152,487875.407,123147.8235,13366.90228,6.167525834,7.0351347,9320.454709,7.34E-05,15.47139282,127075.1109,0.012938447,2786051.501,225123.4078,256782.4139,2645.504588,30.44471112,1.305733217,111.0475268,71.56379915,10644415.79
NZE,2045,Tellurium,Solar PV,195287.0132,60869.87603,2.631877688,0.820341643,1.17E-06,377267.8713,3211535.486,53308.33172,1153.33124,0.491030768,1.233805377,16.9374263,11.76642497,0.000876646,0.011717637,222346.41,303483.247,66510.54375,7219.447544,3.868613203,4.435829237,5859.929858,4.93E-05,9.718719273,79220.25917,0.008071864,1746935.656,141209.8441,161907.7655,1594.14897,18.08604848,0.818420888,71.01763138,44.43788561,6635806.527
NZE,2050,Tellurium,Solar PV,145360.7166,45412.02458,1.959022367,0.612016605,8.44E-07,299975.6408,2556364.813,40609.5333,917.4936318,0.390527147,0.980448567,13.47274688,9.358641243,0.000602917,0.008267565,175653.9512,239610.5191,49280.17144,5349.229919,3.07201192,3.53676704,4662.139195,3.85E-05,7.73004039,62817.56699,0.006402869,1388961.875,112132.7727,129091.9956,1231.937707,13.80164667,0.653525195,57.92077719,35.17167724,5257510.678
NZE,2022,Terbium,Wind,78962757.82,24337674.38,1064.178908,327.9981675,3.56E-05,2913020.418,76916158.53,8414961.303,124997.3559,1.892267568,85.86565553,66.89332493,76.96100737,0.929968915,5.206766457,55598735.74,93656289.31,28426833.63,3085751.829,176.9763576,136.5128268,96857543.88,0.009895352,225.7504372,4078576.239,0.410916657,21299521.35,6460223.166,4982718.152,35908.21666,1174.091764,57.96642595,146390.6358,1913.133774,506299552.1
NZE,2030,Terbium,Wind,194628979.8,60177132.12,2623.009389,811.0055525,0.000228545,8210729.125,237172919.9,20103495.71,397161.0581,5.666776593,271.6169466,203.4144429,244.6299542,2.952348741,16.5073903,177385435.6,298445636,69951747.22,7593274.083,561.687554,434.6998534,307806860.8,0.030504201,548.8751003,11163187.31,1.121304148,59802931.6,20503426.77,15866544.56,110977.7405,3467.678188,183.2943966,457821.2666,4909.171763,1489782732
NZE,2035,Terbium,Wind,182701802.1,56598565.84,2462.267145,762.7773132,0.000242785,8035857.606,238944336,19193667.17,402630.0786,5.70113441,273.8681225,205.4994827,248.09018,2.980128223,16.612254,181439688.8,301711694.2,65619212.95,7122984.541,567.7789717,441.0641772,311255607.6,0.030232623,522.5923252,10880581.3,1.093028632,58789701.14,20725779.31,16098842.38,100352.8469,3393.684253,185.3204222,461887.5166,4683.851646,1480087601
NZE,2040,Terbium,Wind,157317513.7,48777921.81,2120.163791,657.3787091,0.000215409,7071233.667,212745372,16914772.26,359063.2543,5.099754805,243.0988623,184.2561916,221.5210562,2.64528802,14.71259769,163746396.5,267793808.6,56484610.91,6131443.964,504.8174417,393.8019921,276672427.5,0.027876991,463.5645468,9566299.994,0.96190634,52003514.7,18427478.61,14373772.63,84064.32035,2963.906548,164.9289176,410734.7639,4075.714215,1308884298
NZE,2045,Terbium,Wind,147572649.9,45790934.66,1988.832529,617.1231654,0.000187526,6761685.624,205124243.6,15787587.7,346131.038,4.905345623,233.7774686,177.6733272,213.3346259,2.543676961,14.12710471,159042020.7,257467602.6,52969649.73,5749909.724,485.8953353,380.501625,266298852.6,0.027290028,447.990141,9155934.127,0.921683622,49911819.98,17736760.24,13888309.23,79604.02189,2831.006725,158.8511411,395612.5225,3857.563827,1254083011
NZE,2050,Terbium,Wind,204368451.7,63447587.06,2754.267983,855.0813835,0.000237658,9436293.871,288313392,21664834.9,485722.8589,6.864676914,327.6499171,248.992618,298.8077527,3.566344731,19.7911878,223610010.1,360957182,73338924.88,7961026.85,681.2382658,534.8796484,373512051.4,0.038788664,629.2557309,12819983.77,1.291096833,69841945.7,24867413.48,19523107.05,110984.9705,3957.950514,223.8872209,555293.9529,5365.928363,1754819389
NZE,2022,Terbium,Electric vehicles,31021083.43,9561229.222,418.0702852,128.856423,1.40E-05,1144400.878,30217062.28,3305877.655,49106.10411,0.74339083,33.7329361,26.27952051,30.23468147,0.365344931,2.045515394,21842360.47,36793542.23,11167684.64,1212259.647,69.52642619,53.63003911,38051177.95,0.00388746,88.68767174,1602297.808,0.161431544,8367669.102,2537944.815,1957496.417,14106.7994,461.2503358,22.77252448,57510.60692,751.5882682,198903395.5
NZE,2030,Terbium,Electric vehicles,115902650.9,35835820.25,1562.016827,482.9583627,0.0001361,4889535.322,141237806.3,11971744.64,236511.6413,3.374597297,161.7494176,121.1344435,145.678512,1.758140261,9.830243659,105634023.4,177726052.9,41656658.46,4521837.375,334.4880939,258.8662048,183300714.9,0.018165423,326.8582058,6647740.759,0.66774292,35612981.74,12209905.83,9448616.425,66087.86796,2065.021842,109.1528429,272635.1363,2923.439364,887173986.6
NZE,2035,Terbium,Electric vehicles,154281521.8,47794344.49,2079.247811,644.1230645,0.000205019,6785835.312,201775217.1,16207985.61,339998.733,4.814291279,231.2664145,173.5328965,209.4983742,2.516552722,14.0281256,153215737.2,254778764,55411779.83,6014964.724,479.4577983,372.4541941,262838068.7,0.025529771,441.3001857,9188046.43,0.923001956,49644636.52,17501769.2,13594578.01,84742.40406,2865.777814,156.492801,390038.3474,3955.252501,1249851752
NZE,2040,Terbium,Electric vehicles,153384575.9,47558473.77,2067.159696,640.9442413,0.000210023,6894452.825,207426737.7,16491902.95,350086.6729,4.972260935,237.0213908,179.6497868,215.9830298,2.579155819,14.34478275,159652736.6,261098963.4,55072495.64,5978157.864,492.1970057,383.9569423,269755616.8,0.027180066,451.9754331,9327142.494,0.937858682,50703426.83,17966791.64,14014428.31,81962.71234,2889.808884,160.8056947,400466.3948,3973.82136,1276162191
NZE,2045,Terbium,Electric vehicles,157155289.5,48764371.97,2117.977499,657.1960982,0.000199703,7200756.119,218443999.7,16812755.74,368607.0794,5.223874559,248.9578237,189.2105562,227.1875236,2.70885079,15.04444917,169369424.6,274186278.1,56409237.37,6123280.485,517.4469804,405.2095227,283590985.9,0.029062107,477.0804099,9750475.304,0.981533208,53152847.25,18888497.92,14790147.49,84773.11422,3014.838331,169.1661503,421301.6473,4108.054985,1335516973
NZE,2050,Terbium,Electric vehicles,160845540.7,49935600.93,2167.710913,672.9807185,0.000187046,7426712.769,226913317.8,17051027.46,382281.8797,5.402754978,257.8726199,195.9664123,235.1727684,2.806845391,15.5763978,175989359.8,284086671,57720450.14,6265622.984,536.1597462,420.9700936,293967818.3,0.030528116,495.247566,10089802.04,1.016141026,54968198,19571575.43,15365408.33,87349.28235,3115.053645,176.207535,437036.9074,4223.18436,1381107852
NZE,2022,Tin,Solar PV,7096956.987,2182159.236,95.64549345,29.40889994,3.02E-06,385550.5555,38053534.74,764440.9855,697.9225633,0.409205093,1.508205462,14.945363,5.422069906,0.00238402,0.038859012,638078.6205,993901.2887,2549953.539,276799.7741,4.933208793,4.999475438,47104.88177,0.000280697,73.68527232,1199387.644,0.122255229,2604402.051,180071.5592,182480.8522,5763.37354,100.229715,7.451191652,1578.549523,228.6370956,57162972.86
NZE,2030,Tin,Solar PV,8168380.864,2520057.621,110.0850435,33.96274716,1.45E-05,745038.7712,86335217.06,697786.239,1514.971202,0.887587625,3.325713817,32.92123227,12.39427851,0.005220639,0.086683143,1552683.42,2423974.759,2915208.744,316443.9888,11.23871688,11.58629876,99975.79247,0.000534612,148.6914834,2520320.333,0.256789677,5100171.547,410229.8385,422899.9015,12792.21035,190.3936696,16.80173411,2672.324742,359.4138274,114245581.8
NZE,2035,Tin,Solar PV,6533123.02,2024803.173,88.04671864,27.2882166,1.62E-05,723724.4545,90160393.64,538222.1506,1723.696954,0.922731922,3.412327203,34.33618266,13.02775988,0.004721749,0.07923055,2008780.684,2554325.075,2320923.638,251933.5939,11.72593734,12.3116145,103412.8657,0.000500506,152.0327196,2585707.71,0.263615003,5113747.546,428013.4075,449373.9258,11441.8816,182.3561317,17.42509806,2678.979532,336.8351003,115812536
NZE,2040,Tin,Solar PV,4774996.84,1486480.623,64.35250063,20.03325842,1.38E-05,587807.806,76429358.63,429184.2366,1675.824133,0.783722367,2.870618434,29.20485544,11.12224836,0.003530531,0.059966427,2291995.699,2139457.11,1690744.562,183528.9177,9.963437846,10.66537942,87735.06566,0.000467306,128.4477295,2177918.997,0.222202578,4259580.076,363679.7377,389286.3457,8897.362487,147.5901192,14.71604184,2309.876488,271.813611,97304806.08
NZE,2045,Tin,Solar PV,3375545.185,1056464.924,45.49212931,14.23794868,1.04E-05,475790.5328,62422169.76,319383.9945,1513.630023,0.640904942,2.360572849,23.9116527,9.133663889,0.002690849,0.046129884,2300624.512,1741054.936,1190217.1,129197.4047,8.172995108,8.93158144,71776.99002,0.000385719,104.7540259,1770434.303,0.180769425,3462745.112,298326.1557,326002.7196,7172.450207,119.0450321,12.00678298,1956.45938,212.7649661,78950512.43
NZE,2050,Tin,Solar PV,3853068.314,1211715.159,51.92769534,16.33025181,1.22E-05,610857.1863,79568845.15,377153.7361,2012.591351,0.818843223,3.044630083,30.56472284,11.71140869,0.003618831,0.060225578,3135073.303,2237863.228,1352554.024,146819.0631,10.44864234,11.63056297,91587.62429,0.000500946,133.2688228,2248736.082,0.22973237,4421831.132,381390.7773,424515.5445,9250.591088,153.1690176,15.5842306,2600.068355,263.541064,100076049
NZE,2022,Tin,Other low emissions power generation,274278.5309,84334.65645,3.696444191,1.136575843,1.17E-07,14900.50456,1470668.009,29543.61297,26.97285269,0.01581469,0.058288134,0.57759857,0.209548595,9.21E-05,0.001501798,24660.0433,38411.64401,98548.92905,10697.57581,0.190655412,0.193216442,1820.478522,1.08E-05,2.847739993,46353.14567,0.00472484,100653.2193,6959.287312,7052.400086,222.739074,3.873612173,0.28796876,61.00674486,8.836216253,2209197.019
NZE,2030,Tin,Other low emissions power generation,274567.424,84707.81918,3.700337596,1.141604946,4.89E-07,25043.32004,2902024.103,23454.99963,50.92340176,0.029834878,0.1117887,1.106596043,0.416614404,0.000175484,0.002913719,52191.03933,81478.14316,97990.20987,10636.77273,0.377771996,0.38945542,3360.530839,1.80E-05,4.998033056,84716.64986,0.008631586,171434.3377,13789.23827,14215.12274,429.9902639,6.399787214,0.564764172,89.82604174,12.08113706,3840187.624
NZE,2035,Tin,Other low emissions power generation,209899.5348,65053.9172,2.828810237,0.876729851,5.22E-07,23252.19131,2896719.474,17292.27793,55.3798218,0.029646006,0.109633003,1.103170527,0.418562566,0.000151703,0.00254556,64539.13844,82066.66909,74567.82772,8094.252012,0.376736943,0.39555388,3322.50171,1.61E-05,4.884585369,83074.94651,0.008469558,164297.1099,13751.43478,14437.71649,367.6106538,5.85883154,0.559842508,86.07163155,10.82201125,3720884.692
NZE,2040,Tin,Other low emissions power generation,135781.9007,42269.59119,1.829928928,0.569666116,3.94E-07,16714.91391,2173346.691,12204.29109,47.65376682,0.022285944,0.08162896,0.830469823,0.316272465,0.000100394,0.001705206,65175.23315,60837.64293,48078.04441,5218.831783,0.283320507,0.303280931,2494.83599,1.33E-05,3.65254207,61931.34588,0.006318557,121125.4998,10341.60392,11069.75391,253.0055684,4.196875428,0.418465645,65.68369161,7.729296995,2766961.31
NZE,2045,Tin,Other low emissions power generation,98126.31352,30711.18965,1.322445619,0.413893857,3.01E-07,13831.12014,1814597.958,9284.418445,44.00087275,0.018630958,0.068621304,0.695106183,0.265513485,7.82E-05,0.001340985,66878.61955,50612.06209,34599.33431,3755.738508,0.237587067,0.259638995,2086.540408,1.12E-05,3.045175172,51466.11346,0.005254925,100661.1951,8672.271968,9476.823244,208.5014595,3.460611398,0.349034389,56.87381918,6.185028084,2295073.036
NZE,2050,Tin,Other low emissions power generation,79353.80967,24955.2321,1.069449103,0.336320976,2.51E-07,12580.58278,1638717.635,7767.46825,41.44924979,0.016864048,0.062704052,0.629479418,0.24119606,7.45E-05,0.001240344,64566.72707,46088.71636,27855.80369,3023.733566,0.21518943,0.239531045,1886.243979,1.03E-05,2.744666831,46312.64242,0.00473133,91067.46039,7854.729966,8742.883067,190.5156059,3.154510659,0.320956694,53.54831852,5.427619167,2061062.793
NZE,2022,Titanium,Other low emissions power generation,84619428.02,25714875.57,1140.413696,346.5586703,4.37E-05,2363492.011,28000487.27,8575469.772,13112.4678,1.070930473,45.09840411,32.67610115,11.17173116,0.022120553,0.340696438,2726477.908,4371629.065,31584984.01,3428412.874,31.03449669,27.86633645,149303.6706,0.008488938,361.7724449,3934752.46,0.401130726,14839572.11,1132833.346,1017121.261,47133.02807,491.1687345,21.21421739,14588.38556,1960.726511,212534225.2
NZE,2030,Titanium,Other low emissions power generation,228024877.2,69076705.91,3073.084977,930.9448642,0.000388586,8137107.979,102722728.8,21110568.8,56335.13302,3.679617014,194.22346,115.6705914,47.16121959,0.114690681,1.731614578,15617426.66,20671350.96,86705163.79,9411123.559,134.4603015,122.6982765,493473.805,0.034933157,1102.715215,12648764.01,1.286060596,48518475.49,4908047.016,4478487,204526.9769,1599.578773,89.99241748,46583.58697,5560.524968,632833610.1
NZE,2035,Titanium,Other low emissions power generation,162734601.5,49323187.77,2193.169732,664.7272439,0.00034579,6273816.173,84291807.65,15581158,49270.1617,2.988805825,163.5546797,95.24587501,40.75594315,0.088827031,1.337669503,18331560.18,17341118.77,62410389.06,6774030.889,113.2021373,106.1134484,392564.3403,0.028850617,840.8093037,9791529.119,0.99645414,37668799.4,4132074.943,3873140.785,150319.4123,1175.132801,75.66213832,36834.50626,4079.276696,479157602.2
NZE,2040,Titanium,Other low emissions power generation,122276305,37084948.77,1647.914387,499.7928338,0.00026955,4726168.831,66222149.86,12084043.83,39887.46534,2.367975868,128.3288847,76.04072883,32.95469525,0.060712677,0.924655526,17437175.87,13057428.39,47010122.86,5102484.064,88.65767145,84.94672074,307844.6068,0.023859582,651.5729088,7564289.075,0.77030812,28928720.75,3236158.361,3100555.242,107853.3705,847.3047234,58.90338562,28856.56672,3099.594623,368316017.7
NZE,2045,Titanium,Other low emissions power generation,90616225,27495852.39,1221.232363,370.5608458,0.00018361,3545010.975,50475693.38,9083104.71,30625.845,1.801595206,97.40139813,58.17332965,25.31603682,0.039974515,0.619981872,14225789.34,9582421.948,34885517.95,3786482.459,67.05555909,65.43489062,234199.6332,0.018318595,496.0903636,5711093.807,0.581927256,21831853.63,2447643.744,2388373.457,79250.82524,620.4182757,44.49845719,22020.02483,2316.294617,276441915
NZE,2050,Titanium,Other low emissions power generation,74129468.15,22500242.67,999.0407963,303.2351511,0.000136084,2931845.826,41975073.56,7471747.763,25436.70551,1.490244943,80.58246212,48.24531284,20.96049335,0.02988646,0.469649815,11990943.11,7776107.211,28556839.77,3099567.72,55.27434824,54.63422589,193947.2529,0.015146395,411.3712514,4715889.026,0.480657132,18057277.06,2017609.308,1994149.202,64814.28263,506.7599521,36.9906732,18348.71155,1902.881838,227519926.4
NZE,2022,Tungsten,Other low emissions power generation,831278.5658,255875.5187,11.20311829,3.44842732,8.22E-07,83192.35785,4610323.121,91473.74713,12683.66242,0.078790058,0.606045521,1.595654101,6.086756959,0.000180331,0.002935632,133660.2667,246645.9854,298302.0575,32380.89944,3.198811196,1.487736887,63654.91028,4.40E-05,6.96398074,119428.4889,0.012159459,827550.9476,116757.7373,54302.39549,477.464839,10.84939365,0.343533762,1899.710733,30.34144567,7779903.355
NZE,2030,Tungsten,Other low emissions power generation,1060756.694,327545.68,14.29578868,4.41432411,3.37E-06,160831.8744,9385554.275,104021.7678,26045.47908,0.158329444,1.23171819,3.186210144,12.50648732,0.000415997,0.006708325,295240.4221,515724.4657,378774.1336,41115.79928,6.567459196,3.067934049,130041.076,8.17E-05,12.1422119,226025.094,0.022993829,1626213.001,239714.1962,111979.5909,975.4467584,19.70234177,0.70164843,3825.548407,48.6665018,14634413.84
NZE,2035,Tungsten,Other low emissions power generation,909271.6225,281965.7397,12.25422856,3.800044508,3.64E-06,161893.5046,9654109.388,91894.73794,26853.70435,0.162367639,1.258588532,3.265248104,12.8840704,0.000404615,0.006467987,358052.7007,528563.0048,323712.0448,35138.78153,6.767465633,3.179793314,133875.633,8.02E-05,11.99970554,228067.5627,0.023213768,1655126.616,247014.435,116062.454,872.7476148,19.26342269,0.723470931,3931.436505,46.37748581,14756435.28
NZE,2040,Tungsten,Other low emissions power generation,602445.3647,187591.8278,8.119139554,2.528169897,2.72E-06,119642.3737,7223414.407,65194.97227,20116.09361,0.121451471,0.937879382,2.446690539,9.641768393,0.000280088,0.00450605,343074.5845,389573.3434,213969.255,23226.33613,5.068564091,2.402995073,100182.1289,6.65E-05,8.927054351,169382.5286,0.017256977,1232704.47,185004.0581,87709.31869,608.6561932,14.01530401,0.540620995,2946.018632,33.28460389,10966807.19
NZE,2045,Tungsten,Other low emissions power generation,467227.5239,145971.9346,6.296812445,1.967259742,2.09E-06,100815.5882,6122767.063,52908.91146,17037.39642,0.102421768,0.793691037,2.061448313,8.15350664,0.000238889,0.003908867,318301.5885,328148.3229,165576.0892,17973.33419,4.294603349,2.051141213,84820.37563,5.74E-05,7.552308952,142952.7628,0.014575268,1041231.487,156754.2781,74866.653,546.3745552,11.82580596,0.45879325,2500.447351,27.40478353,9240418.271
NZE,2050,Tungsten,Other low emissions power generation,378871.0487,118654.7899,5.106034667,1.599107335,1.64E-06,86806.763,5293330.723,44280.1769,14700.23741,0.088072057,0.685978777,1.770510551,7.026225491,0.000221589,0.003650185,280589.7065,283838.6484,133989.0913,14544.5811,3.707635079,1.78139078,73067.21081,4.95E-05,6.472836253,120588.7078,0.012295345,894923.6137,135329.7744,65020.76234,517.6133068,10.28725646,0.403601078,2163.498965,23.1683611,7941232.696
NZE,2022,Vanadium,Grid battery storage,73161.59615,21859.85637,0.985996812,0.294604683,6.10E-08,1395.515282,26827.33256,2961.846744,12.47506595,0.080720469,0.051622932,2.256036309,0.198920235,7.73E-06,0.000144272,1731.285089,-1110451.54,26702.76567,2898.579191,0.019871505,0.024528774,298.3939697,6.60E-06,0.522638535,3683.447064,0.000364528,48321.26001,725.3837196,895.3002334,28.69294733,1.214833271,0.116389357,8.122791739,4.50744484,-898938.4261
NZE,2030,Vanadium,Grid battery storage,107966162.6,32842208.78,1455.056993,442.6135437,0.000309767,3243970.25,46793301.26,6379560.331,28646.54956,201.5705917,129.1437373,5634.089432,497.1805981,0.014034356,0.241143215,4750855.479,-2787398871,39469822.08,4284371.471,48.62208205,62.89094635,704794.8178,0.014369956,1158.97335,6762539.804,0.661260167,108040863.8,1774817.769,2295519.508,66457.15599,2788.550736,283.7388233,18169.62988,9803.284117,-2421973908
NZE,2035,Vanadium,Grid battery storage,651237603.1,199721610.2,8776.711204,2691.642642,0.002540412,24781067.65,334210183.8,45439680.74,224276.3382,1555.458345,1000.076615,43481.47996,3845.362501,0.087490737,1.40488435,45711079.22,-21525440157,238432173.1,25881160.61,370.3308793,501.0473308,5377873.858,0.096719255,8710.65194,47064869.11,4.598036073,814440867.2,13517832.36,18288227.29,436659.7129,19518.57906,2149.857119,138491.0704,72217.34209,-19060516102
NZE,2040,Vanadium,Grid battery storage,1231260897,377935684.2,16593.66912,5093.428812,0.005192589,50427998.32,690390539.7,89102811.07,474830.0858,3178.014986,2043.677141,88849.04355,7873.345371,0.151891246,2.310333735,118258632.8,-43973549919,451151981.5,48971471.41,753.1930605,1046.342758,11002669.38,0.202282151,17807.5718,94003980.89,9.199251605,1663195721,27493101.99,38191510.06,756606.9823,36289.45263,4323.960887,285326.0723,145774.4279,-39080608051
NZE,2045,Vanadium,Grid battery storage,1368604884,420357205.7,18444.65025,5665.142489,0.005355256,57124913.37,797859327.9,98280201.68,552159.4991,3636.316916,2337.616641,101669.8404,9017.405359,0.15386632,2.256834538,152745358.7,-50317621092,501598102.7,54447502.67,857.1045986,1214.803987,12623274.9,0.235976245,20399.57478,107047582.5,10.48132785,1901657500,31286105.59,44340344.8,756628.6991,38473.03727,4892.125922,330644.3519,166075.6518,-44767968791
NZE,2050,Vanadium,Grid battery storage,1630581760,501050405.9,21975.30538,6752.642526,0.005868035,68601294.99,978853066.8,116110035.7,674435.4972,4416.421459,2838.556159,123486.1451,10955.27843,0.179973401,2.539066844,189340167.2,-61114310407,597666578.3,64875662.87,1034.223895,1490.315431,15350987.99,0.286942501,24781.87531,129579785.4,12.69085845,2307421949,37751348.04,54396512.32,821977.8207,44045.76077,5907.65435,406651.9918,201129.4016,-54420781194
NZE,2022,Yttrium,Other low emissions power generation,20574.1717,6339.668261,0.277277544,0.085439535,9.41E-09,761.2074918,19792.38952,2199.065226,32.0682545,0.000488488,0.02214181,0.017264977,0.019788251,0.000238318,0.001334599,14271.56566,24032.75639,7407.120292,804.0463054,0.045395329,0.035044235,24820.25437,2.56E-06,0.058935096,1113.402326,0.000112271,5557.333713,1657.079802,1279.114555,9.263770484,0.301771467,0.014892762,37.54817942,0.497677892,130688.4387
NZE,2030,Yttrium,Other low emissions power generation,31963.57989,9879.595284,0.430772284,0.133147034,3.79E-08,1351.147579,38401.40621,3318.202511,64.11984546,0.000921042,0.044064169,0.033055302,0.039587102,0.000476059,0.002662406,28662.69099,48188.05535,11488.83321,1247.111791,0.090657541,0.070227105,49630.13307,4.96E-06,0.090335704,1922.808236,0.000193326,9826.188184,3309.29566,2563.289319,18.02548868,0.560762253,0.029640314,73.88138725,0.804383645,241909.0869
NZE,2035,Yttrium,Other low emissions power generation,29636.57427,9178.424697,0.399411294,0.123697377,3.99E-08,1308.480405,38272.92599,3135.300516,64.29974405,0.000917443,0.043932062,0.033071058,0.039730875,0.000475216,0.002649766,29035.28721,48173.64252,10644.89532,1155.504022,0.09063681,0.070499152,49628.53838,4.87E-06,0.085150821,1854.036418,0.000186438,9556.740369,3308.538263,2573.21904,16.15102695,0.542927456,0.029655,73.71334898,0.758407,237616.9768
NZE,2040,Yttrium,Other low emissions power generation,14321.28708,4439.567449,0.193007591,0.059831928,1.99E-08,647.9735484,19181.13869,1554.115441,32.27016799,0.000462397,0.021937333,0.016713752,0.019977374,0.000237286,0.001320195,14774.38726,24050.89029,5142.207772,558.1894659,0.045340711,0.035434566,24814.37065,2.55E-06,0.042549847,916.6099487,9.23E-05,4756.575667,1655.083343,1293.361663,7.632937618,0.266882931,0.014857182,36.87636965,0.37075241,118182.886
NZE,2045,Yttrium,Other low emissions power generation,13934.30472,4323.097086,0.18779224,0.05826226,1.80E-08,644.1985583,19230.50757,1508.053337,32.32936842,0.000462765,0.02192197,0.016774007,0.020007876,0.000237069,0.001317161,14930.59366,24025.10739,5001.616302,542.9301347,0.045350662,0.035596772,24814.56773,2.60E-06,0.042780909,911.7126993,9.19E-05,4745.089259,1655.446597,1299.282181,7.534555798,0.265002018,0.014876555,36.90762698,0.364290216,117643.6253
NZE,2050,Yttrium,Other low emissions power generation,13742.05418,4265.84273,0.185201285,0.057490645,1.63E-08,641.3595271,19285.45272,1475.995818,32.3493519,0.000462155,0.021908233,0.016778278,0.019991841,0.000236989,0.001315758,14973.49993,24015.5553,4931.347089,535.3032663,0.045337313,0.035692475,24814.71745,2.63E-06,0.04287508,910.0912359,9.18E-05,4735.396531,1654.959375,1302.775339,7.50746489,0.264286981,0.014962806,36.93940954,0.361080466,117361.4926
NZE,2022,Yttrium,Hydrogen technologies,0,0,0,0,0,0,0,0,0,0,0,0,0,0,0,0,0,0,0,0,0,0,0,0,0,0,0,0,0,0,0,0,0,0,0
NZE,2030,Yttrium,Hydrogen technologies,15981.78995,4939.797642,0.215386142,0.066573517,1.90E-08,675.5737897,19200.7031,1659.101256,32.05992273,0.000460521,0.022032085,0.016527651,0.019793551,0.000238029,0.001331203,14331.34549,24094.02767,5744.416606,623.5558953,0.04532877,0.035113553,24815.06653,2.48E-06,0.045167852,961.4041179,9.67E-05,4913.094092,1654.64783,1281.64466,9.012744342,0.280381126,0.014820157,36.94069363,0.402191823,120954.5434
NZE,2035,Yttrium,Hydrogen technologies,14818.28714,4589.212349,0.199705647,0.061848688,1.99E-08,654.2402027,19136.46299,1567.650258,32.14987202,0.000458722,0.021966031,0.016535529,0.019865438,0.000237608,0.001324883,14517.6436,24086.82126,5322.447658,577.7520108,0.045318405,0.035249576,24814.26919,2.43E-06,0.042575411,927.018209,9.32E-05,4778.370184,1654.269131,1286.60952,8.075513474,0.271463728,0.0148275,36.85667449,0.3792035,118808.4884
NZE,2040,Yttrium,Hydrogen technologies,0,0,0,0,0,0,0,0,0,0,0,0,0,0,0,0,0,0,0,0,0,0,0,0,0,0,0,0,0,0,0,0,0,0,0
NZE,2045,Yttrium,Hydrogen technologies,0,0,0,0,0,0,0,0,0,0,0,0,0,0,0,0,0,0,0,0,0,0,0,0,0,0,0,0,0,0,0,0,0,0,0
NZE,2050,Yttrium,Hydrogen technologies,0,0,0,0,0,0,0,0,0,0,0,0,0,0,0,0,0,0,0,0,0,0,0,0,0,0,0,0,0,0,0,0,0,0,0
NZE,2022,Zinc,Solar PV,8435972.012,2526143.646,113.691362,34.04476841,2.74E-06,491330.775,9503763.225,829515.7949,918.1300741,0.771042373,127.1688527,44.90123673,36.40535474,0.010061843,0.12892785,838631.8337,1261882.824,3046625.251,330712.4729,2.572888801,2.693868266,52056.05875,0.000599823,22.80411976,1176058.227,0.121021648,2654541.09,93933.36749,98326.19018,8104.489089,299.3318303,21.83966167,4250.018645,401.876953,31353070.2
NZE,2030,Zinc,Solar PV,10229166.8,3099331.169,137.8581987,41.76960088,1.34E-05,932864.3133,20859420.16,1574774.599,2247.545235,1.707513084,291.5725426,101.4578362,83.59555205,0.016270228,0.209045799,2060759.994,3069245.814,3673631.967,398767.7353,5.425512875,6.313357259,108065.517,0.000870661,34.6866045,2362308.972,0.243369309,5035325.238,198080.6267,230437.536,16697.20198,621.3549993,49.46088406,8307.098735,742.5620302,53860065.63
NZE,2035,Zinc,Solar PV,8192318.9,2497934.634,110.4076557,33.66459632,1.54E-05,941782.689,21674193.73,1539919.418,2576.415172,1.779069713,305.2822756,106.1074384,87.63401363,0.012189871,0.155554179,2583462.883,3277585.876,2931462.422,318205.3466,5.40296875,6.846625687,110911.4224,0.000750818,32.78770693,2393724.486,0.246856303,5085482.354,197259.2879,249901.833,15026.72708,610.4411584,51.40874819,8487.408955,729.474679,52020858.72
NZE,2040,Zinc,Solar PV,6315130.961,1927633.793,85.10884568,25.97866758,1.33E-05,794957.0338,18390772.6,1271577.616,2401.742413,1.51130328,258.837301,90.14062162,74.40707261,0.007456945,0.094375425,2691179.41,2768108.83,2256779.26,244972.0775,4.46217984,6.068457066,94125.20799,0.000772254,27.91297765,2014651.561,0.207917099,4296719.846,162912.6824,221498.6787,11581.71104,497.8097593,43.42473994,7245.385979,607.6246052,43472756.88
NZE,2045,Zinc,Solar PV,4735527.711,1447189.384,63.82057627,19.50373151,9.91E-06,645318.4533,15031617.4,1003632.465,2066.181061,1.229447583,211.0594664,73.45610514,60.62646,0.004421191,0.055508114,2477865.543,2244726.515,1689791.114,183427.4172,3.560416379,5.157369386,76916.99653,0.000650194,22.87915355,1637044.611,0.169066627,3487331.332,129990.3247,188243.9789,9018.793335,396.3543326,35.34413582,5966.830754,488.1443103,34996080.23
NZE,2050,Zinc,Solar PV,5653107.843,1729280.023,76.18677839,23.30545929,1.16E-05,816691.4253,19159867.73,1234474.855,2670.02641,1.555291556,267.6503046,93.05838934,76.78908794,0.004401227,0.05457253,3235959.636,2847226.53,2014181.971,218641.05,4.420115879,6.753383055,97676.6554,0.000824804,29.02390144,2071860.798,0.214072171,4408513.141,161378.7544,246498.4765,11016.44445,494.3167459,44.9700747,7645.985946,612.8087682,43917196.97
NZE,2022,Zinc,Wind,568699104.6,170296395.9,7664.342137,2295.079842,0.000184465,33122368.28,640682736.8,55920632.4,61894.43852,51.97872947,8572.908085,3026.953277,2454.215426,0.678304923,8.691488376,56535177.24,85068043.26,205383926.1,22294512.94,173.4476543,181.6033136,3509285.469,0.040436239,1537.307434,79282299.61,8.158503018,178952127.8,6332384.923,6628520.843,546352.6528,20179.03137,1472.289858,286508.9873,27091.96558,2113622820
NZE,2030,Zinc,Wind,725390038.1,219785638.3,9776.061524,2962.045,0.000952125,66153039.91,1479222685,111673397.1,159382.1819,121.0863998,20676.54403,7194.770118,5928.086017,1.153785179,14.82425141,146136513.3,217652168.6,260511543.5,28278172.44,384.7442384,447.7047399,7663346.49,0.061741944,2459.762153,167520525.2,17.25826512,357074514.1,14046668.33,16341222.73,1184063.591,44062.70182,3507.46383,589088.7093,52657.96421,3819426920
NZE,2035,Zinc,Wind,599250478.2,182718537,8076.082157,2462.492695,0.001127012,68889374.75,1585420577,112641787.9,188459.2192,130.1351167,22330.74077,7761.530527,6410.239301,0.891662831,11.37845307,188974744.1,239748345.7,214430160.7,23276035.57,395.2155241,500.8159188,8112931.601,0.054920706,2398.350125,175095789.2,18.05700676,371992078.2,14429091.94,18279780.71,1099172.713,44652.45562,3760.439176,620835.68,53359.50121,3805213743
NZE,2040,Zinc,Wind,474959098.8,144976757.4,6401.010667,1953.84777,0.000997355,59788479.25,1383164472,95634969.76,180634.324,113.6646648,19467.0755,6779.449022,5596.133536,0.5608346,7.097947327,202402793.5,208188632,169731688.9,18424276.22,335.5992028,456.4068294,7079128.563,0.058080963,2099.326648,151521337.5,15.63738247,323155006.4,12252613.81,16658848.96,871057.0016,37440.12217,3265.961621,544923.2988,45699.26368,3269572961
NZE,2045,Zinc,Wind,375326574.9,114700761.5,5058.265892,1545.819007,0.000785594,51146393.73,1191369963,79545503.36,163760.5581,97.44306837,16728.06738,5821.954813,4805.107893,0.350413022,4.399440042,196389683.2,177911642.8,133928793.1,14538017.39,282.1900676,408.7607349,6096256.769,0.051532819,1813.346867,129748231.7,13.39981556,276397521.9,10302721.54,14919766.53,714807.9409,31414.09431,2801.291482,472916.7026,38689.14791,2773705430
NZE,2050,Zinc,Wind,448297661.8,137133805.4,6041.695216,1848.148522,0.000919917,64764527.15,1519398558,97895212.08,211736.0273,123.3363288,21224.96316,7379.632497,6089.459025,0.349022143,4.327661539,256615153.8,225788191.4,159726842.8,17338475.44,350.5200446,535.5506947,7745866.069,0.065407826,2301.627267,164300837.2,16.97615828,349599934.7,12797512.49,19547599.96,873616.1459,39199.86095,3566.176322,606335.0845,48596.40848,3482681962
NZE,2022,Zinc,Other low emissions power generation,12822035.01,3839545.963,172.802212,51.74545529,4.16E-06,746785.3604,14444996.34,1260800.836,1395.487792,1.171925688,193.2869715,68.24646036,55.33336674,0.015293236,0.195960513,1274656.521,1917965.793,4630638.364,502657.7732,3.910595038,4.094474612,79121.24495,0.000911686,34.66052538,1787518.942,0.183943689,4034700.3,142771.565,149448.321,12318.20621,454.9615862,33.19462253,6459.704678,610.8223635,47654279
NZE,2030,Zinc,Other low emissions power generation,20013023.12,6063737.892,269.7149603,81.72082872,2.63E-05,1825117.864,40810758.69,3080993.894,4397.247168,3.340692306,570.451939,198.498867,163.5519049,0.031832157,0.408991123,4031808.084,6004876.899,7187338.216,780175.7524,10.61483469,12.35187257,211426.5739,0.001703419,67.86318291,4621778.584,0.476143923,9851445.611,387538.1287,450843.3409,32667.51786,1215.660298,96.76856731,16252.56116,1452.797805,105375419.1
NZE,2035,Zinc,Other low emissions power generation,17238737.43,5256294.315,232.3259886,70.83893384,3.24E-05,1981752.015,45608055.45,3240384.906,5421.43747,3.743618385,642.392106,223.2772299,184.4044121,0.025650612,0.327325838,5436267.659,6896880.237,6168547.83,669585.5575,11.36923022,14.40705421,233386.0426,0.001579913,68.99373396,5037009.471,0.519448894,10701157.52,415084.0697,525857.4691,31620.08288,1284.524562,108.1771745,17859.68249,1535.001579,109465211.9
NZE,2040,Zinc,Other low emissions power generation,14377713.75,4388660.673,193.7680514,59.14585913,3.02E-05,1809885.614,41870432.42,2895011.851,5468.067905,3.440797362,589.2971412,205.2239396,169.4032313,0.016977292,0.214865354,6127031.641,6302177.522,5138029.028,557730.0659,10.15908377,13.81610914,214295.6822,0.001758197,63.54971973,4586774.784,0.473366674,9782379.557,370904.7254,504287.9742,26368.18257,1133.367822,98.86548426,16495.63347,1383.38424,98974804.85
NZE,2045,Zinc,Other low emissions power generation,10905012.7,3332599.78,146.9665552,44.91335554,2.28E-05,1486044.715,34614933.88,2311173.208,4758.018975,2.831182146,486.0294992,169.1553314,139.6111176,0.010181156,0.127824547,5706049.432,5169174.936,3891265.066,422398.1857,8.198956524,11.87643322,177125.101,0.001497272,52.68630556,3769799.979,0.389328038,8030655.668,299342.8037,433489.8042,20768.55249,912.728062,81.39077067,13740.46761,1124.102788,80589265.35
NZE,2050,Zinc,Other low emissions power generation,8701193.832,2661686.472,117.2657491,35.87147535,1.79E-05,1257041.364,29490631.98,1900088.464,4109.671701,2.39388557,411.964046,143.2343245,118.1928166,0.006774314,0.083997364,4980749.14,4382415.939,3100204.034,336529.6061,6.803387816,10.39472386,150342.7026,0.001269527,44.67323094,3188982.573,0.329497243,6785529.025,248392.1873,379407.4133,16956.37535,760.8462354,69.21738404,11768.60722,943.227694,67596807.64
NZE,2022,Zirconium,Other low emissions power generation,651377.4062,196412.8346,8.778595325,2.647050366,8.78E-07,18000.2447,194719.4324,59318.43133,323.4040445,0.011992806,0.21299103,0.376486755,0.157055605,0.00023772,0.003421939,236372.5364,678386.4155,235499.7264,25563.47071,0.252783973,0.411685849,1964.628733,0.000180915,2.816516197,41681.84597,0.004225832,108314.2562,9227.130395,15026.53315,444.7561069,18.3474328,1.090673187,1563.56107,16.09918991,2474215.639
NZE,2030,Zirconium,Other low emissions power generation,723572.811,217266.3149,9.751570803,2.928092147,3.64E-06,29313.41202,301693.3485,56675.74273,659.9073219,0.019975071,0.427038855,0.648096267,0.318801416,0.0004346,0.006441853,496875.4353,1405926.17,261120.6296,28344.06461,0.512166037,0.856586124,3405.894604,0.000362927,4.206307003,65984.70125,0.006663026,151017.6321,18694.71583,31265.39278,888.2005717,35.13048518,2.228850674,3152.864998,20.54219994,3795893.755
NZE,2035,Zirconium,Other low emissions power generation,580999.4649,174357.1591,7.830113754,2.349806635,3.93E-06,28101.42717,297460.9237,46392.10895,689.9538441,0.020111779,0.434628041,0.661919655,0.337313669,0.000383707,0.00575798,540615.0194,1446320.285,209364.9185,22726.04104,0.526132287,0.900254054,3403.069958,0.000369006,3.994259872,63099.6286,0.006377679,140328.0358,19204.43968,32859.27217,792.8726722,34.84468467,2.288385962,3235.911184,17.92904394,3609986.818
NZE,2040,Zirconium,Other low emissions power generation,393132.3069,117947.4173,5.29823325,1.589574097,2.96E-06,20683.05098,228798.8835,33465.54859,533.2709698,0.015526566,0.326928841,0.516380894,0.265294392,0.000253494,0.003859067,439590.051,1087586.66,141558.6608,15366.0218,0.3997034,0.697263522,2580.89123,0.00029047,3.016979119,46679.20134,0.00472609,104010.9884,14589.64257,25450.11792,550.2939307,25.7167256,1.725627891,2444.568208,12.76342061,2674994.4
NZE,2045,Zirconium,Other low emissions power generation,304640.6209,91387.94308,4.105633241,1.231632794,2.24E-06,17254.51659,198065.928,26941.01824,453.2684574,0.013127584,0.274196878,0.44030271,0.226878763,0.000192598,0.002981181,387020.2054,908591.6884,109607.4424,11897.8896,0.337064045,0.597925167,2179.309901,0.000245286,2.548277785,38848.49218,0.00393958,86827.37037,12303.23816,21824.26806,449.4152312,21.29965672,1.445103921,2050.732917,10.29231966,2220365.591
NZE,2050,Zirconium,Other low emissions power generation,250538.2223,75147.01976,3.376496708,1.012754317,1.75E-06,15036.5078,178835.7917,22629.44678,394.9772059,0.011439251,0.237921744,0.385427887,0.198375862,0.000162916,0.002515817,341229.8924,786240.2593,90061.032,9776.181515,0.292856167,0.52681257,1898.682098,0.000211879,2.217521006,33576.84017,0.003408862,75434.64598,10689.60332,19228.65834,386.3044601,18.35893063,1.258504534,1778.629636,8.704577816,1912901.881
NZE,2022,Zirconium,Hydrogen technologies,169358.1256,51067.33699,2.282434785,0.688233095,2.28E-07,4680.063623,50627.05242,15422.79215,84.08505157,0.00311813,0.055377668,0.097886556,0.040834457,6.18E-05,0.000889704,61456.85947,176380.468,61229.92887,6646.502385,0.065723833,0.107038321,510.8034705,4.70E-05,0.732294211,10837.27995,0.001098716,28161.70662,2399.053903,3906.89862,115.6365878,4.770332528,0.283575029,406.5258781,4.185789376,643296.0662
NZE,2030,Zirconium,Hydrogen technologies,7102253.514,2132584.897,95.71687458,28.74078796,3.57E-05,287726.7918,2961281.314,556302.6786,6477.342742,0.196065987,4.191614391,6.361410927,3.129206128,0.004265834,0.063230226,4877097.719,13799916.09,2563038.413,278212.1294,5.027183145,8.407850208,33430.67422,0.003562321,41.28714932,647675.0773,0.065401162,1482318.7,183498.6185,306886.5253,8718.162893,344.824471,21.87735952,30947.05352,201.6326616,37258724.14
NZE,2035,Zirconium,Hydrogen technologies,5990871.841,1797852.593,80.73881446,24.22960992,4.05E-05,289762.8292,3067214.996,478363.9158,7114.335392,0.207379006,4.481589141,6.825265873,3.478149439,0.003956523,0.059372382,5574454.87,14913472.37,2158828.829,234335.4986,5.425118766,9.282808309,35090.14588,0.003804944,41.18609472,650640.51,0.065762294,1446967.388,198023.1375,338822.4951,8175.564441,359.2947203,23.59628167,33366.51815,184.8721229,37223732
NZE,2040,Zirconium,Hydrogen technologies,4570163.068,1371138.726,61.59196153,18.47879888,3.44E-05,240440.4677,2659787.02,389037.0023,6199.275024,0.180496327,3.800547774,6.002927894,3.084047312,0.002946867,0.04486165,5110234.343,12643194.93,1645619.431,178630.0035,4.646552026,8.105688438,30002.86055,0.003376718,35.07238226,542645.7155,0.054940802,1209127.741,169604.5949,295857.6208,6397.166945,298.956935,20.06042423,28418.10542,148.3747645,31096809.9
NZE,2045,Zirconium,Hydrogen technologies,3623859.327,1087107.323,48.83865213,14.65091547,2.66E-05,205251.4884,2356097.681,320477.4856,5391.865082,0.156159472,3.261715103,5.237630742,2.69884141,0.002291059,0.035462705,4603807.518,10808172.77,1303837.785,141531.6121,4.009552891,7.112632209,25924.02972,0.002917809,30.31309545,462123.1084,0.046863361,1032856.928,146353.445,259611.0693,5346.028945,253.3705433,17.19026605,24394.53932,122.432519,26412408.6
NZE,2050,Zirconium,Hydrogen technologies,4436254.385,1330620.505,59.78727792,17.93273593,3.10E-05,266249.8881,3166626.864,400697.2731,6993.820526,0.202553636,4.212855708,6.82473173,3.512620871,0.00288474,0.044547305,6042122.405,13921874.94,1594701.377,173105.8348,5.185573849,9.328215682,33619.7675,0.003751714,39.26541505,594541.6354,0.060360363,1335713.473,189279.7001,340479.864,6840.253113,325.0796854,22.28420959,31494.01097,154.1310589,33871555.71
