Scenario,Year,Metal,Technology,"Climate change, long term","Climate change, short term",Fossil and nuclear energy use,Freshwater acidification,Freshwater ecotoxicity,Freshwater eutrophication,Human toxicity cancer,Human toxicity non-cancer,Ionizing radiations,"Land occupation, biodiversity","Land transformation, biodiversity",Marine eutrophication,Mineral resources use,Ozone layer depletion,Particulate matter formation,Photochemical ozone formation,Terrestrial acidification,Water scarcity
SPS,2022,Aluminium,Electricity Networks,115234380358.07896,123458969488.49399,1171826833569.1875,387777163.3469476,34069949731462.387,729567.2932269789,1000.1601129259145,10059.217170585487,387531557862.75714,1344840052.0163586,6589372.566310882,8059282.599603831,628066455.1670771,911.7134250551464,107624763.88470392,206326003.29550287,644197267.7431035,13816587438.005348
SPS,2030,Aluminium,Electricity Networks,111727626218.47977,118816347860.22612,1158454483411.0603,453102146.55495745,35932176589294.67,798322.179380914,1237.9072999394198,12523.374433297162,522512370563.07214,1604622823.5984406,9554731.90069273,8216924.42488839,780100398.2065572,1059.7644779567127,102300100.31694658,211086495.16066992,696628301.0836565,15580644426.848974
SPS,2035,Aluminium,Electricity Networks,96701555146.98584,102476474696.89137,1004405419423.9075,425442544.0267952,32569871047614.574,747078.7648398132,1200.98634966711,12067.910490455499,501913655237.93976,1559731500.1175542,9898359.635735173,7356988.474061333,759308653.9826964,988.0152514174687,89292910.02272953,189167655.97178245,638702422.9677706,14450706045.057793
SPS,2040,Aluminium,Electricity Networks,81596357998.09645,86089361570.57532,848772822164.175,399048571.3063435,28951569918169.816,686358.616893756,1141.2601735946012,11457.859691709677,478327146107.0401,1500493266.8263378,9974421.625463948,6478275.769406106,722878324.2072713,914.3029586516617,77346250.43913901,166952040.65145963,579613146.9942462,13081862835.332571
SPS,2045,Aluminium,Electricity Networks,72823273107.24629,76443646794.38387,759496668830.0078,394719050.6482586,27389242295243.324,664184.0616407864,1150.7220216305182,11593.874292674298,485590342384.4355,1532511221.4491777,10400681.051910723,6041557.44494384,734454949.9957341,883.7129892396717,71203160.02922335,156358868.7679616,559030692.0989041,12923273569.807497
SPS,2050,Aluminium,Electricity Networks,59669516778.1741,62224962501.73851,624103614538.8005,358188265.68809503,23793270630335.332,587374.1378322449,1063.9175781265135,10690.99400730143,448220533393.94293,1423752300.850026,9868500.074961632,5196609.361662705,685588243.8022132,784.3274997080689,60498584.77506472,135279590.46443698,496717093.9173297,11485822541.133509
SPS,2022,Arsenic,Solar PV,0.0,0.0,0.0,0.0,0.0,0.0,0.0,0.0,0.0,0.0,0.0,0.0,0.0,0.0,0.0,0.0,0.0,0.0
SPS,2030,Arsenic,Solar PV,1427723.38836351,1534057.2134967353,22724270.126261726,10231.788969990945,903125510.7697737,101.72404615301565,0.38669770827772565,1.1762447674848853,26677021.26735462,70778.25861843085,416.75882987852486,295.2869010711605,191700.01379625936,0.1298795851071251,1287.0193444464248,5833.534168042493,10899.761920559638,1427168.945042756
SPS,2035,Arsenic,Solar PV,6965426.437936526,7500782.240006329,112057662.2183461,54244.39928763315,5007522829.689261,586.6434204115293,2.2285447269776397,6.732677824855067,128583161.68466206,412763.889961304,2430.4982917487555,1627.9631479030772,1105008.2866163307,0.7343520891758418,6314.082579742397,31430.884219813674,57705.07055218838,8013665.364533103
SPS,2040,Arsenic,Solar PV,32733306.129590552,35279718.9959291,531058390.45044076,287233.36431402655,26766178682.38206,3257.5898218772804,12.345597062946876,37.11662587204738,586695262.623068,2373671.0752045875,13574.14588665201,8723.827643453013,6120939.062500542,4.070507433118742,30225.16105447064,165374.4729634253,300255.6044297978,43605706.626193024
SPS,2045,Arsenic,Solar PV,29136150.78776994,31378004.24331844,475232266.0878564,293388.64631006,27013616590.24529,3416.471661658678,12.929186021899653,38.58046610929313,499097718.68435675,2590526.8229573146,14211.661656123808,8886.999955896774,6411362.2287967,4.19835758219221,27389.60279814341,166264.45255795022,297178.31756428146,44945491.58103258
SPS,2050,Arsenic,Solar PV,28156913.01277613,30261510.233768962,463514690.9445737,314438.59258883505,28845523702.28247,3749.6998304263348,14.174475472286273,42.038319036066184,453021413.6755511,2948843.2345112907,15461.83951382769,9566.176843810517,7035169.260023308,4.57921041122701,26999.11107553717,177357.83989875473,311710.3993964267,48599893.216124035
SPS,2022,Boron,Wind,600799.1023599782,643069.3840829191,9195915.236342167,6790.984125138818,277020620.5758051,23.594322310997327,0.011102510979896209,0.21437222004318132,4029742.516956646,21507.433746846156,129.4454151797592,102.65331392368674,23060.48657777277,0.01352014385230955,760.144242850912,2742.1971192265128,8491.66654839111,330584.7282377485
SPS,2030,Boron,Wind,1015418.2277690592,1086459.7714072592,16026533.906528188,12824.452377468815,514753315.3738789,45.86670946743125,0.021688761470218663,0.41397837701173174,7004595.057949092,42636.07271743809,255.72732302313844,188.72215970890778,44436.10788651378,0.025531401617455173,1301.4460179140115,4995.289867132125,15749.031931534935,625434.5794237758
SPS,2035,Boron,Wind,814793.8175030989,871306.7123509541,13042205.192339733,11035.190203447994,437061663.74277145,40.112092275715895,0.0190211167984315,0.3587857654525153,5656912.964114408,38663.439198135,224.9898287081837,160.68651176325795,38748.73643689255,0.021865747345665088,1065.3607582254972,4232.262639514114,13442.067501449392,537685.0603788773
SPS,2040,Boron,Wind,628518.2471183763,671230.0734663355,10200383.466241023,9168.93274518908,357493657.758114,33.81528773713206,0.016000382914573775,0.299394653331074,4410055.779232088,34466.49688808329,190.3489972972377,132.33620627919697,32459.373731937863,0.018821658456631776,843.7134261390953,3469.9582773065795,11084.045967293221,446326.1355966941
SPS,2045,Boron,Wind,657547.6010198396,700699.6243925558,10806247.6809349,10302.050233947877,394965854.95688856,38.504048724664386,0.018148549260265923,0.3361631181719891,4633322.682437804,41686.09685079562,216.68466545778293,147.17828829677882,36772.620607296565,0.021030229953872093,900.2315457199411,3845.779867599601,12342.823710187411,501087.40075118246
SPS,2050,Boron,Wind,866413.7560202179,921151.6192766483,14403134.313576411,14385.524963492731,547600265.387825,54.440898210351605,0.025547576376159536,0.46983707598320656,6128690.7464619875,62484.76801529229,306.00980098228445,204.95944922157972,51867.921529376144,0.029322485737619617,1217.4001334562486,5340.342770780192,17147.18928566134,700925.0863475767
SPS,2022,Cadmium,Solar PV,3572280.4676547563,3841793.355916249,52144057.2756972,23893.705016780423,2240034956.709522,38.416996714477065,0.9676638793785522,3.0298145100633387,76966977.34425537,143544.26165668544,848.4526448917962,640.5836666409289,414310.7866358807,0.05139602859100204,2977.9566985429838,14394.909947660157,24833.63404651011,2807780.620610541
SPS,2030,Cadmium,Solar PV,2513386.2532848795,2715542.6949737268,38241575.641945794,19523.074043724642,2054881653.2209492,36.94064829590262,0.9531838895646279,2.951713744281442,59705285.87134169,141470.30192318844,865.7043430700147,568.7939861312796,407687.3100184002,0.04394046301723827,2045.5382887490396,12407.134100089293,19842.370839441333,2594543.352270271
SPS,2035,Cadmium,Solar PV,2077013.5987406846,2250577.9921446946,32034673.73444992,17932.31922571532,2032096990.7079518,37.660247326258464,0.9822457549609769,3.0223313597423425,50998601.21940989,145119.94406903387,911.4001573813385,557.501600295474,420257.1748660825,0.0393263564250933,1722.7969803992648,11983.653669395202,18340.5293810705,2567275.9644998717
SPS,2040,Cadmium,Solar PV,1624687.9079468993,1761897.8223378973,25480323.739265576,16568.48749929927,1925074743.761905,36.937026285479206,0.9678686456806271,2.9637676513879,41369800.93881586,145600.89722727792,916.0901765459342,527.9816391579755,414090.8798839345,0.035065966094545466,1433.0810845674184,11230.609696777736,16665.204851872215,2458488.5230285544
SPS,2045,Cadmium,Solar PV,1274887.0110150313,1380220.4713114402,20495982.839822996,16235.594116939257,1874064774.8236434,37.063316155921555,0.9822328597257262,2.98868205836282,34463695.01253461,150734.9020202239,939.9727459205752,516.903013377924,420263.3641771176,0.03036745911610465,1225.6607346134917,10922.268591101492,15717.977990037583,2434199.922713984
SPS,2050,Cadmium,Solar PV,1077244.3878923226,1160886.1364014714,18028445.43890981,16614.197960095375,1919280512.4144576,38.79304860950008,1.0398870950579955,3.1471930104979893,30938607.834769968,162125.82268826204,998.0276390009155,533.1157117622696,445116.97383027565,0.030387701363483614,1109.5164987953078,11211.853073349257,15616.652930921298,2524790.969624091
SPS,2022,Cadmium,Other low emissions power generation,106635.23784044058,114680.3986840672,1556539.0231551402,713.2449258740415,66866715.12565728,1.1467760213276899,0.028885488936673195,0.09044222418099518,2297521.7117688153,4284.903333035354,25.326944623635594,19.121900496744114,12367.486168235144,0.001534209808687888,88.89422980725308,429.69880440776575,741.3025088510467,83814.34688390837
SPS,2030,Cadmium,Other low emissions power generation,114244.82969476696,123433.75886244181,1738253.4382702617,887.4124565329373,93403711.51004298,1.67912037708648,0.04332654043475574,0.13416880655824723,2713876.6305155293,6430.46826923583,39.35019741227335,25.8542720968763,18531.241364472702,0.0019972937735108286,92.97901312495624,563.9606409131493,901.9259472473325,117933.78873956148
SPS,2035,Cadmium,Other low emissions power generation,61088.635257078866,66193.47035719681,942196.2863073504,527.421153697509,59767558.550233796,1.1076543331252369,0.028889581028263982,0.08889209881595111,1499958.8593943992,4268.233649089226,26.805886981804047,16.39710589104335,12360.505143120059,0.001156657541914504,50.67049942350766,352.46040204103514,539.427334737367,75508.11660294003
SPS,2040,Cadmium,Other low emissions power generation,24249.073252938786,26296.98242295369,380303.3393920234,247.29085819849655,28732458.86211796,0.5512988997832673,0.014445800681800415,0.044235338080416464,617459.7155047143,2173.147719810118,13.672987709640797,7.880322972507084,6180.460893790056,0.000523372628276799,21.389269918916682,167.6210402504139,248.73440077421213,36693.85855266792
SPS,2045,Cadmium,Other low emissions power generation,37496.67679455983,40594.719744454196,602823.024700677,477.5174740276248,55119552.20069534,1.0900975339976695,0.028889201756638977,0.08790241348125921,1013638.0886039643,4433.379471183054,27.64625723295807,15.203029805233044,12360.687181679996,0.0008931605622390673,36.048845135690875,321.2431938559261,462.2934702952224,71594.1153739385
SPS,2050,Cadmium,Other low emissions power generation,29923.455219231535,32246.83712226339,500790.15108082775,461.5054988915382,53313347.56706826,1.077584683597383,0.028885752640499814,0.08742202806938845,859405.7731880547,4503.495074673943,27.72298997224763,14.808769771174166,12364.360384174317,0.0008441028156523283,30.81990274431412,311.44036314859045,433.7959147478139,70133.08248955724
SPS,2022,Chromium,Wind,264165543.50528228,286466157.06737363,3391945040.8490605,1369798.9936570614,167345507074.4384,16035.673170948252,57.606648753597355,10.693320336730991,3061891696.5167694,4931555.775324553,32204.94891213926,24838.288997182037,62089569.10489941,1.8039646764039043,536424.9250985923,480012.0358699673,1574218.4678622708,37851498.208281055
SPS,2030,Chromium,Wind,317062948.55117255,345032481.04786474,4052992842.311928,1482687.9460145289,225463944814.5764,22334.973928288313,80.47940561006564,13.015438645474434,3572074141.876654,6840136.381657023,45408.24041500859,31645.020823057854,86716287.37570451,2.31921962868729,651765.8549104173,577014.1146518532,1714302.8708663636,46408330.36990254
SPS,2035,Chromium,Wind,257824977.18733993,281193893.07187295,3250635168.187856,1085612.2725148678,196963525112.4667,19912.372380045264,71.81859388649742,10.773016494331772,2729874594.014355,6130450.293454929,40808.927481178056,27010.859817679862,77387819.18889607,1.919143192214303,539792.9024201339,475589.01691542467,1289126.4830355365,38297922.99102816
SPS,2040,Chromium,Wind,206242068.79248583,225304732.18409166,2554672964.141588,800293.5656509306,169917385130.13916,17536.831463829887,63.26911026456994,8.894157102482856,2049241779.7907279,5526585.833772544,36217.04468317787,22885.098489665215,68174963.86787187,1.6723963852903971,445252.5669500871,388755.3429165799,969456.8315009766,31605194.711079042
SPS,2045,Chromium,Wind,209025342.7394572,228532736.46824694,2533566748.3503833,747605.0187539519,185652735598.3057,19531.310583792627,70.49868980259673,9.299398020859485,1931937427.471915,6325718.529394766,40505.822672433766,24602.992146479904,75970413.57733753,1.7182261317656142,469330.2188096725,402826.55796803714,924983.5854477175,33069751.123539038
SPS,2050,Chromium,Wind,242407340.37336516,265101299.1929613,2882173649.7810445,723311.368445449,230038150727.01053,24543.361063325036,88.62529786674403,11.094158396680454,2097572338.2914057,8172202.639322966,50902.479103719714,30165.435533546777,95523320.72510312,2.0502257691510706,566275.5547081968,479941.78789525764,968896.7596027346,39093820.04010467
SPS,2022,Chromium,Other low emissions power generation,621052488.4641618,673481171.4908619,7974453747.450449,3220393.781937011,393428840956.31006,37699.82487067347,135.43307762916908,25.139967601180853,7198499214.911685,11594074.479300406,75713.74902777697,58394.75120866195,145972411.42274177,4.241116144504614,1261133.5686935282,1128507.0165247738,3700983.420771352,88988771.36820647
SPS,2030,Chromium,Other low emissions power generation,1059367929.6394556,1152819485.1409714,13541823968.468372,4953943.899305165,753318145554.3472,74625.41806629059,268.8970808141879,43.487068906066995,11934982644.58285,22854203.400931325,151717.61272274485,105732.0647079951,289735695.2081511,7.74895618566768,2177674.330858318,1927914.475042554,5727813.645155605,155059104.466887
SPS,2035,Chromium,Other low emissions power generation,727476296.4746007,793413788.5118983,9171958664.1333,3063152.391331896,555750251013.4427,56184.544535157154,202.64260378698492,30.397032229588152,7702585999.068113,17297615.319727868,115146.04888546844,76213.56347675549,218356672.46031502,5.4150346374783815,1523074.0861485354,1341917.064994967,3637385.988730615,108061024.51412937
SPS,2040,Chromium,Other low emissions power generation,732262074.1499274,799944024.3732066,9070361514.746483,2841440.787243218,603291353689.4312,62264.486857152995,224.6368560168475,31.578687926334123,7275829053.160251,19622132.522718918,128588.54846907179,81253.49879043759,242055079.93237787,5.937840194600534,1580868.39462177,1380275.1078267524,3442054.6418587174,112214183.8885999
SPS,2045,Chromium,Other low emissions power generation,675478101.7268451,738517430.4171731,8187374962.9831505,2415931.065061489,599948100927.8931,63116.617461176626,227.82080171706667,30.05157001542181,6243173239.479025,20441943.968583286,130897.02831758551,79506.06473885506,245503009.72158828,5.55255219587766,1516669.1326982281,1301758.5099265787,2989140.686187085,106866911.06810877
SPS,2050,Chromium,Other low emissions power generation,559293130.1936257,611653653.7864666,6649880815.757505,1668856.556651296,530754378914.01526,56627.54771962194,204.48027762644605,25.596941771591332,4839613342.911274,18855273.886028644,117444.49169189534,69599.0510733944,220395706.55139777,4.730373206793086,1306536.4565984947,1107343.3025964587,2235482.2287065526,90199021.81092787
SPS,2022,Cobalt,Low emissions power generation,169810.79935627888,180351.15720983886,1890862.5499340468,733.0735403190213,43872440.93148811,7.149557433538769,0.004405370878836332,0.019667885777155034,991288.3910852121,3599.744768264159,30.092995568424936,16.77549792041677,11691.244321603968,0.00611114005733779,293.71096768953953,597.29323801629,1136.3798455329436,117994.777409035
SPS,2030,Cobalt,Low emissions power generation,276095.5273765923,292668.5511262621,3094017.4799820352,1250.955577723744,73149180.31047836,12.637299392644646,0.00781820978918978,0.034279012704583126,1716949.9214288164,6536.792856542632,53.97314960520161,27.32742881308831,20642.24360417608,0.010772134549227189,463.15931719546273,914.9288227229481,1889.1463958504996,206048.48904144586
SPS,2035,Cobalt,Low emissions power generation,119227.78835764239,126218.8547206855,1336041.0284359055,558.7832755362938,32161615.703234818,5.747503055809265,0.0035621949726888755,0.015480144740850299,769404.2145775033,3122.195220400479,24.616177473768655,11.8899894540678,9382.986426526728,0.004885134758678458,196.27211471024486,377.50028245284153,830.8767253498927,92981.86236548435
SPS,2040,Cobalt,Low emissions power generation,126165.70150985332,133331.92946806134,1414992.0175920427,615.2157364514851,34667421.28947044,6.419155720632519,0.0039770621377394335,0.017181847797676977,853015.6720100476,3696.9540477035257,27.51496494329119,12.77633454662488,10461.343536989087,0.005611507608759833,206.19506974808598,387.02519883368075,900.3538403413725,103146.95437869361
SPS,2045,Cobalt,Low emissions power generation,118047.65506120777,124483.84999338227,1325535.2027830607,598.6856669387371,32915262.997471154,6.319726861674399,0.003915291037808307,0.016747643294378226,833847.5292660806,3821.1909681831717,27.058206433630662,12.215077036702374,10297.432278901817,0.00553055508999946,194.2798558233136,360.4212448415433,863.3677860703947,101052.8983651548
SPS,2050,Cobalt,Low emissions power generation,121980.59421365616,128382.05586156607,1372409.6579277813,642.8962426959232,35209594.39032332,6.843679784149876,0.004241273108095055,0.018132148112176564,899827.1179391209,4359.2876870310865,29.487856386593407,12.943019909383807,11159.344697052313,0.005992064908152657,202.36525858908564,370.81879407418285,916.0441624803598,109681.03797487491
SPS,2022,Cobalt,Electric vehicles,636651772.524886,676169503.6465459,7089189842.930482,2748426.8998462907,164485812385.95132,26804.99962361586,16.5165418764455,73.73850420179325,3716521644.4428005,13496102.109172592,112824.14924049907,62894.41264340868,43832615.172807835,22.911782786492505,1101176.1848975157,2239361.690432668,4260496.067757032,442384020.7508216
SPS,2030,Cobalt,Electric vehicles,1440120355.461988,1526565612.580912,16138463362.35542,6525011.862294331,381547736580.2868,65916.43213615472,40.779954560172754,178.80008571698286,8955648628.76563,34096055.59928266,281525.1378151659,142540.4709381159,107670397.5585638,56.18769120789693,2415849.2057181033,4772288.902764381,9853829.234260207,1074753459.790844
SPS,2035,Cobalt,Electric vehicles,1413194840.317463,1496059238.363107,15835958326.883053,6623201.29158853,381208357499.2442,68124.56873572292,42.2223344486457,183.48458003359946,9119669844.90225,37007062.168246314,291773.04614523257,140930.83482782354,111215583.10685907,57.903005082265736,2326393.398950742,4474472.425677141,9848297.258372087,1102104550.8606925
SPS,2040,Cobalt,Electric vehicles,1459727591.2124305,1542640304.8131015,16371350253.722784,7117999.379381026,401099433259.78345,74269.14451044047,46.01430709733067,198.79267501495139,9869326586.135895,42773477.754221186,318346.05616510863,147821.2210535869,121036950.76670414,64.92471715195498,2385661.3079565507,4477852.1775022885,10417025.601032548,1193402433.8965054
SPS,2045,Cobalt,Electric vehicles,1399408908.6790943,1475707489.2939334,15713702831.119877,7097185.076468919,390197604910.43567,74917.897065047,46.414248174090744,198.5367791793973,9884937234.288717,45298728.55049082,320764.48377112934,144804.9740293408,122072043.36370012,65.56257351214013,2303111.915904356,4272653.2826674525,10234888.364931969,1197942696.5044403
SPS,2050,Cobalt,Electric vehicles,1332298574.3593786,1402216730.4587686,14989756710.74022,7021852.558813727,384566846164.35596,74748.1587425669,46.32410714024227,198.043264468878,9828107447.159723,47613088.03334015,322072.7795108179,141366.47787576218,121884789.35121676,65.44663588552105,2210277.358100643,4050163.5024449616,10005233.533992607,1197960146.6134262
SPS,2022,Cobalt,Grid battery storage,26023997.874247935,27639338.308511756,289780173.9731299,112345.64778711891,6723578911.748985,1095.6904281561933,0.6751358736941921,3.014160581046163,151917823.1311611,551671.3339332014,4611.838915258519,2570.8937468954596,1791717.125919557,0.9365499512649843,45012.05828940855,91536.92235925428,174153.50965070436,18083042.11572816
SPS,2030,Cobalt,Grid battery storage,39505035.92698541,41876381.471299335,442706453.3308834,178992.5592442939,10466525929.09766,1808.2037448058452,1.1186659253098643,4.904801035002086,245669203.6099633,935314.8133136756,7722.7300076387255,3910.1359855810488,2953588.502302183,1.5413272587972384,66270.99554846322,130912.28371477363,270307.8783946148,29482378.94191034
SPS,2035,Cobalt,Grid battery storage,28718061.05039196,30401979.484062575,321808433.6627836,134592.55129897452,7746677649.292626,1384.3848478420891,0.8580158544266163,3.728658795574677,185324222.74233368,752034.3552942823,5929.229227991936,2863.908219165986,2260053.47196161,1.176668628778828,47275.51060353998,90927.42813866017,200130.93300340892,22396278.894154567
SPS,2040,Cobalt,Grid battery storage,0.0,0.0,0.0,0.0,0.0,0.0,0.0,0.0,0.0,0.0,0.0,0.0,0.0,0.0,0.0,0.0,0.0,0.0
SPS,2045,Cobalt,Grid battery storage,0.0,0.0,0.0,0.0,0.0,0.0,0.0,0.0,0.0,0.0,0.0,0.0,0.0,0.0,0.0,0.0,0.0,0.0
SPS,2050,Cobalt,Grid battery storage,0.0,0.0,0.0,0.0,0.0,0.0,0.0,0.0,0.0,0.0,0.0,0.0,0.0,0.0,0.0,0.0,0.0,0.0
SPS,2022,Cobalt,Hydrogen technologies,52648.91462196444,55916.895238160214,586251.6478971317,227.2854634816262,13602411.658241143,2.216681390878197,0.001365861277122397,0.006097920997965668,307343.5733524215,1116.081283897418,9.330169579362359,5.201151876683084,3624.806705144886,0.0018947257320579927,91.06348783493513,185.18751935569136,352.32838955111345,36583.63888042404
SPS,2030,Cobalt,Hydrogen technologies,39133.15277942115,41482.17551287595,438539.00820778694,177.30760149750517,10367998.627065329,1.7911821047977554,0.0011081352930596873,0.004858629381078148,243356.58106566506,926.5101683215443,7.650031601583927,3.8733276738405022,2925.7847106317768,0.001526817877424003,65.64714935168148,129.6799326744493,267.7633181310934,29204.844708076005
SPS,2035,Cobalt,Hydrogen technologies,39750.18897612141,42080.98964686753,445432.0934048811,186.29667718599438,10722586.73578784,1.916200373724438,0.0011876251776928633,0.00516103407857155,256517.0699698117,1040.930572820667,8.20696013849467,3.964087015566868,3128.2596846971696,0.0016286893559477867,65.43653755509013,125.85746806799494,277.01182168579646,30999.8755432141
SPS,2040,Cobalt,Hydrogen technologies,27821.188680758285,29401.435750831126,312024.2619989763,135.66312300694267,7644620.187796197,1.4155078625781559,0.0008769942607619697,0.0037888223482505667,188101.12157765764,815.2267603190162,6.067409938444948,2.8173490086161066,2306.863187964558,0.0012374108818681228,45.468711954616275,85.3441224683311,198.53980734713687,22745.253624981244
SPS,2045,Cobalt,Hydrogen technologies,23639.086673897647,24927.93709428835,265438.91559425177,119.88702667449886,6591293.6134811025,1.2655276461105514,0.0007840384813090622,0.0033537217762949654,166978.27675539977,765.194907493597,5.418415865975153,2.4460737034482087,2062.064630028757,0.001107495706369468,38.90461312779477,72.17448784989162,172.88971912052838,20235.880347338414
SPS,2050,Cobalt,Hydrogen technologies,28954.595842903433,30474.114058189603,325769.5802546573,152.60460892309513,8357719.372793829,1.6244877597597793,0.0010067531601720922,0.004304037242449854,213592.42178125994,1034.7663409463953,6.999547505498641,3.0722912351652285,2648.899340569249,0.00142233950243034,48.03554461153512,88.02144621926107,217.44186991262023,26035.043907313997
SPS,2022,Copper,Solar PV,7004691722.389632,7534806403.636863,95476485110.08571,505289462.43720925,51803253588272.484,303375.88996194047,815.8045721329373,65023.940938095875,104243987706.20905,1289926074.867703,10243670.210998291,4057552.0900025745,967652164.3244033,96.44125613509904,45803936.35435638,76715871.40085317,755761477.1125785,11204109175.806503
SPS,2030,Copper,Solar PV,7963727126.101128,8585348916.222023,111681097164.85722,690806835.5363017,72932322835545.2,427407.1991439796,1153.3700028683154,91808.39560202416,134712739958.76471,1818238736.2896273,14520392.15023277,5609231.8423395865,1362999412.9238074,126.40116245207734,61450976.801902495,104380908.63148637,1045749488.1965215,15415966332.263685
SPS,2035,Copper,Solar PV,7099529199.095935,7662414010.40098,100180380440.72891,695515599.0756792,73598402451657.8,433289.2277340028,1168.5453110388844,92893.53852059804,126079753127.12189,1840784595.2070334,14717465.813983975,5625126.719676332,1378716524.8541286,120.75130975232202,61060550.84980689,103945946.61238159,1053327715.5979254,15333345629.83211
SPS,2040,Copper,Solar PV,6011412561.769193,6490099986.736762,85124953764.05757,669243015.787938,70867363322676.45,420132.95352480514,1128.918624195515,89678.86339758988,112393462193.13516,1794299119.2161238,14224099.26812058,5393234.2166881785,1329906466.166301,117.43738723283099,58089916.013913624,99117803.82896288,1013283774.0471435,14624438177.855873
SPS,2045,Copper,Solar PV,5410975346.995088,5837596920.997115,76718089514.45935,682537828.7290893,72177002011788.77,431067.74723323755,1154.572556829084,91716.23160289324,105576108958.99438,1858324871.1844,14537623.005096497,5474247.539146607,1357876184.7481658,113.8036591561178,58682117.30634011,100169738.82805339,1032646385.4300587,14782202597.882128
SPS,2050,Copper,Solar PV,5231509567.279074,5634720867.16308,74354290215.87857,729834529.1264744,77122725200593.55,463774.4961048531,1237.8440034448313,98368.66635509497,105519258137.6339,2023214786.0153065,15568717.123693371,5831461.5688603,1454612422.3138387,118.08194182451577,62426697.93767498,106368927.74045658,1104067963.1324067,15686579410.194477
SPS,2022,Copper,Wind,2908121344.7784667,3128207806.940371,39638747182.20177,209779834.60833508,21507034636155.484,125951.85285163569,338.69566048201233,26995.836227775995,43278730560.58378,535535566.7571482,4252840.4061317425,1684564.3331840164,401737867.26375306,40.03928889365162,19016312.247005638,31849947.42752068,313767710.3086815,4651583586.36224
SPS,2030,Copper,Wind,3783968819.454738,4079332715.5382414,53065327666.6462,328237204.0810136,34653828687274.51,203082.73866775574,548.0243181416995,43622.80384816556,64008823948.34669,863937020.3801938,6899371.39642254,2665229.239578053,647629834.3441386,60.05957385127807,29198461.53207867,49596639.532433234,496888378.2226837,7324903904.839451
SPS,2035,Copper,Wind,2842832038.945956,3068225432.0765595,40114772008.67976,278502133.4782053,29470672017442.32,173500.02573258383,467.91525973362224,37196.93519269491,50485539477.43825,737096964.7845242,5893247.5907576205,2252443.790760547,552073158.5946083,48.351895242898856,24450197.3868386,41622600.46565815,421779204.4284927,6139861531.420607
SPS,2040,Copper,Wind,2070093923.6934295,2234935035.4274373,29313684218.30589,230460958.42224896,24403931138486.305,144677.25601902642,388.75514869065915,30881.8714895268,38703885444.25582,617886006.9595021,4898220.0377014335,1857217.6283532118,457967452.1426002,40.44081473815338,20003881.10658527,34132271.13059542,348935056.7905129,5036081003.98105
SPS,2045,Copper,Wind,1911403051.9605725,2062105231.5653176,27100324994.079952,241103461.99152634,25496205966510.355,152272.7705867196,407.8476369437857,32398.35219309332,37294292421.86582,656445021.9291131,5135350.874519289,1933753.6733230883,479663742.16684765,40.20063805251421,20729197.77339877,35384516.142059505,364777757.45239383,5221747531.336984
SPS,2050,Copper,Wind,2148613842.300769,2314215256.0344825,30537774066.496857,299747625.74806577,31674787705327.117,190475.0988642867,508.39030803758004,40400.62919910679,43337422162.40358,830947021.9397984,6394169.92144223,2395017.8980968148,597418459.3514351,48.496995268204884,25639036.991722114,43686386.80569232,453447647.9340329,6442576702.89001
SPS,2022,Copper,Other low emissions power generation,480159057.32497215,516497468.16583663,6544741853.610206,34636686.60600589,3551020144085.0703,20795.87326786097,55.92194058514854,4457.274555651625,7145738435.400244,88422119.44140832,702185.2248456837,278137.92009649903,66330820.74909225,6.61087517742565,3139777.705188993,5258735.423852625,51806094.08590905,768021593.7021343
SPS,2030,Copper,Other low emissions power generation,579934018.9778593,625201720.5603864,8132833596.268808,50305890.46137757,5311072871492.982,31124.619266178874,83.99063535711531,6685.665015177097,9810042390.296434,132407663.03276241,1057403.0530528417,408475.11651233217,99256254.62613675,9.204777233520648,4474979.03714462,7601219.7415476795,76153501.2351385,1122620497.9067087
SPS,2035,Copper,Other low emissions power generation,332613473.08152354,358984668.5203493,4693458303.863633,32584957.74908526,3448090650266.6235,20299.63267194811,54.74643507449307,4352.069215815456,5906845848.061545,86240895.73217675,689514.3723010754,263537.6068308129,64592972.13468984,5.6572078780910005,2860691.3665502607,4869875.360170857,49348482.12507773,718368387.659759
SPS,2040,Copper,Other low emissions power generation,295781760.1444843,319334794.9197698,4188434647.9025574,32929012.13153501,3486913141461.53,20671.95741622751,55.54660145071909,4412.502351309153,5530137174.021202,88285564.54146461,699873.6278310631,265365.30193063465,65435880.72658105,5.7783152870601,2858219.666125184,4876930.035485398,49856977.06385737,719571651.5749036
SPS,2045,Copper,Other low emissions power generation,328977827.434404,354915672.19464207,4664325522.6436825,41497104.98344534,4388235353124.0854,26208.164308230753,70.19599000242148,5576.186302520522,6418842579.572201,112982898.5691207,883862.0258975951,332824.66593877214,82556494.63112864,6.91906322657493,3567769.9901943393,6090144.7412109915,62783092.2525689,898732036.9233999
SPS,2050,Copper,Other low emissions power generation,277267202.826036,298637185.5870219,3940737525.401159,38680838.83138151,4087463095630.171,24579.79969707388,65.60506866254937,5213.486588382552,5592464119.934033,107229299.1574332,825133.6622751193,309064.3373182907,77093678.668493,6.258279621378472,3308581.5281892386,5637496.15343627,58515010.23380007,831380300.282238
SPS,2022,Copper,Electric vehicles,2295513012.8205724,2469237310.379682,31288673745.34552,165588805.65125296,16976484823482.72,99419.55060744443,267.3479555515401,21309.046633868587,34161878890.835384,422722684.7072729,3356961.1912009967,1329703.5746807538,317110048.967705,31.604839613891908,15010443.872033842,25140618.326947603,247671185.83607915,3671707396.9032764
SPS,2030,Copper,Electric vehicles,7744335904.111114,8348832752.356082,108604415607.0628,671775927.8460283,70923123979771.06,415632.63853652286,1121.5960294097629,89279.18336494805,131001564001.93045,1768148419.0414724,14120372.595673608,5454704.168446442,1325450398.2428608,122.91896058199684,59758075.390343286,101505338.59568828,1016940332.0717585,14991274772.870153
SPS,2035,Copper,Electric vehicles,10660183529.480753,11505374136.659752,150424234002.3575,1044340226.7727355,110510493810092.05,650598.4494830497,1754.6103592017025,139482.7940785944,189313019215.12112,2764000410.85073,22098773.35047889,8446318.27360775,2070189554.533352,181.3121810315041,91684485.01529127,156078359.13608202,1581607237.6168942,23023537751.740532
SPS,2040,Copper,Electric vehicles,11177285607.168953,12067330336.331259,158276596513.93146,1244353178.4255636,131766827171722.48,781171.8071714144,2099.0483950700373,166743.88237731394,208978141893.0746,3336219817.571103,26447497.720521282,10027879.232520778,2472753990.9166903,218.3565351027468,108009153.50798687,184294122.34944153,1884043396.9984794,27191865585.439842
SPS,2045,Copper,Electric vehicles,10031797154.222427,10822741636.048643,142233195073.7739,1265406069.8495016,133814145685262.64,799187.5628065747,2140.545270895284,170039.33157833724,195735157063.1123,3445282404.5337963,26952346.987253267,10149102.031155426,2517464518.389988,210.98880531729455,108795006.37983978,185711897.85082135,1914497554.757514,27405790720.696873
SPS,2050,Copper,Electric vehicles,9268412998.588705,9982762997.372406,131729907223.72133,1293012609.3782165,136634609866064.4,821646.8904113565,2193.028475664272,174275.0183621629,186943376695.9416,3584431984.780669,27582344.69513563,10331319.002768364,2577066620.924508,209.2000770389758,110598367.67639562,188448695.32148004,1956023921.8187761,27791155619.442734
SPS,2022,Copper,Grid battery storage,229560577.25331932,246933709.01422122,3128993809.382391,16559549.69529086,1697717082867.8289,9942.356806624073,26.735875885319196,2130.9907714172036,3416325934.306993,42273976.65685068,335709.68431243824,132975.73068620823,31712286.31128882,3.1606116738362258,1501105.0431200326,2514163.4237777884,24768119.401633803,367185576.7450824
SPS,2030,Copper,Grid battery storage,827588518.8039671,892187298.7968577,11605871511.862808,71788472.50144775,7579108635023.218,44416.048574342734,119.857920442589,9540.705366589556,13999314034.894562,188950911.8997935,1508955.4980705532,582909.9614444679,141642555.9805106,13.135576992079594,6385970.044586592,10847237.756630184,108674023.64152485,1602023341.6885886
SPS,2035,Copper,Grid battery storage,1069585253.4636968,1154387115.205069,15092755392.770409,104783459.2214996,11088026224443.688,65277.53537910333,176.04812905769845,13994.950391407063,18994646112.91137,277324876.4280455,2217271.591051119,847457.9679166009,207711641.48158932,18.191885211762646,9199126.156934487,15660059.778060436,158689930.00431764,2310057457.6155767
SPS,2040,Copper,Grid battery storage,1358935432.2087772,1467147153.839435,19243283445.690876,151288576.11543256,16020223203255.682,94974.94156603893,255.2025006994638,20272.736854934657,25407582087.148685,405617918.2561667,3215489.252831315,1219190.49739972,300637662.0847099,26.547808012988707,13131763.011472054,22406496.67642422,229062172.87299925,3305989567.647573
SPS,2045,Copper,Grid battery storage,1386612792.0224464,1495938540.880733,19659724444.937317,174906670.9166517,18496028508973.98,110465.12212883162,295.8699631677938,23503.137941164467,27054860506.025936,476213043.4670603,3725401.1951211663,1402826.8801286418,347968409.9466586,29.163246816924712,15037838.70778873,25669427.843477663,264625246.99326944,3788076992.0487275
SPS,2050,Copper,Grid battery storage,1454663318.8085654,1566779464.2781107,20674808519.816856,202936361.8028094,21444594137329.6,128956.2293648895,344.1924826976584,27352.19898322743,29340478549.58649,562571146.5186654,4329007.03506162,1621484.7990185125,404466685.3058502,32.83363380622594,17358245.538201068,29576736.017615147,306994978.5594509,4361779591.938795
SPS,2022,Copper,Electricity networks,24021750873.49862,25839715647.96564,327425164516.6398,1732829661.4215257,177653050477091.0,1040391.2603887634,2797.7040203780616,222991.81347771644,357492264039.8956,4423646898.928876,35129439.46588589,13914888.666796826,3318447141.5499687,330.7337311361743,157079110.93545836,263087887.9286292,2591793421.108919,38423149804.06829
SPS,2030,Copper,Electricity networks,28743405095.043804,30987018750.613487,403089529116.00244,2493322586.501828,263233943929832.47,1542636.7668059475,4162.847457223996,331363.17507239396,486217419907.22473,6562551896.759908,52408314.2358204,20245347.50669184,4919460906.887728,456.2185217191429,221794430.1373836,376741027.59626245,3774413750.1460743,55640701671.90362
SPS,2035,Copper,Electricity networks,25346978589.192085,27356608926.67238,357667372987.4414,2483153249.1570425,262763498652624.62,1546943.8142038872,4171.9798804652,331651.6442041995,450134186848.76825,6572031245.109724,52544792.81833529,20083017.130668983,4922340236.37695,431.1103986020308,218000438.00529996,371111324.33300644,3760626135.33065,54743627708.373375
SPS,2040,Copper,Electricity networks,21865724716.948566,23606887439.063477,309630854050.0591,2434283689.830931,257770738891621.3,1528178.5124373962,4106.29342286077,326195.1030363872,408816476834.2817,6526527700.021296,51738295.40851405,19617182.069005225,4837360335.808331,427.1630925885138,211294450.23767877,360528010.8132803,3685686822.4903307,53194475682.91987
SPS,2045,Copper,Electricity networks,19264955980.386326,20783877305.355297,273143106855.24884,2430072284.974744,256975254438287.53,1534751.2495366344,4110.680248400433,326541.7140549131,375887702538.6937,6616283487.690598,51758998.9405822,19490227.01165399,4834511940.719837,405.18064553113413,208928766.8572211,356639142.73069286,3676580631.5607996,52629787437.40016
SPS,2050,Copper,Electricity networks,16249714759.394512,17502138849.729774,230953607483.063,2266956175.333997,239552708421904.75,1440540.8567962043,3844.8963370752413,305545.22532656,327755846435.594,6284354973.823967,48358357.97989276,18113239.764872603,4518205814.992973,366.77709334319377,193905032.91876778,330395025.1483611,3429371435.7514453,48724452796.68454
SPS,2022,Copper,Hydrogen technologies,12307.416642976816,13238.841252258939,167754.54629942277,887.8060856900825,91019598.09805086,0.5330389437783467,0.0014333888151554692,0.11424867283387609,183159.2652571422,2266.432024594573,17.998381975473354,7.129219400565791,1700.1887911429494,0.00016944967285751912,80.47864930294712,134.79168389971915,1327.8916118185468,19685.89699662349
SPS,2030,Copper,Hydrogen technologies,56164.43536803943,60548.44254229109,787634.441038193,4871.936877283924,514357494.58474624,3.0143026791413,0.00813417812486589,0.6474815898868859,950065.8243133106,12823.185723341116,102.40552112432869,39.559283522019236,9612.596115069691,0.0008914481632245999,433.3849415283835,736.1496324096795,7375.1810692349345,108721.58613604931
SPS,2035,Copper,Hydrogen technologies,54113.33266115726,58403.69786564734,763585.0351317347,5301.290540307805,560974498.9433165,3.302574503370126,0.00890677105095011,0.7080439858853262,960992.684370352,14030.647154836177,112.1780193005953,42.87528720661808,10508.717389931542,0.0009203787477527275,465.4097205530005,792.2865629640586,8028.570835742987,116872.31781244616
SPS,2040,Copper,Hydrogen technologies,37125.77459360894,40082.09164181212,525721.6691189252,4133.165890244217,437668473.0463336,2.594691542401571,0.006972068202897526,0.5538460776230778,694128.7593060433,11081.37962068665,87.84635853872285,33.30797808366957,8213.345396966408,0.0007252794451334888,358.7564662937591,612.1398598675829,6257.921014085934,90318.80440251605
SPS,2045,Copper,Hydrogen technologies,30537.60764087794,32945.30706705304,432969.4308903749,3851.9991456550433,407341158.80880433,2.4327920360894066,0.0065159941549080835,0.5176135752576317,595833.7609929736,10487.72026230514,82.04513953425673,30.89469324090262,7663.367044863646,0.0006422671087079099,331.1808609204157,565.3221435427603,5827.886495092991,83425.459192461
SPS,2050,Copper,Hydrogen technologies,36579.30458597571,39398.6034444188,519893.57834534644,5103.085294014736,539250787.8142433,3.2427635530541403,0.008655144800868956,0.6878048031919546,737802.5469444327,14146.545838966058,108.85822502216428,40.77423660713947,10170.81401956327,0.0008256422473387101,436.49450866751727,743.7435325814455,7719.767647876575,109682.33141473317
SPS,2022,Dysprosium,Wind,394548125.853946,428661053.7081891,4988855254.251396,1881107.1866822504,302325015933.77924,79924.38231498319,15.275705998860662,106.71239239874512,49567405380.150375,168717409.0248454,1166945.270128685,22135075.90754242,17568876102.166428,14.79715622009695,334117.2527751165,910153.9676141824,3191880.529988587,214796956.01478595
SPS,2030,Dysprosium,Wind,592906632.5315789,645089466.2015095,7549700008.221762,2942279.263662119,492276628674.6752,132836.29038446743,25.420475589479054,175.68753420452614,81930230453.76743,280633789.7796003,1941458.7694197642,36795492.081538565,29208125184.310688,24.313679030329684,483545.2919407829,1394032.4137660956,4939675.421015,348992045.0260645
SPS,2035,Dysprosium,Wind,475112966.26157767,517346303.4149142,6046532685.303303,2416888.98320463,413278967122.6397,112871.05292677383,21.63081388746256,148.264973716944,69348163928.08487,238645731.08659002,1649995.387841386,31260792.000852562,24815928043.479908,20.49671455237639,383791.1206332237,1138730.7009535981,4033417.8170558303,292882800.730407
SPS,2040,Dysprosium,Wind,374003869.7076305,407357171.0390967,4760472799.962006,1970808.2102665077,339784599311.1926,93916.87568359537,18.007082892593587,122.6788453277167,57504560037.50734,198916371.07249248,1372910.4560264111,26003541.953059316,20643325240.329098,17.158186758020705,302318.57954283914,917567.6425827552,3266597.907775322,241501781.2582555
SPS,2045,Dysprosium,Wind,385803349.0299631,420076705.3309561,4912241694.239771,2108974.129127981,364174071216.8859,101920.538204973,19.539672076727975,131.96583160801592,62225210747.01982,216352497.08731642,1489771.8802971435,28215649.201240756,22400190428.78662,18.508181756199626,312471.07673738454,969127.1001131862,3474262.463022352,259986219.01393768
SPS,2050,Dysprosium,Wind,483912006.75683045,526628212.282102,6176740829.19802,2715740.8053093785,470603164543.2162,132906.27091095998,25.469559591282597,170.82759798489658,80981349707.0993,282811107.90790415,1942203.486536576,36790124.01639314,29208099869.795914,24.11085231287777,392953.74301470304,1239602.3292566794,4458662.61661364,337060276.5025334
SPS,2022,Dysprosium,Electric vehicles,261388133.37822512,283987948.08166045,3305116605.9412966,1246233.5111769512,200290323056.12708,52949.90328367615,10.120155224245092,70.69695996416745,32838406064.349545,111775283.47896,773101.2414602507,14664487.788746838,11639380417.685251,9.803115995813497,221352.67996350938,602977.0035443789,2114620.8511173576,142302983.35979533
SPS,2030,Dysprosium,Electric vehicles,789056195.1736021,858502522.6892239,10047345123.723656,3915664.884723252,655135062221.1825,176782.1308124116,33.830256987501194,233.80972597143494,109034968348.24677,373475043.54127264,2583745.881107539,48968436.83031819,38870963591.1503,32.35730216818307,643515.1629587847,1855216.0694481009,6573853.755786864,464448059.92190975
SPS,2035,Dysprosium,Electric vehicles,1038521262.5363688,1130836610.1193256,13216757285.574474,5282934.326119853,903361990082.2305,246718.14223816953,47.28151354162176,324.08361511579795,151584039736.6095,521641553.79104245,3606627.0866975645,68331111.71867783,54243665723.358734,44.802553048114746,838906.254835454,2489083.921553441,8816408.85675035,640195148.4991891
SPS,2040,Dysprosium,Electric vehicles,1118032844.5515366,1217737926.1913464,14230775072.226885,5891458.586009455,1015739068153.6714,280751.5113520265,53.82968396615738,366.7314418839183,171901929473.82504,594632981.6103238,4104125.9376959344,77733992.43414542,61710365878.0051,51.292026372381045,903739.5835269988,2742941.569848451,9765042.68175389,721936175.889029
SPS,2045,Dysprosium,Electric vehicles,1127150960.891462,1227282923.4178932,14351451224.347557,6161512.651766065,1063959541398.3533,297767.8469125682,57.086492930048294,385.54723352145805,181795223555.01862,632088667.960984,4352470.787534767,82433955.50950722,65443693605.67069,54.07292317007848,912905.6947817702,2831371.331703236,10150296.215496678,759567581.0406816
SPS,2050,Dysprosium,Electric vehicles,1131553639.8599637,1231438902.404018,14443356375.041927,6350341.281588096,1100432963706.3164,310780.82897224405,59.55663934502928,399.4540073180666,189362404202.3149,661310184.6568248,4541543.49107423,86028034.35412234,68298639545.161865,56.37951179928549,918861.7599817488,2898618.980442308,10425895.29148002,788163503.7014372
SPS,2022,Gallium,Solar PV,3066385.136610798,3386434.6259887097,45834923.60665721,5385.436493535957,583624161.0997627,383.6240524805522,0.029522939907984748,0.18826193891005116,16478283.823743014,36858.445996558235,257.86722012654525,5799.169159436432,45536.58157335903,0.09447154037997459,1604.5948322791903,3997.142498405968,9100.458150788856,772016.3914254368
SPS,2030,Gallium,Solar PV,28182997.10403348,31213950.454392787,432131551.715037,49297.48017157549,5392532345.51832,3937.5240696172987,0.3038557362477208,1.8386106443217893,146012373.21111238,383605.37739301036,2735.3950196459596,59384.28567741241,462273.4863053139,0.9553178791873308,12967.07541841307,35254.39078813994,80154.62200893978,7521288.256436179
SPS,2035,Gallium,Solar PV,134223813.31036878,148891379.0722658,2080958960.6595366,236744.43399053605,25656131574.241676,19979.578195436596,1.5497873762259609,9.067188040307371,662274496.5671403,1984736.6251891388,14086.323006148903,300973.8728879189,2347327.1014079237,4.797573062627448,58524.74862238321,165857.57268013927,377647.6320071374,37123012.20535096
SPS,2040,Gallium,Solar PV,681611979.5750716,757001482.0937725,10704463996.836945,1230691.9344776087,129625184797.36171,108065.62475405558,8.3995605813994,47.79272765772172,3230748519.544996,11242881.098465316,77114.70178503066,1626053.180538491,12677390.8168271,26.115128101716863,284404.8298682503,837899.4661755427,1913954.1831700043,196644810.1553909
SPS,2045,Gallium,Solar PV,671578337.4308194,746358109.7596902,10690409047.72845,1240505.3238518788,126059948350.71118,113032.37336231497,8.78475391587531,48.154592869891786,3066816473.9884562,12359516.878890317,80925.031581447,1699446.977964715,13249031.21434139,27.142844023836826,266891.7470412159,822445.4261127416,1870426.5034626443,201912038.0493176
SPS,2050,Gallium,Solar PV,703062882.3120755,781523024.2064246,11340029932.619343,1316123.102521098,130383495578.24263,123801.24778524917,9.609033933064762,51.106237448228896,3131959394.3021913,14216050.480743505,88129.13006117038,1860534.3226921442,14531854.060284324,29.75604419542474,268193.8491733521,859504.7278111989,1939082.842379072,218300949.1307414
SPS,2022,Graphite (battery-grade),Electric vehicles,6017782020.718851,7438573690.722667,94299871078.76456,11203193.621307753,2268745429743.337,248205.91637098286,254.123607157769,401.39779937798323,25819637288.647263,145240670.52242914,902914.558468234,886257.7906207163,241034099.84330845,55.04720686684686,6004666.956602556,13096828.416044703,25740708.05594321,752963771.097931
SPS,2030,Graphite (battery-grade),Electric vehicles,19868958427.107403,25188828537.84844,342816153127.1375,39421293.540102676,8264332736439.79,995645.1221486394,1033.1463611866798,1492.8728577973561,124970224585.34189,588827551.0756791,3825451.672450722,3320235.274250352,978833719.3206146,221.4566654353464,17789868.119999588,45708305.20977076,87141700.8169246,2509315788.647547
SPS,2035,Graphite (battery-grade),Electric vehicles,23786841726.184055,30728875210.853504,437814971355.4911,50271238.708074406,10616495538099.836,1356001.3515963764,1416.1772226332491,1957.467762406073,185490479913.9169,830688793.2779621,5351580.897449109,4371131.60541715,1344330501.195427,303.35521240847135,21007521.79867637,57844442.546432815,108186373.95520498,3101537660.056535
SPS,2040,Graphite (battery-grade),Electric vehicles,19517659730.93442,25835785507.955208,390827766893.20325,45332339.53215075,9483782041435.645,1295977.356868209,1359.8522973936088,1796.5722234729403,195166067648.99588,842033342.7417581,5257543.4885789715,4035530.9071508064,1293716723.6398704,320.37516038667866,17535983.94407709,51232472.92034472,93897097.73211782,2733988138.438484
SPS,2045,Graphite (battery-grade),Electric vehicles,12241953878.118229,16735180664.593176,272842758225.66876,32109561.964960538,6588683372352.014,970843.9397878952,1023.5188323122308,1278.4578392122417,158492537289.44073,678811214.271924,4020512.189900737,2918402.6044448367,976531917.9351791,243.24422750694882,11401029.703931144,35472735.510105096,63342810.27062099,1905876585.3656726
SPS,2050,Graphite (battery-grade),Electric vehicles,8224694284.161729,11648509420.732628,204681098442.64532,24508456.603482686,4922090788959.837,773938.0434198532,818.3454292864562,977.3679040689841,134560760561.30919,588260867.1858038,3243071.523006656,2238619.2022218257,783501965.0065755,194.74116830862818,7993500.70924696,25996439.227957483,45903576.71709954,1463840305.9874005
SPS,2022,Graphite (battery-grade),Grid battery storage,760325591.3960477,939837621.4142413,11914457020.822433,1415484.1079849987,286648004972.2103,31359.944495002284,32.10762391105142,50.715200076438826,3262220353.5344095,18350647.851570826,114080.07855450077,111975.55452541256,30453810.702849347,6.9550209648066,758668.5491758282,1654738.203636738,3252247.922607594,95134324.00654194
SPS,2030,Graphite (battery-grade),Grid battery storage,2159720451.727913,2737980873.423111,37263506278.27829,4285024.512204517,898318273514.646,108224.85440574543,112.3011724076564,162.27262514251635,13584041200.960196,64004507.79865766,415819.794701304,360903.6705499227,106397484.8109539,24.07194575733946,1933727.0322075428,4968411.501665959,9472147.930809485,272758164.3732183
SPS,2035,Graphite (battery-grade),Grid battery storage,2550898767.79043,3295361814.4550138,46951238159.60617,5391083.118637163,1138512026864.8577,145417.46301282704,151.87071801177578,209.91866682387408,19891982386.566124,89082991.49514736,573903.0542254217,468759.7603104398,144165882.06527907,32.531785700820855,2252844.7486824356,6203232.817276197,11601897.01477946,332608619.7724281
SPS,2040,Graphite (battery-grade),Grid battery storage,2871291072.4813056,3800766142.15992,57495636947.68504,6668952.302055733,1395182572312.8823,190654.42610498122,200.05122618317745,264.2981718832724,28711361680.50284,123873602.32098076,773450.1928021993,593676.9072810214,190321858.77384797,47.13118020010666,2579761.85874378,7536935.480239729,13813433.688610911,402203739.7099619
SPS,2045,Graphite (battery-grade),Grid battery storage,2647347954.6651387,3619017580.40053,59002813204.92514,6943759.4716864135,1424816465034.2134,209947.01857932543,221.33807350200067,276.4691632937591,34274340403.525997,146794335.0872002,869444.112321396,631110.6252063466,211177055.66852748,52.60206945605408,2465496.3552613934,7671052.736680404,13698014.29430371,412149770.39982915
SPS,2050,Graphite (battery-grade),Grid battery storage,2513562036.6180778,3559919682.3065653,62552919401.4486,7490068.80574831,1504248075425.943,236524.4491069736,250.095861660835,298.69497571570565,41123330263.67748,179779348.9094996,991120.2995064126,684148.011675617,239447294.55156004,59.51516138050739,2442906.596678538,7944813.5666848235,14028665.843942365,447366588.18873596
SPS,2022,Hafnium,Other low emissions power generation,228189.37275368208,242239.11468158118,2925506.064260415,819.0587886438008,61263407.62734413,5.46208605497999,0.004593087708819098,0.017514090442084917,58402331.40181377,9099.636066751402,98.6492776134053,18.421816727640447,17973.436398912185,0.008311658023400432,212.5313348954431,436.9402284190643,1229.6941284768955,82581.20305401877
SPS,2030,Hafnium,Other low emissions power generation,314154.56688943895,334157.81351840927,3947443.9198675547,1165.962046169683,91055042.79626082,8.88139925512608,0.007466934153754198,0.026259743824439217,93912911.79547994,15322.746769677258,161.19719684337943,26.712682090152143,29157.390683906444,0.013148686159442367,296.6063088469482,614.3004198063558,1617.0029103178333,127309.47867889106
SPS,2035,Hafnium,Other low emissions power generation,179856.87902446665,191462.03587174168,2193541.19812278,689.323846206636,54602434.96225217,5.609036227532407,0.004730686413325396,0.015955648634327437,58958706.70946683,9644.302545231394,102.22710879411768,16.02050988815727,18432.98464655214,0.008084617009835876,171.43023381340842,362.36129132503163,914.2120806066278,77982.57243536107
SPS,2040,Hafnium,Other low emissions power generation,127426.30393342536,135625.98892122452,1500527.9967752835,517.2718896935627,40269357.94855996,4.356112393596069,0.00367030839180365,0.012034088706286068,45411974.94801406,7615.581042113896,79.44323499186116,11.925544996310178,14279.958869173153,0.006183244328695381,126.19176513312523,266.22102972624117,667.5131571499177,59019.970455438306
SPS,2045,Hafnium,Other low emissions power generation,191502.45181047483,203550.94290216285,2167321.847418333,826.3403444955995,62306917.7151981,7.064654883207572,0.005949964454149161,0.019030968929760552,73198110.1293664,12636.66173133364,128.82508973938295,18.781572125746777,23131.293816070556,0.009762987543545393,197.59963098911786,415.9113850277499,1049.8261481038294,93676.97391899224
SPS,2050,Hafnium,Other low emissions power generation,133680.50851308033,141862.80733057144,1476007.4859456923,596.8517329048124,44232720.283216916,5.187014379842433,0.0043609378488591,0.01368632022168193,53454656.53945925,9583.666682915502,94.1922079594014,13.456283075637247,16956.657965352206,0.007097087510982698,141.01570451850563,296.2622198528195,750.344088172165,67492.34604612901
SPS,2022,Indium,Solar PV,5221215.657873318,5541212.678689234,85238417.13702568,41686.25556537714,5062353610.274296,68.15642615350211,2.557863428639683,7.003799511205049,146039323.34703472,312048.2057764513,1957.5096038629513,1445.8818758706284,1045509.1780729116,0.10567078578619496,4129.423813317914,32877.240195563725,46612.30080101818,6821646.839827854
SPS,2030,Indium,Solar PV,5098458.359712847,5446972.503927756,85053439.70095879,46171.64576311258,6540428514.843959,92.2508722197095,3.410994581419929,9.27921933506844,144270714.789718,419102.32777057413,2667.747915066432,1803.5302012426216,1393237.1227467135,0.12218097748128656,4161.925889127574,40214.38671173631,53607.08411551121,8737735.53429471
SPS,2035,Indium,Solar PV,4725924.2620767765,5072062.282260092,78032913.7654856,46379.213717499384,7224388876.224671,104.76600306971667,3.8380196593804574,10.397257799347384,127156049.28046997,471134.6850393963,3044.9942061546926,1969.3080147810288,1567702.8225918312,0.11931519540589283,4033.4194295824527,43533.737122788734,56337.10451599282,9568236.379211782
SPS,2040,Indium,Solar PV,5772879.092253771,6213616.397223264,92446825.03649825,63602.55860004152,10284582626.638744,153.74654219683845,5.54448610453176,14.97911659078099,138342810.56123483,694866.2108497784,4452.088512839075,2789.5628991398066,2264220.3539511724,0.15230993769664242,5315.620492480328,61368.13262460486,78426.75918601341,13574517.483113658
SPS,2045,Indium,Solar PV,4967006.77782873,5351413.399983652,75721625.99179268,62610.60165843398,10133659824.8977,155.44760411954837,5.544605017900869,14.919757341050142,100007881.87765469,712296.7469355228,4477.580975474603,2747.830004801247,2263809.642812841,0.12899894135742968,4963.666448527441,60354.12141402396,76448.77891947914,13365818.276912464
SPS,2050,Indium,Solar PV,4511348.116580214,4855255.41412352,66055049.73207391,61797.044890135905,10025914312.914215,156.70793160810115,5.544550474647999,14.86822779442422,72588921.54156125,727157.6716762601,4478.718311977225,2722.2455029117045,2263914.5019288473,0.12151217681413698,4706.554336448767,59728.85564439151,74959.6405848409,13180655.525673961
SPS,2022,Indium,Other low emissions power generation,2610607.828936659,2770606.339344617,42619208.56851284,20843.12778268857,2531176805.137148,34.078213076751055,1.2789317143198415,3.5018997556025244,73019661.67351736,156024.10288822564,978.7548019314756,722.9409379353142,522754.5890364558,0.05283539289309748,2064.711906658957,16438.620097781863,23306.15040050909,3410823.419913927
SPS,2030,Indium,Other low emissions power generation,2549229.1798564233,2723486.251963878,42526719.850479394,23085.82288155629,3270214257.4219794,46.12543610985475,1.7054972907099646,4.63960966753422,72135357.394859,209551.16388528707,1333.873957533216,901.7651006213108,696618.5613733567,0.06109048874064328,2080.962944563787,20107.193355868156,26803.542057755603,4368867.767147355
SPS,2035,Indium,Other low emissions power generation,1575308.087358927,1690687.4274200317,26010971.255161874,15459.737905833123,2408129625.4082246,34.922001023239424,1.2793398864601526,3.4657525997824603,42385349.76015778,157044.89501313234,1014.9980687182219,656.4360049270094,522567.60753060994,0.03977173180196413,1344.4731431941536,14511.245707596245,18779.03483866426,3189412.126404265
SPS,2040,Indium,Other low emissions power generation,888135.2449621256,955940.9841882024,14222588.467153639,9785.009015391022,1582243481.021349,23.65331418413082,0.852997862235655,2.3044794755047695,21283509.31711309,106902.49397688924,684.9366942829349,429.1635229445932,348341.59291556606,0.0234322981071758,817.7877680739007,9441.251173016148,12065.655259386707,2088387.3050944502
SPS,2045,Indium,Other low emissions power generation,1146232.3333451,1234941.5538423893,17474221.382722218,14448.600382715638,2338536882.668712,35.87252402758904,1.2795242349002,3.4430209248577364,23078741.971769605,164376.17236973654,1033.2879174172201,634.1146164925976,522417.60987988854,0.029768986467109047,1145.461488121728,13927.874172467093,17642.025904495335,3084419.6023645625
SPS,2050,Indium,Other low emissions power generation,694053.5563969606,746962.3714036217,10162315.343395967,9507.237675405522,1542448355.8329546,24.108912555085816,0.8530077653304581,2.287419660680645,11167526.391009416,111870.4110271167,689.033586458033,418.8070004479539,348294.5387582842,0.018694181048328713,724.0852825305788,9189.054714521759,11532.252397667824,2027793.157795861
SPS,2022,Iridium,Hydrogen technologies,52364065.41686282,56921853.46367392,898380739.4735067,180641318.06876194,12798842188.202251,947.3375514979052,0.5831026908004796,10.160812710542004,948206030.6772249,1019555.3037663468,7084.573839672291,5614.08273185867,1998411.863427511,0.8293012166067284,8090853.315064792,86620.85250068929,131155422.58679532,15886116.817667767
SPS,2030,Iridium,Hydrogen technologies,118031063.72985283,128723302.29124905,2013183750.1225317,446654821.53386986,30269511259.061043,2345.222533064165,1.448789315899145,24.715586922841467,1768799512.7291734,2527420.695848534,17412.79214624745,13402.700802726382,4918139.816000283,2.031923907659816,19999501.13330498,194065.64946161953,324262572.25472516,37105101.35408001
SPS,2035,Iridium,Hydrogen technologies,100150186.8055131,109468178.3005844,1690335446.9268773,400452214.8634047,26386341132.13711,2118.869243046973,1.3088901790270717,21.89716998905721,1233610778.7217906,2303544.8362930785,15471.911021644886,11836.536900671888,4415798.253413462,1.8127755768717713,17927529.22391995,164752.40951475507,290706652.6956598,32091233.830398627
SPS,2040,Iridium,Hydrogen technologies,57043445.83814826,62434013.60618802,952679194.4230206,243181096.70761266,15556628585.95373,1300.1828775411059,0.7966040119949704,13.177207561385499,592567926.189663,1445483.4248553477,9292.363455045474,7090.552857086191,2678825.3015078614,1.1205699676721042,10884506.71593928,94120.77082958049,176527261.4001427,18974797.04378542
SPS,2045,Iridium,Hydrogen technologies,35868134.48296723,39283468.271517694,592124563.14148,163713620.34811434,10173091722.844357,885.2611850391997,0.5361163811343082,8.769981204003324,320422258.93497837,1011227.3726977896,6190.852553527648,4701.056495762342,1801861.4056414107,0.7393433635959973,7326406.119112223,58295.773984505686,118835804.39600515,12482200.347325109
SPS,2050,Iridium,Hydrogen technologies,25862027.840588953,28349553.14674855,423630159.96066433,128004944.53574857,7759334114.034805,698.8155564770102,0.41828596618740127,6.776635698775795,208809618.94090378,823207.7824608476,4795.425489303838,3644.6753492393636,1409299.3434612476,0.5643707743235183,5727848.376363377,42827.596048831685,92913939.90272051,9494749.602574186
SPS,2022,Lanthanum,Other low emissions power generation,57080.23282155957,61901.74730821253,703245.2434550371,227.51074920551923,39047808.54687253,8.817544708445446,0.0016456384121754702,0.01311772064224293,4660741.457577529,16394.24577943036,111.43606506146028,2063.6391747764796,1637788.9142663747,0.0017722100357673248,47.52694587161431,174.56514207718976,422.92070587936166,23551.999058797326
SPS,2030,Lanthanum,Other low emissions power generation,88669.32608137073,96225.42236912063,1100144.8872233836,364.61972183712476,64896454.72707105,14.968604343787753,0.002797964295867182,0.02206189957908984,7867052.203971547,27899.335358656557,189.41512390763262,3503.6882401829657,2781068.4437138266,0.0029762702700583373,70.50927592340649,281.13824474332796,673.9217269285757,38957.752255994885
SPS,2035,Lanthanum,Other low emissions power generation,67361.12608877324,73128.86230034743,835740.009446515,282.82714262051013,51300028.21193081,11.984223907796071,0.0022434151022618204,0.017533158058200403,6270615.348515929,22444.24497190686,151.62732993942205,2803.5544000430446,2225481.621835169,0.0023632334785822365,52.992648801453186,219.4104505564809,521.137378696756,30750.529978952924
SPS,2040,Lanthanum,Other low emissions power generation,50714.48592299732,55056.046972391094,629528.771460471,219.8170340721269,40167967.76475875,9.508246074961747,0.0017796056246475013,0.01381652677707685,4953757.693150116,17978.58333941813,120.19414906603234,2221.6904651476434,1763684.6834874568,0.001885299945312519,39.922120103348064,170.32243018456765,402.97040895406724,24129.805902344597
SPS,2045,Lanthanum,Other low emissions power generation,46566.45592102395,50531.75315770529,578308.9873845067,209.01954759448552,38281621.59538934,9.19208229433956,0.0017178954797179586,0.013209240236560721,4768923.860366205,17633.780243522375,116.00768844931818,2144.4744843395815,1702463.9708349018,0.001806821274270573,36.81989668139261,161.46254780003724,381.2672944265687,23085.512072511367
SPS,2050,Lanthanum,Other low emissions power generation,61320.790632351986,66509.32256862248,762878.4883660548,282.579413757468,52081705.07325738,12.648887015694985,0.002358270512960694,0.017994948229249658,6538123.901744164,24716.04666648062,159.25122353969715,2944.6345613210606,2338068.2350432496,0.002472529932285822,48.54296929011649,210.37841766532128,509.22632424281926,31508.4102097654
SPS,2022,Lead,Solar PV,2405898.662983585,2592253.8194036717,30991585.35854367,46776.872247568346,2698559788.4533067,112.1680062967701,1.0007580031630752,12.792144090562362,23801489.949011788,149373.12593177296,771.3096443145104,592.514586426884,447081.70097555977,0.07775005016983355,4940.488170847484,8007.451868645064,54084.04099690764,1337290.1246625718
SPS,2030,Lead,Solar PV,2936068.518846043,3169807.9503106102,37668517.95132787,64687.02295609884,3759720960.013172,159.17679637768634,1.4192239940046145,18.1292942185421,26950185.347272094,212437.43819069947,1112.4189988351286,807.2893545109911,633428.4507121149,0.1069423232112663,6552.068119514177,10319.568938917195,74711.71700732844,1780191.9330916605
SPS,2035,Lead,Solar PV,2759383.6960305725,2981642.9822195168,34979098.737155214,65465.928284488604,3813126541.1910744,163.41078443039277,1.4543643441965113,18.56659936933458,23376105.042248234,217961.00413818943,1149.0948481899463,813.1762291142857,649310.6518451396,0.10732788801121565,6518.636747293309,10121.985120078672,75679.21928661317,1749753.6120549971
SPS,2040,Lead,Solar PV,2509242.7191948546,2711575.510535123,31360005.838686854,64164.197016208345,3726771931.668284,161.86284655640645,1.4346324478455026,18.306572382013737,19497630.025005024,220579.74001372716,1139.3518023089207,792.3734325481821,640684.5545817979,0.1082439581420056,6284.961968192894,9662.513724433993,74029.25891558791,1678754.932409559
SPS,2045,Lead,Solar PV,2444911.1556534627,2639847.2458488243,30076544.172632,67004.55853989665,3868860864.0124044,170.3343650197764,1.504387390172153,19.18187684628278,17250074.8689191,238884.73197969992,1194.8065322991247,822.641588645794,672034.4626813809,0.11190072253329682,6454.812140813536,9877.402878076784,76980.72415233508,1716808.073227935
SPS,2050,Lead,Solar PV,2537097.7742757592,2736185.784621527,30957554.28047979,73168.38362414428,4211850572.459338,187.39593126332628,1.648834725523466,21.01002816995899,16408488.831662532,271797.37806428235,1305.3586742453028,895.7793953152654,737016.0547207793,0.12220721223590578,6969.91893353637,10642.467040327481,83821.36842957337,1840335.4745489378
SPS,2022,Lead,Other low emissions power generation,12568127.34394405,13541624.429720616,161896341.42522705,244356.79532311793,14096954118.78592,585.9522716995472,5.227840315030989,66.82463330890775,124336141.52468853,780307.3742704568,4029.229485225051,3095.2254514837027,2335501.4230066533,0.406156978499125,25808.520295471895,41829.97244814579,282528.5723719051,6985843.934803916
SPS,2030,Lead,Other low emissions power generation,14010712.932037285,15126101.096219083,179751524.25896853,308681.9341062965,17941124581.115513,759.5805020128213,6.77243730472378,86.51171977970981,128604393.236106,1013736.547155621,5308.385397950107,3852.328147841926,3022676.115678871,0.5103212616397276,31266.00927206772,49244.25879623647,356519.0706314626,8494950.978963833
SPS,2035,Lead,Other low emissions power generation,9071946.397908717,9802661.859351823,114999776.67009924,215230.44915448295,12536306436.79257,537.2409351136489,4.781471816536479,61.040874638908036,76852948.08409272,716584.1231940441,3777.8460762408304,2673.4560957181957,2134719.9512716914,0.3528588098998861,21431.13451164922,33277.759298888785,248808.3921751664,5752614.6149755055
SPS,2040,Lead,Other low emissions power generation,8799774.813843068,9509344.67236276,109977798.25372836,225020.2742582308,13069582121.475607,567.6440104929532,5.03117629279151,64.20013231192324,68377105.29602498,773560.8937981175,3995.6434733748542,2778.809607200222,2246845.1393320076,0.3796055476507833,22041.01245789871,33885.89882527203,259616.49828036054,5887300.283797126
SPS,2045,Lead,Other low emissions power generation,11657854.517023116,12587351.10603411,143411336.45228586,319491.9347597719,18447548490.655186,812.1903497631706,7.173237886913586,91.46325383658024,82252012.62001605,1139053.0266581713,5697.090750035566,3922.5294293044476,3204402.735964187,0.5335663590991073,30777.912194607565,47097.55014712104,367060.40655418043,8186104.720027391
SPS,2050,Lead,Other low emissions power generation,10884226.101122601,11738319.680249454,132808843.13680133,313894.57627276395,18068966202.091408,803.9342066282022,7.073550786233625,90.13365559317745,70392912.81257033,1166018.9632969205,5600.028149330217,3842.920668724089,3161821.1410982055,0.5242726325528289,29901.16279643999,45656.50512768888,359596.20293049584,7895094.785074363
SPS,2022,Lithium,Electric vehicles,558569919.0275455,599006941.0991998,8012287682.392537,1077221.8799496456,98495018067.35902,14111.232664466032,2.8351997035474517,29.86051761491959,1489899098.142686,8191369.8663243065,39396.64003720586,53045.85452997233,25864992.89477022,12.17219731654153,262987.83237689035,877196.0091579974,1737666.8389952937,446112920.63469887
SPS,2030,Lithium,Electric vehicles,2148013385.425755,2300252809.9275126,31538428847.73678,4166382.1865268005,376405855270.6505,58604.473719240705,11.898176821043862,120.02440967668365,6054772381.90538,33908177.41818341,171123.58792841953,209682.96732937422,107488907.74288832,50.12733058439646,900190.625991042,3312638.864605429,6520056.385435244,1818812795.447031
SPS,2035,Lithium,Electric vehicles,3338181637.689533,3571190772.8479266,49576554010.48478,6561383.14935256,582180533954.1666,95222.7484714448,19.554631729953464,190.97487446590793,9599353935.750835,55067467.97448105,283055.7511011628,333054.4998261549,174820129.81111383,80.88885475291806,1330892.466192998,5146824.877124167,10094452.278532859,2917621687.9364667
SPS,2040,Lithium,Electric vehicles,4249894325.655097,4540569358.630677,63947021119.20997,8552391.558406673,736119686988.3193,127041.84489528592,26.212750573030846,249.2739953422281,12827862021.548336,76844758.56517076,381630.1606584951,434687.06246292684,232975265.95806748,108.79409066957562,1634384.8727749067,6584123.024672566,12880214.909583438,3853860764.003075
SPS,2045,Lithium,Electric vehicles,3992690015.648705,4258793516.152914,60929796882.47267,8211900.870481994,682955040661.018,124785.67830817224,25.775616432770228,236.65409003424236,12682676232.056005,79921270.42675816,375089.018041651,418388.4281585836,228764286.28604665,106.30044548249518,1473504.4497916256,6228465.715182744,12069168.651301296,3754045030.3146763
SPS,2050,Lithium,Electric vehicles,3377921440.430634,3597579263.2365837,52212810937.17608,7060068.666409447,572990210472.4791,109343.4165223192,22.547988998103342,201.56084363183788,11244668655.108444,74784930.04671016,325787.8642159543,360744.39755835285,200419776.73421258,92.88192016815894,1201910.5414337814,5301977.685946368,10176908.751557507,3265836358.389556
SPS,2022,Lithium,Grid battery storage,62155715.89905441,66655406.93158493,891579478.0988292,119869.50039658957,10960182694.988766,1570.2488419086346,0.3154911521149921,3.3227744392373926,165790784.47983292,911507.1200427816,4383.9209418814435,5902.758010183743,2878166.3590070982,1.3544797392443975,29264.37038103375,97611.31789540584,193361.5160655885,49641892.64280899
SPS,2030,Lithium,Grid battery storage,215655128.71091723,230939583.13218015,3166378747.2863817,418294.26799229113,37790198942.28708,5883.741418330768,1.1945469572848153,12.050148147538922,607883882.9378624,3404295.529574441,17180.376821936174,21051.641304805187,10791615.355643498,5.0326576186442376,90376.8694504577,332580.5907758218,654597.2239017384,182604219.39851317
SPS,2035,Lithium,Grid battery storage,260352829.12525764,278525773.00152475,3866594899.804343,511738.0811821512,45405662581.479195,7426.651588312771,1.5251128446442777,14.89459060515757,748676742.6704214,4294844.5099721365,22076.200038763913,25975.72292161224,13634643.145383418,6.308716680318316,103799.51016525985,401413.2732151107,787290.6553416136,227552345.3233114
SPS,2040,Lithium,Grid battery storage,312263811.02682996,333621352.32365084,4698549890.512786,628392.6556244642,54086883394.54576,9334.484014674026,1.9259992753274862,18.31557253213569,942535690.356855,5646219.724133372,28040.529772849826,31938.920906652882,17118012.554780673,7.9937181413195395,120087.51511218405,483772.8165480519,946382.3536109072,283164981.7902031
SPS,2045,Lithium,Grid battery storage,300043563.47294813,320040768.92365366,4578766021.5664835,617109.765699076,51322858345.77867,9377.422099694288,1.9369917962298082,17.784134557409324,953080593.8165139,6005941.528679771,28187.27353029945,31441.147298821976,17191229.818390746,7.98828968347521,110731.24238944767,468058.13645136746,906976.5887407772,282109816.6696903
SPS,2050,Lithium,Grid battery storage,268446818.06296575,285903246.4124002,4149404657.6824,561070.7656250403,45536108963.78817,8689.631407712062,1.7919113890013683,16.018243192818478,893625140.1546504,5943233.69093549,25890.689601457707,28668.72050352813,15927561.457536522,7.381419717547344,95517.04091824617,421353.5052051702,808769.1855037544,259539303.7359271
SPS,2022,Magnesium,Other low emissions power generation,179685100.0745121,200342744.82081068,1910774697.4154017,204055.75978657498,58355147916.02583,1311.6879398762012,13.566741371108453,5.905910819193808,694754401.1326908,1774958.8926063098,9220.099898771894,14325.908412482231,2154476.5169151654,1.9397079583716013,620311.9174834157,324496.4978609291,538055.935328298,14405603.269910734
SPS,2030,Magnesium,Other low emissions power generation,156193695.338701,174693107.45011166,1660854002.3652234,162903.7873700848,52877971282.77184,1222.6717545582508,13.033869268932648,5.145071764735691,642172445.3297012,1689983.5217176524,9191.425448521253,12670.782447889012,2051584.0194178077,1.8124311732435239,566511.7459747433,280995.8204550686,441704.13680187997,11929452.017743617
SPS,2035,Magnesium,Other low emissions power generation,194213593.0339028,217625282.2761836,2055131337.4349585,193259.1556114502,67371520366.7837,1592.128598372532,17.182426458211992,6.441658893350236,810012267.5612426,2261209.0776925413,12363.738830236973,16065.911503234951,2706216.0894366982,2.3530254379223394,731131.3243228605,352192.7695382372,536526.6740160919,14508478.814084753
SPS,2040,Magnesium,Other low emissions power generation,218641719.60579914,245408232.05820552,2303974410.1102176,211776.79427775193,77677924442.51273,1883.8567130316815,20.52168423234753,7.3314090757202885,926434768.3999892,2807192.605765577,15077.336314302263,18535.20545490542,3230653.47638541,2.8691008414701855,858150.8592625762,402102.2516539919,594847.4258454995,16210849.03634274
SPS,2045,Magnesium,Other low emissions power generation,219646374.34058282,246857129.4426739,2306198625.529741,208322.8828145024,79714405116.1243,1979.3354146854876,21.822491122231327,7.359414462240813,938268114.2458253,3119449.5917681535,16216.855481850263,19077.218440979308,3436117.8398596,3.027824203277688,899875.8831219773,410284.1941292378,588283.1617226498,16189340.279433925
SPS,2050,Magnesium,Other low emissions power generation,246174065.5552106,276903872.1566809,2581792720.391611,226824.13228470265,90861327287.90352,2295.383546793024,25.568558595599598,8.236616968992092,1058709683.523885,3832376.0483035375,19047.05806754346,21817.763797267013,4033144.217571666,3.5502048006254836,1044907.0785290322,466461.0924286717,651048.7719326915,18126050.782299116
SPS,2022,Manganese,Wind,74822793.02098039,79959733.47429115,1083159815.3043752,2230321.263527025,34480299038.29046,662.262337475668,1.7907281005350182,12.876975958973647,817169176.233891,3297054.138566648,22778.10068267455,7929.351444115908,52263883.28559896,1.475944289472563,239227.72913027776,212218.5711475328,2931722.1837880067,30273348.26985826
SPS,2030,Manganese,Wind,84636579.34827718,90482688.0883269,1260798408.6501136,3024161.6466551307,44720650635.9618,913.9930961360208,2.4780047077955443,17.343095739215315,966209845.7475454,4618090.544967679,31849.409804913164,9440.763670045719,72046066.07450067,1.9344238655404626,308996.6149540992,247433.52995668622,3950297.057277756,39856448.34707537
SPS,2035,Manganese,Wind,66656584.99566644,71241047.9179147,1005114300.7852004,2673930.074354871,38429166364.50642,826.0863295344782,2.2212286231404086,15.236407589149024,780252730.2410308,4229854.075524374,28570.151212743724,7874.4414064447155,64217469.71725824,1.6648302067135494,265471.70333208045,203694.45014695622,3481618.2297272254,34797702.59211445
SPS,2040,Manganese,Wind,51560638.82404702,55036708.79261028,788424688.2965242,2341580.278425235,32646159148.263493,745.0436366166007,1.9621273745933283,13.268763365037643,618866998.844092,3904590.9200387495,25292.710082289726,6572.840603552776,56544703.14761545,1.5674718675600041,225788.29952555808,167737.00343634206,3037645.284805105,30184977.24459641
SPS,2045,Manganese,Wind,50423503.75127987,53689680.05628786,781422846.3308873,2597943.764788869,35047520113.781456,845.3797674891478,2.189628158379084,14.453000590729078,614029678.1993191,4582014.465172591,28226.646809352875,6998.015635490763,63035480.631563805,1.7117293185278493,243609.93388257414,176815.8507404299,3357039.6124519124,33130430.657969162
SPS,2050,Manganese,Wind,56728177.13188559,60222695.94312855,891563917.3061707,3241305.464674425,42878853979.639084,1076.2390932753774,2.744654472254644,17.795050516121552,689783961.7694331,6038002.385341462,35359.38455855753,8511.975141184203,79011059.53339545,2.1274939856493993,299119.3890111157,213389.98405373425,4180178.2733621458,40989973.6684004
SPS,2022,Manganese,Other low emissions power generation,16042018.737562789,17143379.58869607,232229636.87035358,478181.23402921844,7392581604.029729,141.9891506054039,0.3839323898883046,2.760825695975838,175201201.50055173,706888.9322911843,4883.628413271035,1700.0542121912554,11205384.898292666,0.31644269067416536,51290.463217223325,45499.69544511585,628561.7030156596,6490610.689414082
SPS,2030,Manganese,Other low emissions power generation,18780987.216359526,20078247.74316456,279773107.2970903,671066.1236947891,9923581202.935003,202.8164747033922,0.5498730584051504,3.848459636228596,214403451.80579138,1024761.3993487128,7067.433053186684,2094.919988084435,15987132.94362049,0.4292516329167528,68566.82441608429,54905.88110718393,876576.9966702514,8844207.228833482
SPS,2035,Manganese,Other low emissions power generation,16815119.665905364,17971618.94720702,253555102.57110688,674538.8198549856,9694331492.112467,208.39262147008483,0.5603381137192731,3.843611503750251,196830411.1214963,1067043.900522116,7207.247589214682,1986.445518625599,16199816.387346487,0.4199782984850227,66969.20431388545,51384.96901280709,878290.2269545766,8778240.487764245
SPS,2040,Manganese,Other low emissions power generation,17301938.216270115,18468385.126223143,264567615.06854016,785752.0432205163,10954903613.768747,250.01045881443883,0.6584209851145832,4.452530635464509,207670013.8380592,1310243.4802807844,8487.344554810199,2205.6142945813053,18974415.031124465,0.5259884676916814,75766.61766506155,56286.64299411969,1019326.9951521712,10129017.468689779
SPS,2045,Manganese,Other low emissions power generation,15415247.236384999,16413767.99582434,238893085.09316927,794231.7066657384,10714570535.221937,258.44570795324654,0.6694032922356585,4.418506466997567,187718397.0913576,1400792.8955062947,8629.323764698674,2139.4019288562267,19270924.198226724,0.523302204009226,74475.33552136317,54055.348234428995,1026299.0819429291,10128486.551820971
SPS,2050,Manganese,Other low emissions power generation,14717029.03419558,15623614.39275628,231299024.9330771,840894.0502602078,11124089841.707253,279.20942967454937,0.7120475502517529,4.6165818884304555,178951115.75825965,1566443.007802297,9173.308847378914,2208.267418851154,20497892.15810952,0.5519371913552925,77600.74367510468,55359.90665845202,1084466.45260887,10634056.355915554
SPS,2022,Manganese,Electric vehicles,42466672.66214209,45382211.62971975,614761778.5989288,1265848.5363284869,19569752924.637146,375.87580958360513,1.0163515822110059,7.308499199898632,463795248.955573,1871286.9862076622,12928.014399104613,4500.409014482313,29663063.0043386,0.837691837980577,135776.88368081165,120447.47636222093,1663937.969815636,17182041.988228794
SPS,2030,Manganese,Electric vehicles,198784481.03610694,212515136.2790294,2961215579.4167743,7102796.546465977,105034624469.94167,2146.6798952063673,5.820047119545988,40.73343124954167,2269320478.6614776,10846429.988404747,74804.16207894498,22173.359570831562,169213358.63987947,4.5433481264995255,725735.0452787942,581142.8843428685,9277994.887270935,93610156.0533694
SPS,2035,Manganese,Electric vehicles,391650678.1186603,418587371.80653995,5905698551.986704,15711073.811102819,225796282050.33658,4853.793082375345,13.051159110027548,89.52377870499181,4584490953.48369,24853136.67254025,167868.17232162494,46267.451547963734,377319293.56212634,9.781957468330862,1559818.4731198656,1196837.0346943147,20456765.68506483,204459076.59474075
SPS,2040,Manganese,Electric vehicles,562821509.9849063,600765317.3763602,8606223345.888298,25560035.292648938,356356340923.8427,8132.687921035471,21.41803354143675,144.83810912870166,6755379039.384778,42621422.22459514,276088.1479514499,71747.28936167427,617226161.9137797,17.110084426408132,2464641.916279584,1830970.2072650813,33158086.187155325,329490767.74710053
SPS,2045,Manganese,Electric vehicles,613789494.4891976,653547634.1268573,9512015194.294601,31623954.53450904,426622468756.7824,10290.542733762119,26.65365673674942,175.931842622311,7474390665.955186,55775424.81365332,343594.11757057946,85184.6492168119,767311132.9703867,20.83634406493823,2965387.3104075305,2152323.8880616482,40864190.17747787,403286340.1573227
SPS,2050,Manganese,Electric vehicles,692399112.5789467,735051668.0835907,10882035989.187765,39561945.06515148,523360381823.66583,13136.099744121158,33.500042077974285,217.19853886746097,8419198838.171205,73697194.31739117,431581.05420457985,103893.41473722995,964374148.2765756,25.967253350234945,3650919.3486853573,2604544.0389973787,51021412.51901549,500305541.7531636
SPS,2022,Manganese,Grid battery storage,1981655.4440430477,2117705.5111953644,28687108.006843843,59069.276825766145,913198632.9660434,17.539785852100458,0.047426806003232805,0.34104219425164656,21642439.17403612,87321.32307815873,603.2700117212391,210.00609336458925,1384190.627723514,0.03908986711465228,6335.862544774839,5620.534463657712,77645.63432290255,801779.0166099033
SPS,2030,Manganese,Grid battery storage,2353901.2374024317,2516492.432641614,35065156.89893525,84107.5796893177,1243764760.81645,25.419853880421122,0.06891793587222408,0.4823438616645689,26872099.144468274,128437.7172605709,885.7915304187984,262.56525790697486,2003735.5643224788,0.05379993810972942,8593.772573210943,6881.588278080044,109865.133998029,1108482.2166146347
SPS,2035,Manganese,Grid battery storage,1642898.390234694,1755892.579114036,24773256.338728216,65904.89769380401,947171469.4416668,20.3607175656431,0.05474707306919256,0.37553483279709027,19231047.533747744,104254.07260300627,704.1743203500623,194.08295686744972,1582781.0205141427,0.04103340827919109,6543.13499687228,5020.49848890296,85812.1517236818,857666.0441900414
SPS,2040,Manganese,Grid battery storage,0.0,0.0,0.0,0.0,0.0,0.0,0.0,0.0,0.0,0.0,0.0,0.0,0.0,0.0,0.0,0.0,0.0,0.0
SPS,2045,Manganese,Grid battery storage,0.0,0.0,0.0,0.0,0.0,0.0,0.0,0.0,0.0,0.0,0.0,0.0,0.0,0.0,0.0,0.0,0.0,0.0
SPS,2050,Manganese,Grid battery storage,0.0,0.0,0.0,0.0,0.0,0.0,0.0,0.0,0.0,0.0,0.0,0.0,0.0,0.0,0.0,0.0,0.0,0.0
SPS,2022,Molybdenum,Solar PV,1436665.3133211685,1552267.6804764674,18648617.8957619,15304.567310694401,18942569663.109474,39.70123115348232,0.04217948256324945,0.2886223412160663,15702221.81606485,559742.4282839166,4516.397166918621,1606.8627886838813,186551.57099495854,0.018382218584840446,3304.989148885055,24769.668364835827,28224.337731156196,2956609.0250847125
SPS,2030,Molybdenum,Solar PV,1802756.2647714992,1952191.9587220326,23723382.513063297,23037.40768619087,29799071170.722397,62.20835239588406,0.06665336830175249,0.4442123155953801,21413286.400766954,880697.7810511723,7136.768531447083,2507.358459950161,293151.18192666944,0.026732077538827524,4667.381454886925,38239.63064688275,42536.46212984337,4569465.977889186
SPS,2035,Molybdenum,Solar PV,1620072.7644189843,1757089.5775339985,21254202.261648748,23422.68660486744,30976385639.43788,64.70672022252029,0.06962538560257295,0.4532371630457251,19839360.85599871,915170.443789362,7437.409431583852,2597.707642475602,305021.48973891954,0.026326734875740877,4598.761648027567,39416.79918613875,43302.59319329873,4697497.897327308
SPS,2040,Molybdenum,Solar PV,1351764.616576873,1467577.953412513,17640271.104545392,22507.674311617124,30230541480.881016,63.28187432417374,0.068142645428376,0.4349871544994807,17148989.46957854,895024.8218733767,7273.8427106144645,2528.5020539086495,297806.7375476019,0.025782910001696368,4280.613038949971,38204.203847462326,41537.912173230645,4550709.291109143
SPS,2045,Molybdenum,Solar PV,1116747.7038727175,1211785.5931346274,14460159.715640955,21377.04986637948,29117691607.783676,60.93728374175008,0.06567623096455447,0.4073062047316595,14519983.383254066,864181.2907307827,7016.461127645365,2430.1939804309263,286996.57366293116,0.023765410087363378,3950.7917810437248,36592.65201169623,39347.14358130273,4354396.569279755
SPS,2050,Molybdenum,Solar PV,1044039.5105839691,1131121.648695334,13506953.987711776,22216.367626820327,30665841743.6442,64.0926925402996,0.0691129899233931,0.4180674940802401,13664791.446265312,912149.4358831168,7393.795257053413,2555.639017213384,302494.5143596471,0.024567713730979053,4044.8464326478447,38399.47085106184,40902.70054485287,4557449.435653652
SPS,2022,Molybdenum,Wind,73437104.01789229,79346276.44850726,953249500.4247682,782313.8006625233,968275245331.9371,2029.3824976652172,2.1560616934904484,14.75332403256373,802640452.2516571,28611996.508837733,230861.7918576915,82136.97975506056,9535837.607290676,0.9396321368502505,168939.02125582902,1266135.3311246121,1442725.4605371542,151131096.78518653
SPS,2030,Molybdenum,Wind,81478285.32919209,88232256.64966378,1072214013.1449999,1041210.3473889752,1346813915357.9778,2811.6002065388607,3.012499397044271,20.07684483149419,967805739.0739633,39804463.03004206,322557.0056789405,113323.84305888275,13249409.314152945,1.2081965175845604,210949.33649816446,1728297.7170097665,1922499.4892745789,206523899.00068438
SPS,2035,Molybdenum,Wind,62745238.80242158,68051884.80478896,823172900.4717857,907158.0590046897,1199711986319.0115,2506.0841103267203,2.6965834759347214,17.553825145400285,768376249.4726225,35444449.96646521,288050.04386545107,100608.92939241682,11813448.52766702,1.0196315270189888,178109.52948424622,1526608.2685170965,1677104.640205508,181933573.48816478
SPS,2040,Molybdenum,Wind,47186506.660846,51229242.15117753,615774935.7884779,785683.032978602,1055267780688.6892,2209.001883678637,2.378678471800992,15.184244365819985,598625600.8699329,31242935.494124047,253910.49839987917,88263.28011962601,10395640.95154401,0.9000127977989963,149424.81346080595,1333607.1215458408,1449978.010523196,158853155.08572772
SPS,2045,Molybdenum,Wind,45035898.80643406,48868561.053003855,583145402.8695323,862087.8746593669,1174250377392.8154,2457.462267095194,2.6485732466254346,16.425734260223162,585557955.5271432,34850468.93295509,282957.9431666596,98004.20435443897,11573920.057730611,0.958405018498513,159326.46043448313,1475698.5551372448,1586780.944795878,175602924.97323176
SPS,2050,Molybdenum,Wind,50184030.08286434,54369822.473246805,649241123.8996706,1067878.0352792658,1474020388096.836,3080.754682105015,3.3220661960315097,20.095323488146192,656827924.6748861,43844446.753574304,355398.8520980106,122842.34841748796,14540056.822212756,1.1809006004505052,194424.34218129364,1845754.0934230688,1966077.2737089042,219063720.5406565
SPS,2022,Molybdenum,Other low emissions power generation,85257134.74774088,92117414.94127673,1106679275.9982767,908230.7099399206,1124123481830.8423,2356.020697874964,2.5030894775149592,17.127937598341475,931829027.1214203,33217225.466319297,268020.0310148478,95357.29444128824,11070673.369953144,1.0908701367802902,196130.5132055651,1469925.4821958428,1674938.5836762337,175456323.55059183
SPS,2030,Molybdenum,Other low emissions power generation,135328352.15876615,146546111.65915582,1780854309.51581,1729359.914651063,2236940886685.428,4669.823638812254,5.003499737803331,33.34589475731034,1607441238.4786875,66111754.422134236,535739.1589603998,188221.05643849005,22006117.609337077,2.0067094336618116,350368.5182124678,2870552.3335171626,3193104.602759542,343018251.0621777
SPS,2035,Molybdenum,Other low emissions power generation,87603092.32601358,95012078.38710287,1149290256.5464315,1266547.9120657686,1675003265715.092,3498.922338713535,3.764892057403329,24.508144270985756,1072784753.2084484,49486518.53305532,402167.1615071376,140467.28482679895,16493596.037088988,1.423580123445342,248671.3869188283,2131406.4245365122,2341525.117131894,254010406.8401332
SPS,2040,Molybdenum,Other low emissions power generation,85464657.14061128,92786898.75249267,1115297518.0214481,1423036.7066021715,1911311208441.8823,4000.965571969602,4.308285449088168,27.501850221535342,1084236476.7891006,56587506.87486621,459885.14992472884,159863.30642672564,18828685.413532108,1.630111882172426,270639.6670242212,2415442.1140433108,2626214.1934235888,287716370.5439643
SPS,2045,Molybdenum,Other low emissions power generation,73461018.64414792,79712726.28658009,951206847.1547351,1406208.2718819422,1915397075504.2976,4008.5284451918105,4.320262142141276,26.79309623463509,955142120.5801008,56846893.60913468,461551.3243738374,159861.10800696994,18878982.75997897,1.5633175044445298,259887.8759095961,2407109.0384587096,2588302.8352744984,286437488.4770944
SPS,2050,Molybdenum,Other low emissions power generation,59654593.91487382,64630315.1721724,771763757.018291,1269404.4388226336,1752192630383.9143,3662.1444951482727,3.948995518202798,23.887646334778744,780782313.6908257,52118625.43099758,422468.545565414,146024.74927370888,17284008.155503787,1.4037562479016255,231115.45965599135,2194078.6885400782,2337108.860621624,260404699.83688655
SPS,2022,Neodymium,Wind,332161945.28160304,360519975.72411346,4255251517.4571404,1547670.1360548155,252120082008.27515,63626.71039331057,12.083533495098154,89.39260103586176,38020915433.54964,129566717.30023271,896208.6665479816,16953072.37976891,13461971010.774143,12.07273632649419,282408.87046126055,885697.137338362,2683598.8004087396,170274860.72353545
SPS,2030,Neodymium,Wind,521863471.23842967,567098113.8380771,6743567847.543097,2527534.394574092,428067053486.5464,110244.83126933403,20.964785830012623,153.48330013916618,65506343787.619865,224780300.13850847,1554428.599455786,29378002.447507694,23330897144.402317,20.683601560244117,427803.37489372015,1433637.9239874666,4343575.913569139,288227285.2351212
SPS,2035,Neodymium,Wind,417213336.897955,453684296.333431,5394624650.537365,2070716.3385748477,358093459717.578,93337.98882390725,17.774974773693465,129.06956002772563,55234595641.98924,190677294.87926468,1316121.5358670913,24865405.85554056,19748201242.0502,17.371081849847016,339163.73966393434,1174606.6058517145,3540711.942788621,240920820.84759414
SPS,2040,Neodymium,Wind,323099800.0924416,351406528.5739789,4182728956.440358,1660847.2293193869,289526144706.44775,76382.4577243424,14.549875868796489,105.01883170148093,45030567681.766335,156664602.08262372,1076695.3139218232,20336210.228511445,16151749474.471195,14.299457968640993,263199.8629471228,935675.7323565542,2822327.27567519,195283281.95552024
SPS,2045,Neodymium,Wind,333753508.4888768,362866513.0383864,4325965508.358879,1780474.742744305,310953197788.38324,83085.77366769666,15.818297684527765,113.19288542397521,48817477620.00237,171405033.20261338,1170471.6107925796,22107303.458286945,17559032849.14638,15.446605329150644,272954.5944511451,994610.7735803161,3008516.0063397,210586517.4830423
SPS,2050,Neodymium,Wind,423115451.8186226,459787850.75784135,5500531852.554003,2319421.683851018,406925743110.7305,109770.35016642838,20.87699971590199,148.37528288151398,64328534678.36042,228079875.26548135,1544922.628016378,29185067.135012582,23182041725.36197,20.35652782829553,346987.09443290764,1268746.2053251285,3893395.874826575,276412354.8442675
SPS,2022,Neodymium,Electric vehicles,230706488.49405235,250402849.61227873,2955528618.485297,1074950.1786955427,175112590786.54956,44192.58478518328,8.39274221762803,62.0885485989347,26407817071.179005,89991893.40818758,622470.9282754627,11774930.432220742,9350150142.790731,8.385242933344458,196149.97969876564,615170.0377697811,1863921.0919970446,118266152.26207112
SPS,2030,Neodymium,Electric vehicles,726299653.778291,789254635.4345915,9385311030.254562,3517677.4326348193,595759178168.5088,153432.43433334766,29.177586723479074,213.60925586013516,91167972918.90294,312836332.0378656,2163364.5883063427,40886619.16820378,32470604769.679867,28.786250580910846,595392.2054232721,1995255.0527526839,6045139.880548661,401138207.6215179
SPS,2035,Neodymium,Electric vehicles,965212275.33386,1049586897.6842829,12480324747.60235,4790548.748003424,828439966962.7906,215935.02556186268,41.121944885273194,298.59909234198784,127783809916.38785,441126995.1562821,3044813.1684747376,57525473.99700306,45686953337.38187,40.1875490413733,784646.5487076135,2717422.0342184682,8191345.597939653,557364094.337419
SPS,2040,Neodymium,Electric vehicles,1040108178.7201194,1131231911.3811524,13464850785.17033,5346523.849056863,932029394559.5836,245886.93328532646,46.83829852623831,338.0718457302982,144960355050.7138,504327560.38675624,3466048.57594854,65465402.87798,51994977168.75516,46.032164613511924,847281.0258966202,3012084.7539229267,9085507.578818556,628647057.8784823
SPS,2045,Neodymium,Electric vehicles,1045902670.6586959,1137135776.6329083,13556528285.966316,5579576.666948162,974452018464.9089,260370.6938280292,49.570714232875936,354.7190910457355,152982152753.25937,537141864.9728754,3667974.575610961,69278935.32197921,55025756685.69491,48.405920403709736,855373.5977116427,3116869.299931966,9427960.592824731,659927148.1442434
SPS,2050,Neodymium,Electric vehicles,1049059165.5335429,1139983559.9604847,13637845960.07767,5750701.29375514,1008918910115.4664,272161.15944468364,51.76177756371904,367.8770174344943,159494148983.72598,565494081.0896415,3830432.6537700305,72360539.05169398,57476826344.306786,50.47133590825793,860308.9066402939,3145689.5032110102,9653163.480515365,685328113.3310279
SPS,2022,Nickel,Solar PV,3381472.1932177995,3610046.585316516,43030620.27473529,14413.727075811828,1314404981.121236,59.597976081394236,0.025440456041836756,0.9614880295032732,21242333.70748707,89311.74442385278,533.0062772581066,357.4763336535434,679594.6548877215,0.05172734191940347,4595.245819446987,7904.221255909064,18216.11054178854,763751.2029262298
SPS,2030,Nickel,Solar PV,4384255.008311603,4682043.407424366,55830700.77154914,19096.63041047512,1803591368.7310154,84.87123200122122,0.0363058637803966,1.3555811646291354,27480497.17116086,131193.78661046716,764.4429688678207,481.0843956574248,964465.0673507788,0.07131723070130595,5881.702521366866,10401.19835613491,23468.573921534124,1047925.5464154049
SPS,2035,Nickel,Solar PV,4258640.336591187,4548069.748565084,54129639.09805764,18894.65857967059,1810552811.6385355,87.09959999956777,0.03755435762698738,1.3834678909268654,26900365.002025384,132878.40674310847,786.9358199156563,480.8550927274345,989553.5695079786,0.07186202077707447,5652.524518424135,10265.97292253397,22781.78625110948,1061152.878362372
SPS,2040,Nickel,Solar PV,3978924.342856588,4248109.956008172,50421345.461133495,18132.918022542228,1747561806.1468642,86.2914659681768,0.03717238665337209,1.3577110353828181,25012441.064013742,135224.17389127443,777.1136279531494,463.36993039323806,975247.0383246125,0.07246376792592707,5220.210890494742,9773.089694100428,21406.697987687137,1035181.7894847265
SPS,2045,Nickel,Solar PV,3951376.2829378988,4216246.1495545665,49823220.78836551,18463.04927246862,1785835824.9418678,90.50328310754736,0.038819018276455584,1.4062295242855885,24220025.702334646,148324.70788172874,809.0336972671787,473.48754984013925,1017251.7473036397,0.07458121927167122,5136.460426438896,9881.854186330327,21341.009824830053,1066871.9432369354
SPS,2050,Nickel,Solar PV,4161373.9157923427,4437228.3387714,52164277.701808244,19677.24174229517,1925991665.526928,99.66885221271815,0.04237426323253436,1.527510096594363,24346209.687480804,175905.06831081296,880.5308927114536,510.4508569698875,1111003.559964412,0.08062567419472948,5411.4823337293965,10577.272724505718,22529.53770545176,1150569.5104060327
SPS,2022,Nickel,Wind,355826848.5228377,379879362.02764744,4528042558.815676,1516733.1824112588,138312709787.51654,6271.398608545698,2.6770580330386595,101.17582989940861,2235296411.298565,9398130.381836923,56087.38828609577,37616.656283781595,71512646.12102282,5.443184508381108,483550.28363122453,831748.4157221329,1916851.8432382012,80368303.52685067
SPS,2030,Nickel,Wind,427461668.72060144,456495820.6504179,5443452644.155761,1861907.5502512276,175848844263.44543,8274.883278649953,3.539795264301211,132.1681758063878,2679328450.5090475,12791298.600096548,74532.63245282845,46905.378034193935,94034641.30870798,6.953378028038625,573461.7101275489,1014109.26088435,2288168.856960453,102171977.20335571
SPS,2035,Nickel,Wind,362616460.73740137,387260915.4713482,4609052796.048495,1608850.1680059684,154165696241.92285,7416.392601204772,3.197693905014147,117.80009357477138,2290523354.547464,11314385.285746105,67006.33518954727,40944.04741207801,84258914.75312237,6.118936931987735,481303.4849388141,874131.2890900332,1939832.9153726664,90355482.18217504
SPS,2040,Nickel,Wind,305640541.86022806,326317998.77451587,3873108915.913365,1392877.6755624819,134238726685.99516,6628.467430846467,2.8553919149965,104.29239180911749,1921327318.9717743,10387226.853141857,59693.87951823689,35593.699302523026,74913470.96766412,5.566294652944703,400989.8021961445,750718.5792854228,1644352.6462475918,79517350.87134767
SPS,2045,Nickel,Wind,322989688.7393458,344640432.59392554,4072602916.5870523,1509189.2319756416,145976114633.32483,7397.834361414229,3.1731077306959015,114.94669295513822,1979770591.9922273,12124218.955794869,66131.27258679611,38703.374569812135,83151236.8614176,6.096347974403452,419859.7236920076,807753.2432414469,1744436.7802856173,87207244.31136787
SPS,2050,Nickel,Wind,381937700.3694462,407256070.2351111,4787722677.660005,1806009.412455044,176770663378.8544,9147.770179489231,3.8891791464510037,140.19737360546117,2234534922.5793447,16144854.712285563,80816.56469037475,46850.01405973629,101969722.83234012,7.399956172121131,496674.6944538745,970799.3807638808,2067797.7984510355,105601150.4384897
SPS,2022,Nickel,Other low emissions power generation,1821455429.3124502,1986416718.5701509,30333581872.482506,633264750.0658021,2476273352717.6704,456058.0990553529,36.84516349253472,505.72091420275893,68694983847.413025,61335260.84657258,504648.7068190344,495470.38366458373,805785048.3797529,34.92206182078101,30613972.279626954,6034797.555631058,473633085.5654396,7384041462.522881
SPS,2030,Nickel,Other low emissions power generation,4626198695.526592,5050703454.619703,77721569087.23233,1685033298.0812216,6563394866436.243,1212309.3734426992,98.681871915873,1341.926275936024,179431293941.2502,170494529.94362107,1348906.6569906836,1300780.0362467587,2138729887.5590909,91.44306185865098,81198115.13847911,15514398.322641456,1259427365.8517282,19586650593.923107
SPS,2035,Nickel,Other low emissions power generation,3282657185.1975794,3585326780.9728403,55202984713.9521,1221343909.1866848,4758612917418.995,879263.0214039008,72.26134244410882,974.3079933519258,128736043416.02818,130925737.77055292,983417.9061242868,939853.5940886375,1549939933.2152102,66.14856617145695,58769314.42640151,11099662.940838415,912690855.1170561,14183223485.681356
SPS,2040,Nickel,Other low emissions power generation,3600029850.3612704,3932342392.1887593,60617829303.03058,1365470030.159018,5325675875573.292,988320.1588488083,81.65985587368726,1097.0969306784698,143535942903.86798,158233196.6362536,1105762.4472795364,1051068.170454081,1740406432.839068,78.43559554685066,65627134.790362924,12297687.147701213,1020238436.9074823,15927020337.9882
SPS,2045,Nickel,Other low emissions power generation,2751798383.744148,3004633001.6120176,46234612794.90288,1064043571.7218963,4130822931394.5366,769789.8036770414,64.17607962125173,857.2815937297248,111044576701.2822,132452607.21548675,862019.958543376,815353.7353740468,1354829063.9291556,61.285954585894466,51077650.874216154,9465100.699832447,794802896.18572,12394622755.710327
SPS,2050,Nickel,Other low emissions power generation,2088554606.9005392,2279221321.5318236,34930141826.983315,819550091.3937886,3181713256051.2417,591679.096060186,50.017965837174124,663.034291217516,84863725627.9341,109251786.26577203,664001.3604970182,626748.5482148255,1040537710.0071923,47.273464540728746,39318398.35708786,7246052.049369848,612130224.6241907,9512839857.381927
SPS,2022,Nickel,Electric vehicles,4573162779.083744,4987334224.556746,76159100762.56328,1589949848.7316067,6217226589925.407,1145033.7406756617,92.50785254565285,1269.7231149429022,172473802095.35257,153995605.62116906,1267031.103477892,1243986.9130196178,2023099841.9672897,87.67948461299636,76863082.2890565,15151680.967090728,1189159593.4730392,18539253298.31592
SPS,2030,Nickel,Electric vehicles,17241429426.614803,18823520756.207573,289661347585.23364,6279968631.363842,24461186567297.92,4518168.777672149,367.77852450846785,5001.239398697583,668724409612.0886,635417888.2306296,5027254.655552253,4847891.03766436,7970855306.020193,340.8001258385298,302618124.2686274,57820777.139310814,4693773327.824653,72997697709.22304
SPS,2035,Nickel,Electric vehicles,24284433817.508213,26523522260.95585,408380514072.53406,9035255178.275824,35203255757955.625,6504609.968944995,534.5747938777336,7207.733445062713,952363207575.1805,968562123.4634231,7275126.736936629,6952846.768986931,11466142093.364023,489.3537115472871,434763499.8634121,82113061.11978753,6751902320.741752,104924618266.59814
SPS,2040,Nickel,Electric vehicles,27088856246.860718,29589381811.583557,456126124571.3739,10274642959.602743,40073686665765.16,7436733.53326312,614.4593764075858,8255.237395056289,1080053412109.9993,1190644659.996532,8320442.11370271,7908888.469973169,13095896875.84338,590.1980429946525,493819244.3185121,92535421.41588469,7676906443.4660635,119844774157.4249
SPS,2045,Nickel,Electric vehicles,23318532493.79047,25461034025.56519,391788630724.0439,9016625181.76434,35004282770439.414,6523140.887236098,543.8232709244089,7264.539734381109,940983389395.2831,1122393429.5067008,7304692.281358117,6909246.216790012,11480719567.753445,519.3325687912727,432828171.08000535,80206551.29745968,6735099951.490005,105031100819.26921
SPS,2050,Nickel,Electric vehicles,18501660689.254036,20190700012.040997,309432001334.8554,7260062848.592379,28185511108719.23,5241445.847794141,443.0889330010966,5873.552666957266,751773427999.6084,967817395.1046165,5882119.5426393915,5552111.9429871375,9217702798.538002,418.77650584195834,348305791.40438473,64189844.934468344,5422614125.680368,84270401478.12334
SPS,2022,Nickel,Grid battery storage,184990690.5216464,201744492.07947108,3080739811.845721,64315646.43989696,251495320757.0439,46318.18122175247,3.742069186639292,51.36203698649982,6976801239.71137,6229332.914072838,51253.141440056024,50320.97241146034,81837156.21746273,3.5467550985338336,3109216.827642314,612906.2226880494,48103132.33177597,749938157.7007899
SPS,2030,Nickel,Grid battery storage,255769849.9358773,279239554.9088393,4297012595.123636,93160874.00308505,362872118242.9056,67025.26348925028,5.455850306585549,74.19142687344065,9920264594.24042,9426175.399845026,74577.35301547444,71916.56402309952,118244515.29142477,5.055636333104379,4489221.300444128,857748.5732864188,69630288.18466386,1082892243.2572699
SPS,2035,Nickel,Grid battery storage,204589484.74607038,223453171.4347658,3440490298.530176,76119468.76603736,296577470614.60175,54799.49880738731,4.503641405007002,60.72311517714891,8023390596.343349,8159861.87996184,61290.88459534594,58575.76703970182,96599003.31772622,4.122666579603602,3662759.4899628847,691779.3098107199,56882866.91124893,883960225.2890463
SPS,2040,Nickel,Grid battery storage,0.0,0.0,0.0,0.0,0.0,0.0,0.0,0.0,0.0,0.0,0.0,0.0,0.0,0.0,0.0,0.0,0.0,0.0
SPS,2045,Nickel,Grid battery storage,0.0,0.0,0.0,0.0,0.0,0.0,0.0,0.0,0.0,0.0,0.0,0.0,0.0,0.0,0.0,0.0,0.0,0.0
SPS,2050,Nickel,Grid battery storage,0.0,0.0,0.0,0.0,0.0,0.0,0.0,0.0,0.0,0.0,0.0,0.0,0.0,0.0,0.0,0.0,0.0,0.0
SPS,2022,Nickel,Hydrogen technologies,14598796.959068604,15920946.449648457,243120855.8118891,5075558.45658856,19847102108.40744,3655.263523061363,0.2953105808107767,4.05330639750405,550583947.9549749,491596.448159381,4044.71275439804,3971.1493424142877,6458292.706283608,0.27989709861089224,245368.15901640317,48368.34477854723,3796125.4159686104,59182410.01889277
SPS,2030,Nickel,Hydrogen technologies,68632231.43578394,74929995.71033673,1153042717.8377004,24998406.44603982,97371614391.15701,17985.284023867207,1.4640004715741306,19.90822288477534,2661963072.29651,2529381.2064191457,20011.780721259318,19297.795527256978,31729247.76523792,1.356608697060138,1204619.2126858474,230164.73055860915,18684305.65537063,290578858.6023802
SPS,2035,Nickel,Hydrogen technologies,71674296.6971825,78282854.69910698,1205314744.043146,26667105.57260771,103900655739.53778,19198.032299912695,1.5777708745922652,21.27326621398001,2810852565.7290945,2858662.8590336177,21472.17415778761,20520.980886576424,33841747.20924804,1.4443031027563267,1283182.8123515663,242352.60947983793,19927903.357513618,309679784.0540025
SPS,2040,Nickel,Hydrogen technologies,53265353.71384638,58182186.57905505,896889818.5295594,20203233.63007051,78797682538.44972,14622.996206079712,1.2082236226172305,16.23243653524138,2123730382.0294366,2341188.139664174,16360.649862923767,15551.403794883463,25750720.99519495,1.160518082965327,971006.5452607718,181954.22899584915,15095252.948773542,235653149.3274731
SPS,2045,Nickel,Hydrogen technologies,45861671.4900826,50075431.573115975,770549410.8859698,17733427.356348347,68844594641.2512,12829.372711752414,1.0695631985605885,14.287517231779425,1850676970.9270337,2207464.7605020106,14366.487163503843,13588.744502806918,22579679.464232136,1.0213961650613068,851263.8348494006,157746.05490015645,13246242.726053108,206569682.00282463
SPS,2050,Nickel,Hydrogen technologies,55191145.366783425,60229612.797347195,923047225.5242352,21657038.834431265,84078433118.27216,15635.428871838823,1.3217508483376461,17.52102713945983,2242568234.521239,2887035.4634027206,17546.582449820602,16562.15744546832,27496751.975210287,1.2492259694038792,1039009.1942750337,191480.70664311617,16175860.616243124,251381757.3574728
SPS,2022,Niobium,Other low emissions power generation,3882961.8863838287,4129770.6751505365,48274298.32849908,15398.831826361864,1216246956.3692718,43.15224886568505,0.8764703099762196,0.41110523439923813,26623666.91737156,297923.42940501816,2354.3330442383453,341.5412193873608,11393762.700951025,0.06177628645688101,3402.9221508445203,10825.257554993954,25097.10292037148,3119423.0795126418
SPS,2030,Niobium,Other low emissions power generation,5348203.785694176,5685451.827896285,64969013.386172,22333.894734000183,1845291641.7359033,69.9525804660688,1.417261722578028,0.6523081791018382,33382528.360740658,449209.1396574789,3900.659079890576,501.3960276643857,18419029.773409378,0.08834797958481157,4846.043250762389,15438.733331845537,37339.330566583594,4229331.456577549
SPS,2035,Niobium,Other low emissions power generation,5327937.362968829,5659203.27736305,63353474.88381502,23250.67720473982,1930280387.634934,76.39702120352167,1.5368047435355165,0.7001623089298721,29517315.80661669,458854.35173289385,4296.066026166003,524.563917285384,19965902.372109223,0.08926785621303801,4964.861130737074,15905.14505878199,39090.157792549886,3968056.146721143
SPS,2040,Niobium,Other low emissions power generation,5935544.851301505,6298609.167035836,68732062.80970319,27537.52540613787,2261987567.3752246,93.94178462614883,1.863351438212385,0.8409795465914334,30235900.54944553,547841.0453708948,5263.311137522836,618.9129195972899,24203201.752105854,0.10361003814171663,5742.043068658429,18550.638558497973,46132.63954258672,4329842.242775566
SPS,2045,Niobium,Other low emissions power generation,5031485.45510494,5331782.115033157,57067266.14231163,24485.827434926054,1989308164.548888,86.17887965304627,1.6901424705300025,0.7480590927161974,23501226.14084069,494036.97524623707,4798.117662618612,548.9995327764486,21951344.2094807,0.08900900585506501,5000.133048597489,16338.186286287397,40842.324808818936,3548687.596878111
SPS,2050,Niobium,Other low emissions power generation,5260311.118991072,5565332.066476966,59255395.27240015,26130.967329567997,2116111609.3648844,94.36208243882555,1.8293692858821458,0.7972935506869889,22275129.101639513,533166.8993369943,5204.073825718828,587.1895970157804,23758609.56816116,0.09493452270189812,5283.025824897655,17430.651079936175,43519.0905194964,3447444.1703065704
SPS,2022,PGMs,Hydrogen technologies,40404004.02518516,43086345.50182886,680573135.5307229,8244815.389393975,573102001217.1256,652.8323960130471,0.2959638709493905,3.763987829568051,181257091.093998,1551681.5241547807,179191.89022044363,32840.43219638575,813116.1853256298,0.8652273417314864,443841.54559538077,788963.1096490587,6742899.493812837,24272434.744658515
SPS,2030,PGMs,Hydrogen technologies,211078842.94427213,228640581.3932921,3967031103.5713296,56333630.66612407,3904386105597.923,3982.5928076910386,1.9806285432493609,20.092500242317552,844631306.9643782,10739263.779829228,1225914.9133124817,222508.48608281306,5579017.727655035,6.275282488412869,2972172.705898373,5245736.1040544575,45725310.420542985,141256377.7254068
SPS,2035,PGMs,Hydrogen technologies,267918803.08266154,292302426.5173548,5264975223.19298,82316975.73762845,5701021280193.659,5768.714538254545,2.9465644708383016,26.717474993120675,989456937.3349432,16828186.079198003,1794510.0736660399,324134.17859550705,8264136.27337528,8.755845191016641,4307358.290186755,7569657.93675116,66643118.413972914,180914499.0742425
SPS,2040,PGMs,Hydrogen technologies,323557376.3436815,354549845.7909459,6526356897.93636,113240884.74669765,7840432566370.62,8128.8969596099505,4.131353039254968,34.93689459845703,1188912143.76266,25617784.878541645,2473363.7243526895,444877.39791739883,11481675.694289465,10.961739833098605,5891392.782612277,10315611.925126797,91537390.45543271,221718759.89652336
SPS,2045,PGMs,Hydrogen technologies,317929521.2146046,349756646.17839974,6564844298.5869,126766562.39199814,8775802021611.424,9345.678632088175,4.690419105618022,37.08536384049359,1229280856.1977243,31718114.597297113,2772835.6251909966,497105.8208768311,12972293.86291136,10.852005006676542,6563788.4358311705,11466878.525452796,102333741.95212789,222114220.76043528
SPS,2050,PGMs,Hydrogen technologies,295580904.9260827,325160221.81172633,6098726957.142275,129850269.01434767,8995859680745.924,9949.551866953807,4.909160652714771,38.03638270839255,1224018406.143887,35809767.6656519,2845310.598147536,508925.5846689325,13482126.446002623,9.642229510526809,6704718.543167312,11693069.105836874,104777549.44511198,207635284.16334784
SPS,2022,Praseodymium,Wind,182741300.16063774,198090128.7262122,2379105639.4947696,825820.7857868733,137160261444.94241,32482.094547891076,6.10537559426839,48.91354422393538,18334463839.90499,62584499.833666064,432932.05604067596,8155518.573257306,6480880421.905658,6.3741601654751046,156078.95662233903,570089.5250005672,1474367.9003126281,86361142.96860991
SPS,2030,Praseodymium,Wind,310896571.0221776,337320574.4072403,4090381701.9174232,1458212.4439451923,251337009273.40625,60727.08097572584,11.430617782901031,90.6531724954185,34075691240.41282,117239230.17142639,810233.4815020566,15248207.30367897,12118647934.510141,11.785571564624773,256381.8271556785,1008820.0919925624,2585507.873414451,157577478.50496465
SPS,2035,Praseodymium,Wind,251957479.3637826,273513825.12320024,3321456579.731394,1210631.411490926,212799104939.2346,52037.18754527846,9.808530586202934,77.15705351501543,29070909863.242386,100838360.26443705,694190.9123746175,13059675.441729682,10379885073.236094,10.015239686420845,206326.75767832625,841689.9298223832,2138247.9444103753,133226783.80923188
SPS,2040,Praseodymium,Wind,196324796.5459783,213137036.8293171,2594392108.1747327,976784.3154073161,173025408324.57788,42833.997830186505,8.073308503756104,63.12827332626429,23827799492.033318,83635907.46930338,570981.757052426,10738948.49410704,8535735209.753434,8.284221700220574,161361.9807446172,677495.7609104232,1715892.560431298,108541605.45871045
SPS,2045,Praseodymium,Wind,207143652.25563756,224793231.82142964,2743831191.5635443,1070108.5599836106,189973964584.93317,47653.06002421389,8.971041731502723,69.54769861048126,26400785136.632114,94113615.90302646,634360.189008289,11931702.885118827,9484142849.461695,9.13946151966058,171338.6115713459,739038.5260581011,1870337.5111373244,119593514.49354789
SPS,2050,Praseodymium,Wind,273456235.71780115,296603401.1143756,3635373547.5374002,1453077.8615518138,259485017112.0397,65761.45667393236,12.355943843707685,95.1423965143823,36306758996.6499,131777697.02056105,873699.3077876697,16437285.613874292,13067046112.424086,12.55357248946635,226819.16198978428,970247.5054588829,2512841.3262348464,163792160.3800146
SPS,2022,Praseodymium,Electric vehicles,114399025.3038102,124007641.56030779,1489358814.9682086,516977.2398828285,85864553912.68723,20334.319351118782,3.82206439641189,30.620674026365847,11477672485.143766,39178914.530018546,271022.5066270984,5105487.236917175,4057136524.282404,3.9903279084699856,97707.96471479614,356885.312398725,922978.2790574753,54063479.74457534
SPS,2030,Praseodymium,Electric vehicles,363613815.67376405,394518410.9371635,4783968164.416455,1705474.5540054596,293955023889.3314,71024.28166291416,13.36885297217541,106.0247973968152,39853743233.35235,137118925.7222335,947620.8979306682,17833772.889954977,14173549106.014036,13.783994569061132,299855.2674125106,1179880.8901999937,3023920.078036896,184297137.90365124
SPS,2035,Praseodymium,Electric vehicles,483451407.1041106,524813329.4242113,6373150188.520128,2322937.4291551774,408315033842.79535,99848.0045285038,18.82042924662284,148.04754430799923,55780730600.53616,193486802.94394517,1332000.8369421798,25058666.58362345,19916733795.34641,19.217058890695846,395896.01219496067,1615019.2562074144,4102831.081152902,255633118.1720175
SPS,2040,Praseodymium,Electric vehicles,522320909.3291146,567049770.8236765,6902364189.032772,2598728.6416083537,460333030789.4635,113959.58681981717,21.47898743900542,167.9523815038267,63393713463.37257,222512815.5510479,1519093.4400591743,28570906.178766254,22709270835.825497,22.04012069626583,429302.55370944465,1802473.2898295827,4565121.565098084,288774271.31298673
SPS,2045,Praseodymium,Electric vehicles,524763919.0476158,569476187.2809557,6951039018.627644,2710941.6852918183,481267376948.4981,120721.0853946752,22.72663905314024,176.1875031465529,66881989012.801346,238421160.28766713,1607045.8121543536,30226980.642301008,24026495218.636272,23.15330251647492,434057.8159807436,1872230.9326805256,4738188.361547893,302970236.7169975
SPS,2050,Praseodymium,Electric vehicles,524859549.20029587,569287173.1066247,6977571808.983116,2788972.0245913845,498043823166.6575,126219.5700677088,23.715440603245376,182.61201911631431,69685553558.08612,252928160.41043058,1676938.9939795355,31548983.67824258,25080298183.523663,24.094760100749973,435346.45607716683,1862249.244348503,4823034.158418497,314375275.56808585
SPS,2022,Selenium,Solar PV,7199553.792190769,7727796.757182756,102476154.2397669,615515.6986492362,43760790755.756714,355.1669299262147,0.9746989862420888,80.5201937375022,125726133.68124777,1413607.9963423032,11330.72057603352,3810.865344591257,929668.0707039427,0.10873553107765759,54795.573048174265,66331.92629815756,915724.8069598346,13114206.765512204
SPS,2030,Selenium,Solar PV,6504563.649511865,6999905.601458054,95054123.25000885,672241.2527748451,49124491800.71957,400.15971030794645,1.1000039322233037,90.79634140857395,128508789.67922741,1592673.517663338,12817.511842649717,4194.335531012826,1045479.954466441,0.11341354218559271,58904.782383676196,71546.39332287073,1012467.597008392,14511755.833248803
SPS,2035,Selenium,Solar PV,5364082.393467246,5781261.471981573,79131333.74610005,634681.0399093435,46460547246.53217,380.01598582010854,1.044130347875648,86.08982981644844,113728706.6203272,1510566.3834642256,12175.209296489875,3934.2566547766605,991637.5550738457,0.10159678301966797,54766.756485696205,66457.7338135081,956098.8829444199,13607989.595337206
SPS,2040,Selenium,Solar PV,4044280.098225373,4362094.747586098,60082651.7550589,551594.205806377,40395100573.42595,332.30670590904447,0.9105866634369222,75.02881126332395,91917015.9741451,1325451.326741211,10624.772480153762,3399.142041527088,864148.8636244179,0.08951180231478123,46896.77790739807,56950.5873563064,830570.496477765,11768130.332018645
SPS,2045,Selenium,Solar PV,2921921.0204678625,3150656.5112551674,43573755.72089414,459238.6349781502,33628131873.059216,277.9897242079943,0.7600217500033215,62.594613667858496,70512866.470555,1115370.7601538708,8867.579334087812,2815.0018993758495,721084.852419713,0.07095692347995697,38534.0006103379,46850.035710283526,691032.6784495931,9748038.451215992
SPS,2050,Selenium,Solar PV,2268931.680378198,2443362.3253350337,33890035.11349361,398777.0086079173,29225376126.57107,242.5441234171077,0.6615317790796834,54.470916540366574,56740292.911435746,980068.1589222496,7715.313662778355,2438.3104108000925,627964.5045351638,0.05983310341345524,33230.65456037325,40408.3384343529,600107.8800955367,8425643.511648368
SPS,2022,Silicon,Solar PV,11473749176.673239,12525055322.272999,138690212357.79987,52782956.7764125,3035285760068.0137,101028.3396571132,894.6419895905344,412.51884859165233,95208452955.6938,783730218.879079,672179.5572365468,882943.4576005898,46554981.46087277,92.92705814697644,8039064.079092446,23236913.021774314,76917651.9956309,1535734753.6229384
SPS,2030,Silicon,Solar PV,10049929913.659384,11021932080.158636,121747307451.10176,47666117.58312555,2892085949644.917,104640.0327876801,953.4371472229932,350.7243310171457,85710476252.46707,833494113.411903,747485.0413338891,826168.9333097672,49056855.97856144,92.74592186307225,5956536.09314906,21497029.292606506,61549163.11647033,1356639901.3807588
SPS,2035,Silicon,Solar PV,8561069048.480106,9426039115.411985,102759340815.07466,41311824.663230166,2625620254455.0684,100845.98310020467,928.5351487017022,294.81073632015006,73056086496.49754,811117593.4130396,741273.8465721967,748452.3726158539,48051700.29811459,84.17759348322471,4596708.920378667,19323663.250214115,47791301.04175402,1173876995.0531468
SPS,2040,Silicon,Solar PV,7023119578.056532,7754114218.742217,83633982233.73297,35941674.96880964,2277253167197.0674,93256.26562964877,868.4435769360638,244.31609544719714,60700113144.74372,761056946.0318259,710785.6992526558,656314.9071934735,44811754.45633136,75.01877635233966,3544243.555538772,16863813.114898127,38443594.67393173,997815797.6419489
SPS,2045,Silicon,Solar PV,6239408767.63803,6895351496.332982,73763897289.39883,34832071.57359639,2111775636609.5818,91913.67527961615,871.04363720044,223.0075641075125,54870534138.27434,765967061.0481995,725095.9924703845,621071.3565223302,44839140.615710564,68.39811913829574,3050699.0967276003,15939930.695911428,36077596.464146845,919083987.2193505
SPS,2050,Silicon,Solar PV,5950799306.4077635,6577432948.124401,70417429063.1742,35341440.93562948,2080472947574.6174,95023.47325292905,915.2424194002804,216.24759405821487,53719529690.10817,807360103.5635124,760565.3605794843,623826.1506197467,47301811.47594519,68.68327480010927,2794944.2915325696,16013457.551900873,35750820.58851749,899644171.6715336
SPS,2022,Silicon,Electric vehicles,164914921.58415356,180025594.46821892,1993427356.942438,758661.9721005394,43626883017.87092,1452.1043170616877,12.858901766753892,5.929231371537113,1368453703.4554002,11264740.548132706,9661.396398442052,12690.75598841547,669145.8039349025,1.3356626741075557,115547.37704296918,333989.6689248371,1105555.6777453138,22073480.3043023
SPS,2030,Silicon,Electric vehicles,960896698.0386597,1053832039.9066775,11640537469.406502,4557466.110454733,276518927329.1078,10004.871959522688,91.1602980741965,33.533552421907615,8194973927.766236,79692271.3185901,71468.74796358593,78991.89415843556,4690437.777271413,8.867648913018908,569517.9879688286,2055379.9521358586,5884855.726732558,129711432.10584906
SPS,2035,Silicon,Electric vehicles,2242455670.139384,2469022821.9878545,26916412560.819046,10821070.935797602,687745536672.3005,26415.234514897544,243.2171610039183,77.22166513730556,19136048836.25515,212461228.40485677,194166.60827738198,196046.92559974923,12586489.745982349,22.049176421332202,1204045.4205089507,5061570.929742673,12518281.700279705,307481122.8243393
SPS,2040,Silicon,Electric vehicles,2890348706.653572,3191187869.4777417,34419373000.11787,14791713.654661894,937198302460.3739,38379.401597001844,357.40595635613016,100.54772706659085,24980991932.67408,313211235.43528277,292522.2194652272,270104.89029563946,18442174.463385202,30.873804837695957,1458625.2822497932,6940263.494613822,15821372.95399164,410648796.1850271
SPS,2045,Silicon,Electric vehicles,3555029273.832355,3928765903.2647567,42028471603.89613,19846276.902809016,1203226858104.215,52369.67450815883,496.2947202776711,127.06306770607269,31263596022.77283,436425216.9117779,413138.099388632,353867.96021884563,25548006.78056642,38.97121103411244,1738197.479666986,9082097.736685967,20555939.887250714,523666680.8276088
SPS,2050,Silicon,Electric vehicles,4026376791.1552606,4450364061.041532,47645213268.65891,23912410.79092977,1407671063905.7744,64293.93559089962,619.2631688630415,146.31551981959493,36347229412.210556,546268797.805441,514606.9558582244,422087.6902816106,32004930.111029815,46.47186526655559,1891090.2970431044,10834882.931389734,24189401.603136204,608709221.5016015
SPS,2022,Silicon,Grid battery storage,2463996.1900125043,2689764.9685876016,29783826.50515005,11335.179320381902,651829879.9499556,21.695911263644568,0.19212503427022257,0.08858873029094227,20446086.255463503,168306.6488190075,144.3510610640174,189.61276580347217,9997.716978067274,0.019956155019384015,1726.3950045571337,4990.144395844716,16518.1231124746,329800.1833166844
SPS,2030,Silicon,Grid battery storage,27462488.76865316,30118586.752412394,332687301.5248935,130252.67141343105,7902928537.059159,285.93987718037727,2.6053671191915924,0.9583910618481758,234212876.27489695,2277610.184843396,2042.5813641215168,2257.5933610434754,134053.0101116024,0.2534379701535233,16276.860332712513,58742.88980913417,168189.551104103,3707160.9826989197
SPS,2035,Silicon,Grid battery storage,43028758.20989137,47376181.13780397,516478351.5587522,207637.21266319443,13196620473.467371,506.86163126179304,4.666907155709044,1.481747176545879,367186932.358275,4076755.205350768,3725.713801728315,3761.7937655373275,241512.47723773052,0.4230846984376604,23103.502094909258,97122.5940375334,240203.68547627176,5900018.9231343735
SPS,2040,Silicon,Grid battery storage,66936228.4756726,73903221.38240157,797102096.9967086,342554.3507798782,21704135406.253944,888.8105397603911,8.276996716053187,2.328537596915489,578523061.8385808,7253511.926772708,6774.38472086821,6255.232321140273,427093.65850136825,0.7149919488164505,33779.6179846084,160726.3033306109,366399.7469956982,9510022.642399313
SPS,2045,Silicon,Grid battery storage,84236170.74074592,93091834.11338548,995861703.8846173,470256.14727243956,28510376498.20984,1240.8957855784463,11.759668788879868,3.010750528811695,740788727.656532,10341065.081502672,9789.27845567136,8384.876641125476,605358.2391274092,0.9234201278755556,41186.468071055104,215199.67254922187,487071.56220188586,12408245.485382032
SPS,2050,Silicon,Grid battery storage,92385175.3865913,102113559.07292926,1093218944.0953035,548670.0275267586,32298998546.59416,1475.2237120250222,14.208987244200072,3.3572081455484066,833986816.9914284,12534132.127012804,11807.651478758095,9684.797851221287,734352.8027576207,1.0662964858688566,43391.04803802523,248606.28098902229,555025.5789551245,13966827.02706968
SPS,2022,Silver,Solar PV,2517850482.525675,2729830810.669775,35475879043.522934,16347253.110146884,7880139582572.113,49596.69038975995,140.97175501069907,822.4577567627944,29859614738.872406,215858571.4341577,607236.1451191218,989322.9807270117,85629548.50507736,35.115788047292234,2605539.1327567687,22597094.838645753,24863879.919966593,701240601.6583076
SPS,2030,Silver,Solar PV,2297079019.028291,2494544974.0859146,33433202073.161156,17149946.76496548,8916866709149.023,56088.25349572643,161.20633482029336,921.7535510332204,28573547910.940994,250846811.59532574,713682.7197738666,1100307.442846173,97512339.33204429,37.3959107286433,2459658.833733692,24963208.634355046,26010605.755055275,720925499.3765122
SPS,2035,Silver,Solar PV,1697352364.0664768,1843833384.5348315,24922555379.12553,13933312.70390969,7536749376417.535,47905.92764998245,137.11883340366379,775.035492659074,21272491217.031487,220064664.51127,617468.1620852717,923198.1943141102,82915595.53033957,29.703913569811416,1910820.5212866203,20871977.687660735,21197946.622650735,575904254.5472243
SPS,2040,Silver,Solar PV,1150465975.592971,1247954150.5702512,17052301170.14331,10589985.986476202,5866704364728.003,37983.171335265884,107.31268571869154,600.9462567845027,14850326210.832365,180915830.39039817,491563.718379008,714397.1852908076,64857197.32999167,21.969734439124647,1377771.7775623484,16100538.833812367,16028162.412763286,431342693.5775355
SPS,2045,Silver,Solar PV,771386200.5938547,833549332.5190433,11526909080.6662,8011987.175693736,4516107363319.816,29822.324110073318,82.99315099414034,460.1443672780352,10424441741.878914,147733670.5180445,384516.23037821334,547043.3960757769,50186032.52852024,15.678466230116362,974092.80176348,12293608.880691282,11992179.54265043,321694518.4357636
SPS,2050,Silver,Solar PV,485671651.097813,522230251.81309134,7341083078.533196,5562654.689595362,3201003718372.3184,21557.607131354824,59.00426626774114,324.9596125358761,6967219312.141885,110694262.64219864,275831.58440837153,386137.12516222394,35790556.91041465,10.67315512796153,640599.4003127248,8656803.331857443,8285594.751097707,224061549.93846712
SPS,2022,Silver,Other low emissions power generation,18593260.93381546,20158646.00388738,261974362.85058334,120717.55044135668,58191498053.799675,366.25058249901457,1.0410167892823303,6.073502689957754,220500626.2588489,1594024.256535662,4484.182112084139,7305.731796284252,632338.0002305062,0.25931524313747834,19240.8045294325,166869.98834802015,183609.2374775394,5178365.266129804
SPS,2030,Silver,Other low emissions power generation,16270490.842262292,17669166.28477395,236811447.77900836,121475.16453425943,63159254397.02774,397.27994000256194,1.141844130167444,6.528892818520866,202389924.66727266,1776778.559667902,5055.101744507544,7793.611810565767,690691.7920397667,0.2648797964755414,17422.063497964817,176817.45125623597,184236.29280212833,5106403.235758327
SPS,2035,Silver,Other low emissions power generation,16990410.881905545,18456678.4506475,249473512.44376242,139471.75188676873,75442478138.41919,479.5359005492696,1.372552552137349,7.758065883733037,212936555.72681835,2202836.1050956994,6180.824914391758,9241.166995667894,829980.8963668932,0.2973346648792486,19127.21628434078,208927.4356573329,212190.3681264335,5764772.312775613
SPS,2040,Silver,Other low emissions power generation,16354973.459289148,17740861.045861326,242414759.73572728,150546.77271424074,83400809945.00339,539.9670848742154,1.5255523970360212,8.543025425070864,211111581.0398184,2571891.448484743,6988.048093725191,10155.838810269828,922007.0506032729,0.312320773740673,19586.34269333841,228884.54842963393,227855.6484269842,6131948.666872408
SPS,2045,Silver,Other low emissions power generation,15205241.1034404,16430574.675573003,227213594.97231573,157928.92928381235,89019613334.32668,587.8451390620073,1.6359261675003207,9.070172685829977,205482221.3983206,2912064.1224768427,7579.422585710859,10783.089877642919,989246.0145563707,0.3090473474603368,19200.90856763697,242326.45971421344,236384.81108602538,6341107.360627308
SPS,2050,Silver,Other low emissions power generation,14885082.549972918,16005546.938471468,224992806.11329615,170486.73535804963,98105797369.55981,660.7072103236001,1.8083892115395763,9.959507924891216,213534461.75121635,3392607.3994910764,8453.81008862196,11834.503765366539,1096925.03755737,0.32711564446732777,19633.37768132884,265317.5904385357,253940.62339634367,6867138.857230127
SPS,2022,Tantalum,Other low emissions power generation,9972816.663419006,10624013.580356518,131535862.43615645,42488.2093013032,3855979827.9315295,7458.0291085936005,1.1775324694600058,2.911701013220891,50996237.772746556,3155136.0993415797,18618.69305710473,1986.7634368572487,1354365.855060921,0.17014056644534692,17184.561517046073,55089.18399577784,75457.74875776254,8543522.1453902
SPS,2030,Tantalum,Other low emissions power generation,24822373.729171418,26554386.599324867,338720765.28578895,119460.61718408881,10419600227.15302,22216.28367794555,3.5134770693821813,8.465648668320663,124563315.56849848,9431052.556410177,55543.84638073498,5649.328309806601,4018478.0747517087,0.5129799962280975,43657.07901457686,145766.04756587977,197611.89892745146,24186216.846752144
SPS,2035,Tantalum,Other low emissions power generation,16970786.847830225,18175452.940521985,233032123.6282907,87423.54701022003,7481090565.009185,16733.75254690269,2.650454582184053,6.25323658803683,83107295.05804655,7156239.489734475,41864.01622051938,4157.51227209665,3025106.003539295,0.37198882379301057,30020.693326415036,102098.95337442098,140091.8088549656,17561025.08837828
SPS,2040,Tantalum,Other low emissions power generation,18601879.15294472,19913770.896040004,254961479.44804925,102950.41548695348,8669901188.149485,20123.034678176973,3.1891417027296027,7.406867223769907,91721194.59107938,8696029.804248055,50366.81197463224,4904.833124250567,3631966.917716676,0.4293675902696273,33458.671477284355,115561.21080662512,160914.61518296937,20507977.59620919
SPS,2045,Tantalum,Other low emissions power generation,13547748.174516983,14484863.58809895,184867544.6584955,79674.43379268942,6608465742.578828,16029.030555476693,2.5397250530756676,5.710364994811873,68381825.78011459,7000224.1221775,40097.05481879498,3843.6556426012025,2888814.9798177313,0.31837624915423385,25074.1910069856,88245.92319758335,121796.43790118292,15905923.662022244
SPS,2050,Tantalum,Other low emissions power generation,10894458.616230613,11622173.591830859,147377418.76564753,67340.51935989197,5657421012.835838,13905.49881415841,2.2030186633465543,4.835831896019978,57365266.95594868,6141855.30619968,34797.510671082484,3297.3402497062207,2506612.306565976,0.258402389448687,20671.111801916693,73871.69502445614,101810.47631652904,13602816.467117198
SPS,2022,Tellurium,Solar PV,4628177.747833511,4977788.281449739,66841438.36181072,139843.1639715177,6708481631.216171,376.8529021336369,0.15793589978633873,11.071606623374612,119111216.9022144,259331.60406910392,1827.5071007222332,879.1856652094971,160695.86508879272,0.04218697868601691,10773.152577784676,15046.554558189484,146472.56311958143,2161484.673981535
SPS,2030,Tellurium,Solar PV,3084891.775395114,3332049.589371336,46981343.54444234,123785.77518523108,6141528026.685978,355.15114828863597,0.14928434042923314,10.44154599321176,91359440.56440067,245621.051073497,1764.9558453465095,755.8172937300286,151389.39900301548,0.03560827515693546,8724.797816120568,11959.799262160237,131943.82456588806,1872018.9567859243
SPS,2035,Tellurium,Solar PV,2326555.1268094718,2524297.011603425,36752915.3852746,118701.80833860673,5962424746.6442375,351.0942754713342,0.14793564407416113,10.318581153407386,77289492.00768173,243866.86438814265,1768.9631844823198,710.2229647076791,150162.0851882922,0.031845504223390574,7999.763873472775,10687.013910733269,127980.04850614627,1756765.1383292377
SPS,2040,Tellurium,Solar PV,1616208.4695408698,1757730.217580736,26789042.785916034,110019.78640820003,5514715109.57857,330.50590312740405,0.1393639281057661,9.709959916711568,61693183.260636404,232562.84983545347,1686.8366008962848,642.1393542895448,141463.5141550133,0.02995910494520226,7111.262591111477,9270.023393578484,118755.48272078755,1591990.640739106
SPS,2045,Tellurium,Solar PV,1081918.002567886,1174023.9601053416,19120175.496562235,103637.35187086569,5138510417.882076,312.863737364796,0.13206407336842446,9.198490819767883,49509746.549093,223415.45880799656,1611.9213494570997,588.760774788082,134144.81512197747,0.025120820029174602,6422.655856419421,8225.468163383672,111229.65690502635,1461699.0758828816
SPS,2050,Tellurium,Solar PV,728114.2671905598,785493.7851586965,14232158.102141678,98735.8889677552,4860976502.504583,299.47804663639783,0.12654091354568187,8.81381496707019,41227967.399798006,215939.98141477577,1549.0483617326615,550.7074211224171,128842.59098648356,0.022573458611128038,5935.297489909714,7509.503572446552,105589.8584620241,1366343.1645118063
SPS,2022,Terbium,Wind,197304586.88082784,214363738.10628295,2494796787.2617188,940696.7682651707,151188332719.79166,39969.46000216803,7.639154561978424,53.3652318578435,24788219739.015255,84373885.89840935,583577.5928543227,11069561.63872931,8786045128.717527,7.399795879632097,167083.14097931227,455119.45336090826,1596195.0794864926,107417613.2148576
SPS,2030,Terbium,Wind,324842937.48683643,353433066.26486313,4136313578.884916,1612019.726331113,269714140742.80594,72780.68932003122,13.927655315936391,96.25751155035485,44889400964.256294,153758265.65940002,1063718.6138661862,20160185.32216673,16003081669.472893,13.321175446882979,264923.47663114115,763724.0592970467,2706376.1154514626,191211162.69344062
SPS,2035,Terbium,Wind,264325657.85282046,287821950.9230171,3363917016.319581,1344616.725147192,229928715565.9326,62796.8150837265,12.03435155581963,82.4873621181722,38582489717.776085,132772340.56683935,917987.9982774502,17392242.464717638,13806581439.009945,11.403322917916737,213517.16170570246,633491.7940406111,2243976.598951809,162947231.85498568
SPS,2040,Terbium,Wind,210338111.8950932,229095931.0794329,2677245794.505707,1108371.9719677672,191096576032.81863,52819.976282955846,10.127276285438835,68.99499215404661,32341275844.41102,111872598.15884936,772140.1066921591,14624726.394347535,11610072449.508415,9.649693656855174,170020.49592181327,516009.4887874922,1837131.2835974635,135822828.5505401
SPS,2045,Terbium,Wind,232381877.68686032,253025915.1624833,2958776986.2901087,1270301.0489281463,219357429939.13782,61391.8302868926,11.76957646007973,79.4883144931405,37481384074.23205,130319404.94426246,897362.8250262515,16995725.28840626,13492778723.07446,11.148064855630036,188208.85909818645,583705.9673529789,2092673.4266082495,156601856.93845546
SPS,2050,Terbium,Wind,306715164.39037615,333789830.989021,3914933319.2621603,1721296.5559020564,298283928673.85077,84241.54678279281,16.143472327760914,108.27578465954431,51329414892.47348,179256651.11052877,1231048.299869824,23319164.908685118,18513352872.90642,15.281993113162187,249059.5217352447,785646.775355725,2826021.438758999,213641648.5452097
SPS,2022,Terbium,Electric vehicles,77512516.27460402,84214325.68460372,980098737.8526928,369559.44467558095,59395416425.63141,15702.287857994404,3.001096435062899,20.964912515580636,9738229183.184519,33146883.74580354,229262.6257641874,4348756.358072222,3451660586.281882,2.9070626669949955,65639.80538472667,178796.9281060622,627076.6383696456,42199776.62011848
SPS,2030,Terbium,Electric vehicles,235670366.41201964,256412224.5450979,3000854949.3871145,1169504.5073382724,195674964852.62527,52801.67656551277,10.104377386072233,69.83388092869085,32566820307.40166,111550114.30191778,771717.4257461156,14626016.802356256,11610078858.245045,9.664382186954345,192199.38500690728,554074.3175292382,1963449.3386608774,138721823.91485143
SPS,2035,Terbium,Electric vehicles,312384868.37151533,340153214.7272024,3975538292.014054,1589092.4933557725,271733936577.92044,74214.417826222,14.222415475059545,97.48506432147622,45597487848.28076,156912766.12444648,1084894.9070551954,20554468.367393557,16316868973.375393,13.476654357537969,252338.46383401164,748672.1202298128,2651972.344215775,192574001.28315696
SPS,2040,Terbium,Electric vehicles,335404016.26514876,365315133.3428798,4269121672.3199224,1767403.9552999542,304721567187.4671,84226.44866741658,16.14890002272677,110.01904154293906,51571223643.79051,178391440.30735454,1231250.4404010195,23320509.655851465,18513358770.837734,15.387349344714998,271113.76376721583,822825.9415800557,2929479.614385145,216582348.22923023
SPS,2045,Terbium,Electric vehicles,340466471.9598182,370712387.3310798,4334952328.750624,1861138.7461040276,321384141538.7365,89946.1699552147,17.243798069419164,116.45962355971751,54914585969.223755,190933081.66252398,1314740.8831779673,24900713.7946417,19768489757.062576,16.333211300109134,275747.86332990084,855197.1149590153,3066009.904100457,229439929.93309367
SPS,2050,Terbium,Electric vehicles,343105099.1485575,373392014.32670224,4379416933.411862,1925518.1811785712,333673547330.0706,94236.30657058182,18.058799553088512,121.12206419542252,57419345472.93643,200524389.37788168,1377104.8778204783,26085845.4910715,20709852366.302097,17.095110940147478,278608.9565173926,878859.1046352171,3161312.117933796,238988962.77938807
SPS,2022,Tin,Solar PV,18004419.579195317,19513965.755444713,245569833.8910619,125067.83517636433,69624158405.10303,224.10316210169043,0.167715954143353,7.56084127331778,183257584.7234584,967906.0460079088,6175.269818248118,5408.302430961474,388823.4116495814,0.21146834364101005,54238.558355729605,135038.9149840937,193451.4234335153,10091954.252861192
SPS,2030,Tin,Solar PV,20468826.870480113,22201608.686606534,289354599.4153145,166894.02861571044,98581266337.88135,311.69644664582336,0.23897159858404993,10.646543645221225,225384862.97504687,1392178.2336392745,9005.029338581471,7437.038748106051,550045.4802237743,0.2810881314575443,72660.4284060426,184577.10686902906,255203.9750747851,13553047.459171006
SPS,2035,Tin,Solar PV,18225158.70162998,19767237.82467175,261190536.36354196,165855.6607301854,101035990408.92123,320.3556298403591,0.24722548549041684,10.880050651325512,206857521.9617749,1471286.1732476,9390.623949206987,7525.624573289715,566788.5742274115,0.27303740202181487,72837.97345082946,186189.55917969698,252884.59025733714,13458015.243613025
SPS,2040,Tin,Solar PV,15404962.739396472,16683922.039957803,224960368.6066069,159939.75384260324,99530235349.58276,319.2779541957617,0.24494607325771442,10.695178543078368,186530454.92968902,1528670.89146574,9403.377585523973,7333.453674850733,560406.2462218491,0.2664614220020304,70433.9292652709,180922.4610488552,242133.94993016135,12980510.653999202
SPS,2045,Tin,Solar PV,13694957.437699825,14775543.104670994,204620954.80286005,163573.6955896079,103639506244.98163,336.1917372809644,0.25578555598646824,11.095929207217681,180773753.51506993,1687277.2989078248,9906.183459799133,7562.580916384517,586162.4371854981,0.2633241889081814,71981.98688267605,186136.92763052345,245140.96629105357,13280988.413668541
SPS,2050,Tin,Solar PV,13076450.426684579,14039244.81698359,201026113.46881735,175487.94240529765,113442644449.17653,372.4787598590289,0.2806673377943616,12.109304839160243,189719642.26014256,1951654.8499855665,10920.93059700006,8219.354193686659,646002.9256820979,0.2822532952271518,77558.46060819602,201950.37942574944,261759.4580565732,14353583.415225111
SPS,2022,Tin,Other low emissions power generation,695822.9789060975,754162.9277466537,9490621.599654533,4833.539523724206,2690788730.6320004,8.66099177204587,0.006481776005540084,0.292206426021941,7082418.733273705,37406.99694716533,238.65777075354958,209.01651907097454,15026.991754572582,0.008172689609314283,2096.1761683373725,5218.895265085743,7476.383514338727,390027.2175018947
SPS,2030,Tin,Other low emissions power generation,829817.3055600048,900065.2170245897,11730591.86818844,6765.974133069349,3996537824.5087075,12.636342431587634,0.009688037780434509,0.4316166342657254,9137224.174664069,56439.65812051117,365.0687569695194,301.50157086916465,22299.141090153178,0.011395464788819382,2945.693043488217,7482.855683879562,10346.107097626431,549447.8699663777
SPS,2035,Tin,Other low emissions power generation,478036.94955095055,518484.9265487676,6850899.314453561,4350.312412595025,2650124338.594655,8.402770618763594,0.006484602898109294,0.2853783777396856,5425771.067849978,38591.11274092065,246.31144784805178,197.39343143055,14866.58555350587,0.007161636774342678,1910.5042216611018,4883.660568647792,6633.038432979334,352997.1211439698
SPS,2040,Tin,Other low emissions power generation,306058.862372116,331468.64980048675,4469411.296820004,3177.6110034954286,1977421894.3625708,6.343270613160827,0.0048664782766433224,0.21248699092208706,3705903.078073289,30370.94486355775,186.8220712355716,145.6977551294846,11133.8989315599,0.005293935536464176,1399.3495880517396,3594.485981103081,4810.608276758172,257890.9401456868
SPS,2045,Tin,Other low emissions power generation,433384.72904113395,467580.47799591767,6475346.6709765745,5176.382771823037,3279731210.284232,10.638979027878829,0.008094479619824953,0.35113700022840794,5720688.402375581,53394.8512312603,313.4868183480737,239.3221808982446,18549.44421473099,0.008333043952790001,2277.910977299876,5890.409102231761,7757.625515539672,420284.44347051997
SPS,2050,Tin,Other low emissions power generation,263790.0662443527,283212.4314665238,4055281.8279012116,3540.1025845449053,2288468331.8277693,7.513980746435735,0.005661877131298355,0.24427992470928425,3827197.394296828,39370.55893342635,220.3069572881814,165.80829785535084,13031.759307707976,0.005693870508905041,1564.5798969953087,4073.926962479097,5280.4501625245275,289553.5559267325
SPS,2022,Titanium,Other low emissions power generation,217929788.007611,234645392.0148139,2555817750.665205,805558.319595841,66333420150.66801,4197.369617086113,4.022188536864414,16.402238382194387,1604459681.8636844,4107284.0307382154,27087.305696171465,17295.3251655023,19400478.715730272,6.355456993446231,268225.2162964045,447379.5358943124,1076799.2462833042,39351418.71409829
SPS,2030,Titanium,Other low emissions power generation,387198645.9592323,416837411.0467388,4628724925.1613865,1537620.193775952,127000236315.6952,8686.674744129003,8.41903292218146,31.98771448666251,3485346967.043757,8748941.9038199,57667.146236524226,31933.712168785554,40658385.9465274,13.14733608897932,470571.7421621421,812181.4299017363,1949731.8022284373,75398782.86931564
SPS,2035,Titanium,Other low emissions power generation,205739206.28703862,221416137.3247954,2458468381.5447598,859701.8368916997,70545799751.889,5057.1345934622,4.9451604136480185,18.057478329971747,1908087247.3047564,4967487.338695904,34147.41615755453,17608.987571339392,23868219.303267464,7.642242265425398,252548.558122513,443571.17366711434,1060507.922010335,42140469.059659705
SPS,2040,Titanium,Other low emissions power generation,222204775.43658504,238895581.39733416,2644943826.47437,992996.2548116143,79685981603.18852,6022.001152611384,5.912018115964603,20.892880867579443,2077755000.585387,6099804.1353929555,41243.17283796714,19901.633495193415,28539183.9768458,9.165293946708532,278906.7373697485,497523.9253563781,1186809.670175101,48424478.56010693
SPS,2045,Titanium,Other low emissions power generation,184719459.75324112,198215425.16263816,2182617082.036501,888207.7455808435,69212061039.93636,5523.34723600315,5.4442177414593615,18.53304038940472,1672124563.0750034,5864174.647045148,38147.91295233087,17354.62690078964,26306642.497771904,8.35901789322775,239329.1647987551,431444.858156908,1025114.4601970705,42993520.99459539
SPS,2050,Titanium,Other low emissions power generation,173230600.0555226,185484591.46036634,2036658258.8635511,883161.7951955264,67504735944.17146,5635.055980456818,5.558798234013962,18.3655371563738,1521134495.564003,6478933.265436189,38836.96546100001,16970.247941146034,26898281.631838568,8.479767395909663,232456.4928041741,420565.0129457088,994890.7524749083,42682449.246697485
SPS,2022,Tungsten,Other low emissions power generation,2091967.1511122924,2267177.2781001083,27017062.10197002,19714.709704092485,8403359734.032497,4055.6566972294113,0.05966757787867444,2.8464846205281082,13777934.796446709,202402.52231004238,1535.326087141892,7276.868132888024,170188.56215084565,0.03297960948452562,5126.7634676159305,13418.391038345118,68965.67216408235,864563.5222953041
SPS,2030,Tungsten,Other low emissions power generation,2869745.687360204,3111263.625430942,38169397.96636214,30918.99032692663,13563318563.304634,6590.805523018052,0.09741094954409318,4.617036841030055,21269419.99158541,331879.0985840923,2506.097887642679,11795.265140679017,275545.8509972951,0.051889713603329085,7638.004455991235,20906.557723325874,109737.7306319265,1346010.5736693172
SPS,2035,Tungsten,Other low emissions power generation,1636028.1843112155,1773855.3962753918,22026039.571407363,19181.242827490427,8537109038.392534,4166.109344412325,0.06179308971554262,2.909338028265176,12771978.51634604,214895.39849059156,1585.2312829933585,7446.502489182314,174098.73507555554,0.03195328255357734,4635.794156313602,12948.315080102157,68626.47972798633,831708.7724062677
SPS,2040,Tungsten,Other low emissions power generation,1134070.504431354,1228948.2416517648,15501100.105307046,14654.318707188017,6588587541.364066,3228.8415830443546,0.04799271261426255,2.248135669800878,9465080.278819518,174508.52276859566,1228.7360113444518,5764.494087392075,134788.56650229264,0.025002559474465235,3470.2274094477257,9854.428010405529,52698.41671364126,633344.4476533873
SPS,2045,Tungsten,Other low emissions power generation,1629216.5373563354,1763214.4259990933,22659963.73811402,23366.967789017184,10625247854.461205,5232.1847744327215,0.07768456504449706,3.621080473230522,14672622.214826236,302155.58187863865,1987.1699500327568,9330.11971982702,218134.86436888506,0.03939975135070789,5437.780926973176,15693.450881746867,84537.4641466655,1009404.5096291658
SPS,2050,Tungsten,Other low emissions power generation,1069189.0905521016,1155244.6117803056,15139400.43748116,16855.839569335112,7760278819.378052,3835.516492315167,0.05683503896330714,2.639957547650023,10453000.575386379,239933.49581420436,1452.3745951093563,6822.171946120597,159824.3974803007,0.028261899481217816,3866.1629810024865,11108.605276718894,61283.41991890295,731750.039333981
SPS,2022,Vanadium,Grid battery storage,181810.8028946089,192390.6839912095,2930794.1339240037,440.6851973813078,53635726.105311446,3.9932554512899343,0.011513080789606297,0.9093586493300134,685450.4813091613,2616.1366417792574,-6920.308913191308,34.16698345218878,105492.12673780348,0.004978197149335432,383.299839806858,403.4542482934196,3053.009052576,187584.7685003616
SPS,2030,Vanadium,Grid battery storage,222515946.2800811,238601754.03952208,3943771373.208376,649314.4273637908,67541110942.48307,5766.271246577554,17.979531942390324,1417.237207944953,704149863.0438448,3909398.599151946,-10826870.971239904,51495.82118275407,165057574.66408315,8.143493795370903,551410.5071254708,517926.7060839069,4417364.465289938,269575939.9489783
SPS,2035,Vanadium,Grid battery storage,1418979500.6018903,1530747816.6183615,26192763645.091095,4623604.808731367,448856877516.24786,41287.826713104536,131.10619219776333,10301.552263295642,3926883945.2830734,29084504.731561843,-78786655.25339736,369575.93183937186,1201729373.6861062,57.35992949255814,3891078.5987597727,3456716.0743809007,31266919.44388239,1838014632.1668532
SPS,2040,Vanadium,Grid battery storage,2533210659.285282,2743535029.1456532,48073672066.05907,9246343.655696325,856156133499.6038,83627.11985531608,265.8734769104324,20834.82440480375,6341310179.455529,62664270.481600195,-159424888.1876695,740189.3664098182,2432711383.7931395,109.65862306905073,7728575.198479023,6552746.341797071,62256598.45016215,3523908267.9594526
SPS,2045,Vanadium,Grid battery storage,2673036093.8685274,2906537332.000315,52260469749.0116,10921904.217389552,971835647089.9801,100286.12530020557,319.3021404395478,24970.053407403335,6200840369.32399,79705725.23813175,-191173199.46298084,879374.1017864081,2918053452.8386803,121.68690778635325,9113251.942169927,7409792.0136382505,73558645.76200181,4022320788.4436026
SPS,2050,Vanadium,Grid battery storage,2941590781.9956317,3202247063.300981,58308545031.48665,13026340.956408478,1153363370289.5981,121973.86544980266,386.45202863795896,30174.250788807385,6392726242.563791,101918325.58955252,-231046230.6279062,1056703.886321022,3527667002.085531,135.0184194258599,10937798.40689787,8648090.050569711,88373920.5815594,4659014604.919083
SPS,2022,Yttrium,Other low emissions power generation,51398.231843213216,55832.92390997354,650928.5636915513,246.48822538369345,38969945.263562635,10.25417730842015,0.0019700226136381,0.013745455616099916,6353712.405447108,21657.692648031636,149.74937268375783,2836.6334896295757,2251287.777589745,0.001913076821000139,43.61446662395187,124.29342247342284,416.1031223609872,27602.765015828438
SPS,2030,Yttrium,Other low emissions power generation,46497.22437867762,50579.60268140871,593120.4087429747,232.02259370893296,38171555.76705462,10.251749406867182,0.001972231915182066,0.01361495693478676,6317004.761689656,21671.25777577371,149.86087148919222,2836.2973064085354,2251277.355822023,0.0018908394801742817,37.9976541428906,114.40617238699332,387.44212548888,26978.027007118177
SPS,2035,Yttrium,Other low emissions power generation,43878.861103665644,47768.56590141872,559468.3648757155,224.46635023039644,37724747.047604054,10.253417584257743,0.0019755939741216526,0.013527950711130794,6293425.265733148,21696.212080916073,149.9060577603139,2836.15263669742,2251278.0759318275,0.0018765058283030816,35.52930081152504,110.08189585477132,372.56292060003466,26652.787534497715
SPS,2040,Yttrium,Other low emissions power generation,41541.052683887545,45234.367571722585,529750.9233221199,220.12260044575999,37293693.185494184,10.25712672069893,0.001977346315380455,0.013461033115399106,6273655.859127614,21748.28110574017,149.9449748065947,2836.0405178366814,2251277.1688524503,0.001893714174456329,33.672894668453814,106.73448164605647,362.84958274450605,26424.891199231
SPS,2045,Yttrium,Other low emissions power generation,39502.579700739305,43000.30277342949,503881.4445440208,217.13900288201216,36843703.755521365,10.25931666527618,0.001977588115017641,0.013348680501762415,6256371.469939185,21810.01110548329,149.9473931037349,2835.944238210195,2251276.351347796,0.001883295645341936,32.091136126974185,104.03090546430715,355.71861287277085,26221.05005378596
SPS,2050,Yttrium,Other low emissions power generation,37991.34276067303,41333.74267952462,485783.31081207376,214.48613315964081,36526802.99094074,10.261192222796662,0.0019771412602386245,0.013257496027562756,6244545.670360703,21875.97477415335,149.92392452593944,2835.8771521374115,2251277.7176315333,0.0018818390228303769,30.965401299408626,102.1337591522923,350.1521930555915,26078.02297695856
SPS,2022,Yttrium,Hydrogen technologies,0.0,0.0,0.0,0.0,0.0,0.0,0.0,0.0,0.0,0.0,0.0,0.0,0.0,0.0,0.0,0.0,0.0,0.0
SPS,2030,Yttrium,Hydrogen technologies,0.0,0.0,0.0,0.0,0.0,0.0,0.0,0.0,0.0,0.0,0.0,0.0,0.0,0.0,0.0,0.0,0.0,0.0
SPS,2035,Yttrium,Hydrogen technologies,0.0,0.0,0.0,0.0,0.0,0.0,0.0,0.0,0.0,0.0,0.0,0.0,0.0,0.0,0.0,0.0,0.0,0.0
SPS,2040,Yttrium,Hydrogen technologies,0.0,0.0,0.0,0.0,0.0,0.0,0.0,0.0,0.0,0.0,0.0,0.0,0.0,0.0,0.0,0.0,0.0,0.0
SPS,2045,Yttrium,Hydrogen technologies,0.0,0.0,0.0,0.0,0.0,0.0,0.0,0.0,0.0,0.0,0.0,0.0,0.0,0.0,0.0,0.0,0.0,0.0
SPS,2050,Yttrium,Hydrogen technologies,0.0,0.0,0.0,0.0,0.0,0.0,0.0,0.0,0.0,0.0,0.0,0.0,0.0,0.0,0.0,0.0,0.0,0.0
SPS,2022,Zinc,Solar PV,21225850.087311346,22478268.641890276,352934152.20649385,231287.09989768325,18627601952.091026,292.7669769865457,11.126105189430668,30.1368156950551,614192392.327493,1270869.9456742774,7842.466488250017,5984.0037591273995,4528122.716092249,0.4570757977592306,17011.700505325374,133965.53673120344,194979.28707483475,28345463.367552932
SPS,2030,Zinc,Solar PV,22501348.993414972,23997671.758342404,380973416.18934286,286409.9676762021,25810087336.390144,427.63940534709315,15.891896236287941,42.79965597192583,645339589.6353256,1836215.3566794526,11447.584350572026,7987.43359634389,6463508.780611526,0.569713041665833,18757.907434418776,174784.40217196188,241700.02913992322,38959556.36739168
SPS,2035,Zinc,Solar PV,19336410.79572144,20722357.406972557,323048296.21725464,271149.7213570169,26139048734.82777,447.4504483361985,16.376365574417946,43.94408328675027,518284305.1011156,1902893.4293595296,11965.20439333,7990.520537040009,6662283.690517671,0.5145194811487155,16886.098024695835,173059.3353815721,233525.14019618003,39116533.4568278
SPS,2040,Zinc,Solar PV,16506206.436323063,17745356.592631437,265937675.81690234,258804.47242389835,25572142653.469597,453.4847378258747,16.22419548713602,43.44313637536761,383390914.8827799,1941935.0125057425,11994.119480745263,7774.426051547325,6600621.174729308,0.4706569845820086,15528.079793991765,167377.00795764822,223929.05467650798,38100579.36148068
SPS,2045,Zinc,Solar PV,15216122.237044306,16380701.720625993,231791318.7967937,268311.7747254443,26434693285.761173,483.43465412758366,16.98973545417042,45.33702429264446,286018513.7695147,2104796.391348154,12627.825004966944,8036.57774292517,6912367.807723913,0.4271458051263734,15449.76341378934,172651.88262979052,229595.18587451422,39323448.90344887
SPS,2050,Zinc,Solar PV,15412014.199683664,16583469.402638903,224340411.9661942,291659.43459852296,28729016011.38845,537.5834536095213,18.626294718712877,49.55887737048484,222710799.6839833,2377182.042877573,13849.396493701472,8745.35142508103,7580555.462086102,0.4455477085102752,16301.956458259643,187575.05875865693,247647.1298646005,42550023.97326708
SPS,2022,Zinc,Wind,1430910619.6217008,1515340642.5695014,23792555979.717827,15591892.24760145,1255753401710.2476,19736.471082259028,750.050622476673,2031.6307446934698,41404910194.74601,85673897.34418508,528688.7703391729,403403.13775749435,305256979.3320063,30.81311750990993,1146819.6944180587,9031096.911712978,13144252.472056806,1910869264.7826324
SPS,2030,Zinc,Wind,1462568087.245294,1559827763.7581096,24762940247.28997,18616398.453033168,1677633197825.848,27796.188899263496,1032.9594144693476,2781.9403622394107,41946511274.182755,119352398.95061602,744083.0126271595,519176.2271863032,420122441.41089916,37.03085152235746,1219247.646223832,11360833.914436424,15710291.387852456,2532337232.4412665
SPS,2035,Zinc,Wind,1087011558.09982,1164923638.1262012,18160414335.545135,15242895.085567806,1469427206148.2717,25153.77926942303,920.6102852861987,2470.351242918783,29135760301.040485,106972652.44301152,672633.3862049805,449193.4036133716,374525523.45107675,28.924117758189624,949265.2963347456,9728666.80296565,13127799.630544482,2198966728.08494
SPS,2040,Zinc,Wind,824694831.0098685,886606132.8401783,13286967387.876265,12930573.20430373,1277653587183.7302,22657.327149616587,810.60479930089,2170.53689167378,19155249692.27305,97024338.88421188,599258.7319469409,388431.40630245506,329784931.82265943,23.515299161006936,775824.9717169083,8362609.169167692,11188102.767105589,1903608256.6342394
SPS,2045,Zinc,Wind,809315532.725411,871257218.6867261,12328523110.60225,14270974.136220075,1406009201668.6064,25712.935828727357,903.6505218445606,2411.3869089627988,15212760664.944464,111949969.00033703,671649.1075615374,427449.7204990935,367655211.1997761,22.71904296257056,821742.446132007,9183013.135001982,12211715.131654669,2091536693.9163752
SPS,2050,Zinc,Wind,936608926.435468,1007799841.8986562,13633469946.586218,17724537.9082057,1745901119434.8723,32669.67281699317,1131.9450964639225,3011.7599379235853,13534436206.390285,144464564.6100516,841646.5371548404,531466.8221441256,460680597.6907743,27.07653623574758,990691.9199102267,11399189.757664578,15049850.683505654,2585822447.154441
SPS,2022,Zinc,Other low emissions power generation,32261675.66775628,34165256.49217092,536433033.4815215,351538.7780626775,28312536373.07434,444.98350920774925,16.910832573972037,45.80566477259858,933525662.2168502,1931625.5337048823,11919.951815282895,9095.229999151312,6882401.687068178,0.6947204037649531,25856.489233752636,203617.41362069687,296353.66761112644,43082945.65610399
SPS,2030,Zinc,Other low emissions power generation,28628076.30737122,30531821.825354863,484705873.98738724,364394.43751686165,32837726750.619747,544.0782031289871,20.218984126436997,54.45326044461185,821054374.1912718,2336184.9710952938,14564.563147709647,10162.273318062513,8223410.1892674295,0.7248360280482348,23865.36049711073,222375.16533704448,307510.7576766419,49567568.27838819
SPS,2035,Zinc,Other low emissions power generation,19883127.97235441,21308260.802096233,332182155.3542906,278816.20153636485,26878103519.87293,460.1016506912125,16.839390509342056,45.186557156284216,532938262.0826214,1956695.788759289,12303.508271586928,8216.444307174479,6850652.926550541,0.5290669915956139,17363.535121680343,177952.4105354537,240127.82394497207,40222513.30785332
SPS,2040,Zinc,Other low emissions power generation,19286534.448239353,20734408.753481988,310732582.04505646,302397.85210597597,29879549374.598606,529.8703279624225,18.957021188650643,50.76075774741921,447969805.512495,2269037.204848947,14014.425388055632,9083.96102017131,7712438.842764951,0.5499350914738349,18143.650815053326,195570.22034540348,261647.9712428829,44518293.115251504
SPS,2045,Zinc,Other low emissions power generation,21646267.772023268,23302984.177865557,329743470.49413574,381697.0205427243,37605668541.608665,687.7281747937534,24.169388053512666,64.49589143258153,406886409.05756456,2994257.379307184,17964.188061679248,11432.736349246807,9833449.164888505,0.6076523526440439,21978.642827612573,245612.438210427,326619.27889273694,55941053.273823716
SPS,2050,Zinc,Other low emissions power generation,21209389.53565365,22821498.725350317,308728185.9679103,401369.89753588004,39535707900.79298,739.800569075268,25.63275216182834,68.20091919730234,306485579.5676256,3271381.617698363,19058.97835694062,12034.998319981696,10432053.30652439,0.6131447054276781,22434.09201657688,258133.19640382394,340801.9468858729,58555619.11037813
SPS,2022,Zirconium,Other low emissions power generation,1631289.227619134,1744966.8900944123,21839441.182570077,6861.154308609504,463204851.0860145,103.45424604907502,0.01966998533226323,0.19901477308308865,16193762.990578538,358645.4090166796,4226.240188662374,226.44815667048505,613175.9948808664,0.13524189942764173,2087.7922850601517,4699.5228439410685,7886.015106776176,2760699.1087940894
SPS,2030,Zirconium,Other low emissions power generation,2137408.3604398537,2290201.263113803,29655174.761267923,10142.758815121693,656381560.5324187,168.44127173223637,0.032245937378796455,0.3051320193140995,22404350.69749546,591531.7032273689,6943.686327018387,339.83432469977953,1004917.1398925348,0.2209668485593968,2947.1023581067907,6700.4827600020535,10610.094791295249,4434377.439444568
SPS,2035,Zirconium,Other low emissions power generation,1174536.3348963673,1258817.7305884073,16512794.34508266,6029.174451586058,383328804.0777736,106.77392918264266,0.02060614446790926,0.18711535318267716,12650946.321777565,378517.4881999558,4408.832849870427,206.54781279017277,637414.132117474,0.1391843662636297,1722.9246221388544,3956.6160018735645,6085.382047551225,2777190.4529154142
SPS,2040,Zirconium,Other low emissions power generation,778101.4485267749,832691.8657748008,11079900.426006703,4460.003953336349,272510049.0284078,82.29319630985745,0.015921138860131145,0.14044581148717594,8746120.362378366,295206.8070257371,3395.346217180208,153.45215597522116,490368.17317910667,0.107471912804896,1237.624269991423,2867.5085888431768,4304.537077414676,2116412.9300474306
SPS,2045,Zirconium,Other low emissions power generation,1085873.0360746006,1158096.4554737045,15672016.933694836,7057.621898345258,407746923.8269605,133.91377086228403,0.025905686574708757,0.22053843862298492,12850862.663262067,486450.4119888374,5519.705175765249,241.96403845293827,796952.0384380573,0.1732268253331331,1880.741812954778,4428.505633713888,6423.869056487505,3411353.1718837894
SPS,2050,Zirconium,Other low emissions power generation,690853.5967728718,733523.6427765075,10118631.809492508,4984.085049097247,278848792.8216124,97.0101271412542,0.018747157808189308,0.15567449824421672,8607427.280398304,356530.49258464936,3990.35727924718,171.26143778232944,576451.0698411297,0.12445939632599295,1295.5641522938083,3089.115930426806,4353.311313830134,2451781.7795897718
SPS,2022,Zirconium,Hydrogen technologies,424135.1991809733,453691.39142454544,5678254.707468192,1783.9001202384593,120433261.2823622,26.8981039727594,0.005114196186388328,0.05174384100160169,4210378.37754969,93247.80634433661,1098.8224490522155,58.87652073432582,159425.75866902483,0.03516289385118774,542.8259941156375,1221.8759394246736,2050.3639277617867,717781.7682864612
SPS,2030,Zirconium,Hydrogen technologies,1668221.15936769,1787474.156576626,23145502.252696894,7916.29956302181,512297803.34237546,131.46635842516002,0.02516756088101197,0.2381518199524685,17486322.4956062,461683.28056770243,5419.462499136307,265.2365461071451,784325.5725990518,0.1724619305829438,2300.17745022969,5229.645080977212,8281.049593206048,3460977.5137127778
SPS,2035,Zirconium,Hydrogen technologies,1603693.8418777306,1718770.3629187848,22546315.355785906,8232.142039665576,523391251.7215755,145.7874802301456,0.028135312638876017,0.25548442453788656,17273407.477809403,516821.95504224696,6019.752545015409,282.01720592504347,870315.449621935,0.19004019239841738,2352.4547725357384,5402.302617942749,8308.88702646417,3791933.118403712
SPS,2040,Zirconium,Hydrogen technologies,1089342.027937485,1165768.6120847217,15511860.596409366,6244.005534670887,381514068.6397762,115.21047483380033,0.022289594404183627,0.19662413608204615,12244568.50732969,413289.52983603353,4753.484704052313,214.83301836531007,686515.442450749,0.15046067792685416,1732.6739779879917,4014.512024380453,6026.351908380543,2962978.1020663995
SPS,2045,Zirconium,Hydrogen technologies,902109.9068927434,962110.9014704602,13019829.452607855,5863.25511554837,338743598.2562431,111.251440408667,0.021521647308219496,0.18321654900986492,10676101.289478242,404128.03457534197,4585.601222943439,201.0162780993643,662083.2319331544,0.14391151643059677,1562.4624292239687,3679.0662187776893,5336.752754620388,2834047.2504881457
SPS,2050,Zirconium,Hydrogen technologies,1073027.9269025335,1139302.6792060544,15716172.810488349,7741.238480512731,433105571.82931197,150.6753038576932,0.029117925957400294,0.24179230578356917,13368982.79721438,553760.126780412,6197.788965639233,266.001807619362,895338.8957106903,0.1933092751446274,2012.259215264849,4797.988572790568,6761.526083182955,3808086.593830918
