Scenario,Year,Metal,Technology,"Climate change, ecosystem quality, long term","Climate change, ecosystem quality, short term","Climate change, human health, long term","Climate change, human health, short term",Fisheries impact,Freshwater acidification,"Freshwater ecotoxicity, long term","Freshwater ecotoxicity, short term",Freshwater eutrophication,"Human toxicity cancer, long term","Human toxicity cancer, short term","Human toxicity non-cancer, long term","Human toxicity non-cancer, short term","Ionizing radiations, ecosystem quality","Ionizing radiations, human health","Land occupation, biodiversity","Land transformation, biodiversity","Marine acidification, long term","Marine acidification, short term","Marine ecotoxicity, long term","Marine ecotoxicity, short term",Marine eutrophication,Ozone layer depletion,Particulate matter formation,"Photochemical ozone formation, ecosystem quality","Photochemical ozone formation, human health",Terrestrial acidification,"Terrestrial ecotoxicity, long term","Terrestrial ecotoxicity, short term",Thermally polluted water,"Water availability, freshwater ecosystem","Water availability, human health","Water availability, terrestrial ecosystem",Total human health,Total ecosystem quality
NZE,2022,Aluminium,Rest of the economy,437832734575.5801,130256363713.15584,5900659.6730347155,1755461.4300989711,0.04555638849997423,9961849680.722313,124165752278.9814,51824024648.05577,21195734.718809646,6453.479112005417,100164.28208011741,191294.19098451745,60497.5972658634,48.750940328124564,761.3661236376918,8255152470.096632,9883720853.056444,149113853124.23282,16186372839.672207,62744.829222829096,53176.20712586934,652115518.5428483,11.259071189707807,1361826.0994433877,17016602513.733103,1736.2472817970915,78481696899.0877,2290725587.4833713,1940931531.668353,292551068.5236917,1702519.4672135795,37148.28194805281,42083955.58390282,9416013.91886314,1038219552989.9133
NZE,2030,Aluminium,Rest of the economy,347893817210.8101,102156651046.78389,4688555.365314188,1376762.3763842946,0.11813841760578257,10055128056.883675,123307933617.07104,38155666813.58698,21113483.693272844,6696.515333063676,110561.19702834392,202883.21134579036,76056.76299529166,59.8481168004259,983.7169408766962,9524457656.689106,14054250655.513794,115686068636.86742,12557669910.698454,71655.00352097597,62528.511516701146,568084470.4803302,10.36653969135874,1104250.339107706,14874962772.308632,1515.5655664924625,74810421501.57031,2615921457.723889,2282290634.389502,316181238.1880328,1596322.9856032885,39865.40252334558,30304448.81755217,7608140.834777756,868912660978.68
NZE,2035,Aluminium,Rest of the economy,329943691813.3414,96254202494.53403,4446642.020082115,1297215.2399738028,0.14645272627273348,10652704681.40776,131053451448.35828,35264633334.558784,23093989.14573463,7202.8165883808315,120137.5264151824,220185.87282175318,86916.97107083218,63.24991580756474,1057.3225953247431,11786224171.087534,16613017717.855757,108295270711.9179,11755358939.12701,79249.12596114194,71026.67280766733,573138908.0241935,10.344859844776167,1084662.3627996917,14942283481.101023,1522.91958584001,77905611199.03865,2893127560.477483,2592473515.2282753,309876215.18354857,1601654.741034421,42733.5286557347,27996495.214899234,7308286.943324049,850887915484.8484
NZE,2040,Aluminium,Rest of the economy,323561155289.604,93776760235.20554,4360624.750894077,1263826.8191262186,0.16280821647269195,11368542490.68222,138409165145.9993,32281137919.759373,24984584.384358242,7748.503544734281,129198.81865213426,238481.84395316272,97977.14299983144,65.27849146099555,1114.1740036744047,14356276860.835808,18292243865.127098,105184469985.49544,11417663198.967068,86698.30496981113,79246.2771189298,588284771.1267896,11.951367983101802,1094398.3829284974,15311071305.424479,1559.441730687734,81711453976.04987,3165042304.8547773,2892489066.8938007,317467692.1948765,1612559.297420491,45451.429445784044,26648127.246104904,7240393.278356321,852686642502.6104
NZE,2045,Aluminium,Rest of the economy,314001110168.2526,90391411638.33226,4231784.286159173,1218202.5695266593,0.15973526798814955,12005177450.786953,144961469689.01593,28816300705.092896,25966644.239586584,8241.194271867584,137671.95557270743,255465.3933153224,108984.47230450025,68.28145503435756,1189.8903337271554,15924871298.814901,19623149808.10709,101100349908.80383,10974313832.047056,93882.1107710363,87423.24759171867,596116653.1902156,12.895608245234317,1095614.7359405751,15519981168.737928,1579.6497497519117,84778391956.45445,3427264119.289578,3190948483.7044,330220603.96129423,1668685.669027841,48491.03973409402,25079467.994054683,7107238.10371641,845693981001.8374
NZE,2050,Aluminium,Rest of the economy,305228713640.4637,87146161984.89343,4113558.939663816,1174466.4295851074,0.15881653844008026,12725962850.35765,152020652940.14365,25012653383.15005,26731680.051067196,8723.68297447125,147190.95745637032,271898.5653488644,119341.77135552096,72.22507242259697,1276.7280161503224,16753061011.33829,21199848144.87699,97140343872.4567,10544427084.038538,101496.9845160406,95611.31967213743,604408229.5811296,13.694583903132402,1097738.5337937705,15802119849.186539,1606.8031986689882,88318578155.3606,3705222031.5750613,3489813109.2188945,376613803.65236014,1715211.600959999,52079.43616943145,23300513.67517657,6987895.565176602,840120532335.8766
NZE,2022,Arsenic,Rest of the economy,131779788.45314664,39860842.01453068,1775.9925719550756,537.20347074216,0.00014352591712114203,5628593.445780291,81673112.74255528,13479028.149944134,56996.72087980721,6.423310468562098,789.7438604417601,327.38541581100384,246.55923042791846,0.0918762148071266,1.2753901027937287,8262458.441672991,11722417.624893805,47503780.9706476,5156513.496637383,44.619381148208774,82.9363675947811,504017.20098687935,0.031790029071200744,403.4053756222118,10569720.338739768,1.078401437854913,31429377.176250312,1628805.8562983123,3027177.344196899,111694.91471062203,2812.151479621554,198.4692358784906,45346.27372549652,4287.568082670953,392442613.4518111
NZE,2030,Arsenic,Rest of the economy,81339878.47554784,24704644.495152473,1096.2152973170644,332.94381391170367,0.00035252231781012785,5339768.368164301,89449912.69221991,9625122.349500308,69401.91593955869,7.304367732224622,958.0232699419315,384.78962040907305,299.7792059032407,0.08886707061797751,1.247655755753454,10951494.607187368,15418532.94941794,29156719.475700986,3164867.8184433267,51.93024739008672,101.88051667019394,520358.8159459915,0.03610321644195514,275.6355548631108,10137388.005798891,1.0333110305038373,28852656.113396447,1895657.0827905335,3718638.7664119476,127102.96559588356,3003.745430815607,238.98296442328135,44322.17219898585,3595.991202063749,314519626.400788
NZE,2035,Arsenic,Rest of the economy,68813554.09735243,20995203.958950706,927.3983694021991,282.9517858789859,0.00041777661560173416,5621049.166753735,99374783.4468904,9374322.044460643,79819.05714827424,8.183993902378544,1079.8779537022365,433.6262820309033,339.410363498345,0.07955406541168615,1.1163653111594805,15378622.56361158,17364486.615227908,24564095.784652043,2666340.3574679163,57.44244042834953,117.31461675740096,568506.285124506,0.039883022727977904,253.87111558180504,10708413.689455898,1.0928124883352044,30296418.14718019,2096870.304984717,4281983.404530533,124038.93798985738,3165.524205835378,268.6714594574959,48172.789192500306,3596.2404271451496,312360022.4767984
NZE,2040,Arsenic,Rest of the economy,68764682.04014769,21016240.81086563,926.7397220488884,283.2352989461807,0.0004652020199087478,6145555.8082430335,111465496.15674095,10134751.024150714,91211.00898697582,9.199156475479763,1205.7083169573662,487.3836592218447,381.03015839458516,0.07130636661081034,1.0024083795022773,21420168.715710763,18561175.200940143,24501475.423933867,2659584.2285635923,63.70558977696997,134.27605609901187,636333.6024800539,0.04727445939159423,281.7871188361951,11763578.54015832,1.2019589320715884,33378432.54584588,2325500.640261908,4901075.924122176,126221.89855154346,3397.189562705274,299.69794070784644,54074.42545943701,3877.0330614659288,337949154.7107875
NZE,2045,Arsenic,Rest of the economy,70281471.05327801,21511907.03633933,947.1814457315885,289.9153790192529,0.00046916572633939294,6804639.103297694,125169496.98166238,10771278.398229383,103031.20063919586,10.263631406584944,1346.7972625995894,545.0578780051918,425.87178386174014,0.06560076476763001,0.9270229578235688,26662305.774435543,19982659.85688207,24998178.396621034,2713538.815352066,70.65156748116202,153.12697990608774,713908.6367918006,0.053486569221542477,319.5356202364112,13048793.477844909,1.335033444388055,37040937.41124785,2579057.1652879524,5589134.624723236,135098.56553911604,3714.2570904502627,334.5952972678761,60982.79467040078,4221.533895043944,368170358.9276835
NZE,2050,Arsenic,Rest of the economy,74489489.39879112,22819592.19238044,1003.8927928491446,307.53901586991003,0.00046994447080306794,7527229.6005598735,139881896.30351746,11582810.188740756,114871.63358341387,11.362892714618845,1496.3437119077307,604.8041436587067,472.301541039876,0.06343974177395334,0.8971589396294692,30187847.744029142,21784799.1174519,26462761.749193065,2872539.731023873,77.59548467877337,172.17815343244382,794840.1297790859,0.05940877263523247,356.73966552590434,14451238.440360473,1.479465667038917,40949593.836539954,2832539.992758455,6284502.439683132,145342.2497364543,4069.0155914933507,372.9845964770637,68401.98656125652,4628.4044535156645,403254617.2356102
NZE,2022,Boron,Rest of the economy,3585710527.635763,1082623399.8360145,48324.52181674939,14590.48576189349,0.0016710088075642883,300187851.18771315,1986892534.246185,285980181.4883026,1094534.259028386,148.63562074210077,1738.0636861518542,5292.427608879185,3281.3837219978973,0.825685734091112,12.65386732311204,210466663.8576912,308990643.46072686,1296414741.1316586,140725933.14707187,1463.7351175596377,2731.343330823725,13261917.293601356,0.2675980606258093,15261.39808901081,363043160.88975894,36.828799292216786,1771708885.0600243,53428914.128699146,99694029.3949842,1715455.115724849,44478.17886870433,3964.028435692765,1340109.968377011,92650.69493430923,11503328222.676197
NZE,2030,Boron,Rest of the economy,2978475167.1608715,896067669.8872751,40140.827623191464,12076.279325607617,0.004127906808285964,338946908.2880213,2238945888.712238,198689240.55900177,1330475.4707593636,173.26212727131397,2071.4164947499853,6240.915857428815,3992.3604580736333,0.9922435341958815,15.10578692748891,279508355.99228275,397065494.4586855,1076093442.505154,116808910.72458093,1761.7001539594003,3340.7976044743837,14560527.93810566,0.2984837986364542,14266.227668194848,392919500.8480106,39.82764247296388,1985064211.806571,64304484.51639678,121939109.85346378,2024862.4749139168,48799.681851633926,4799.607289841914,1470248.17254486,83816.12869740486,11104268463.93014
NZE,2035,Boron,Rest of the economy,2898161752.357541,871801981.3214381,39058.44594861727,11749.251308769453,0.0049600927545595495,374517109.3495897,2505875281.0387015,192734578.09368,1540148.0495361264,195.1374591167407,2309.694495967749,7054.652792654408,4533.126287960912,1.024350933460449,15.393473503907707,404024150.6853173,450673341.78608614,1046419231.4519308,113587949.16742334,1991.3565023046297,3827.427696298292,16154716.76300631,0.32262862362933403,14994.817159463528,429696308.40994936,43.58901596206305,2195504373.8201747,72687148.69912414,139701107.78513175,2012905.2729964806,52864.84282578976,5421.811529340306,1634973.785281978,85376.24204212464,11716785803.501566
NZE,2040,Boron,Rest of the economy,3006144789.763841,904436595.3320811,40513.73036366056,12189.067103634066,0.005576292571812377,414708891.9669907,2819286479.9532228,207719142.51263237,1788086.1208999974,219.554535577985,2566.9002446138757,7957.534002462232,5111.190062277358,1.03630055369782,15.502719880575055,613641257.0037097,492703115.6910583,1085013809.0379093,117778348.3340675,2242.259255084008,4366.814249604556,18132850.92015776,0.4160281249900494,16734.85514583961,475952745.5568463,48.329242391364346,2440513917.659831,81845458.99617305,159388716.51094496,2088324.7077047576,57880.83572921425,6066.224129623166,1838994.2324448763,91423.3035188585,12843046078.758623
NZE,2045,Boron,Rest of the economy,3143361531.03211,945830365.6944567,42362.99659888419,12746.929807621675,0.005720694531141398,462865892.0992899,3207339845.744613,218904799.82810754,2050965.362586434,246.15600136794538,2870.414744876036,8944.84046209465,5741.747677164517,1.0855418414673657,16.262361765048666,825805265.5551704,548614199.1272296,1133883004.4095612,123083990.86752425,2530.614844148325,4990.5106102664495,20360975.930843223,0.47993134850011643,18798.267390462566,528611075.00033575,53.73363397099759,2724172417.292721,92370867.75687392,182153633.12862876,2325746.286794476,64532.86883042231,6798.357927696802,2085622.9195026413,98580.18647658377,14163892319.939709
NZE,2050,Boron,Rest of the economy,3342151009.998678,1005784459.1560835,45042.07692069352,13554.929475185745,0.005855060639596816,515874896.83451957,3654761852.6836905,233337009.08347782,2305895.068018453,274.46581405909643,3197.9086607966374,9987.50834693654,6402.326986762867,1.2471521824013327,18.302976121324374,967727517.7569066,617954516.1171232,1204709132.4713318,130772695.48460032,2832.4792187005673,5644.936894506458,22777868.062829927,0.536687216265512,20997.795162714272,587187578.0218745,59.73236328154265,3031773100.054579,103389380.94067235,206040191.92804998,2619375.965990509,72345.29867868887,7664.044458819088,2356866.7961919797,107199.62778906243,15631604241.775877
NZE,2022,Cadmium,Rest of the economy,49171501.03159261,14908038.19531922,662.6829623056381,200.91522044540437,1.2421310202121816e-05,2169799.8890864574,37465378.87345165,5689875.125951865,4184.306735279964,2.7244859828706063,386.0302728393829,149.79345781651932,135.5977296214968,0.04113464965844071,0.5663008202358993,3305863.875620003,4785522.471576409,17735819.136536974,1925247.8279430321,11.319034121591521,17.64616194561621,193730.8516093407,0.002355010699104818,138.05133504493347,4393284.295292281,0.451675625838987,11820078.918759234,413233.4564201579,644084.8963565365,55015.986711259626,1124.5441786250512,68.97857941445886,15777.79052077332,1745.7943886906867,154697591.31071153
NZE,2030,Cadmium,Rest of the economy,23052861.854539543,6993435.7906060545,310.6827829846617,94.25034169679246,3.378067524706866e-05,1905911.6437513647,40766618.78179686,3226770.186823815,4865.211450430339,3.0559584911677518,468.45533722353696,175.1804342756543,164.50284477545503,0.03942511303059017,0.5603011812890816,4216667.242944464,6476172.486335856,8256857.110119501,896279.0415997647,12.723052409833347,21.746728430568847,193562.74122686108,0.001766503790773942,76.42671970529682,4177017.6469098204,0.4295593503003245,9950242.339482058,464478.591867415,793755.568559378,62951.41742507115,1147.08750414468,82.12221810413823,14171.848332653917,1375.6682816351765,111453801.56190066
NZE,2035,Cadmium,Rest of the economy,16935002.03419852,5154453.890249615,228.23255503900802,69.46643324160166,4.199941304741228e-05,1899019.970433104,45118034.76372426,2957155.9126448627,5888.889862546304,3.4060154334821786,528.2034022050475,196.68147727248245,185.68528659844026,0.03458593628939231,0.49995704013438574,5611829.01050279,7470916.144418004,6025195.593483076,654028.1672320238,13.664766413738853,25.116526176537878,210291.29475024264,0.0016225928341252439,68.3863321406383,4442628.03268483,0.45748749921334014,10147580.525517397,498858.03437921935,916753.1828254239,60625.090425382296,1173.4343972030379,91.61459627423397,15169.79163461296,1372.6351850763099,108124642.94631694
NZE,2040,Cadmium,Rest of the economy,16266446.958944872,4956765.401679898,219.222456745162,66.80219092434925,4.730648166057302e-05,1992252.8889118042,50238390.87166849,3175869.8542317883,7118.519379801326,3.8041563250562787,589.7458674142097,219.8678213901289,207.5496313193966,0.03071078391590394,0.453020505243063,7510268.362717331,8263426.599476451,5769898.107255127,626320.2470921031,14.805264147123975,28.703311794305804,234087.18732329493,0.0020950725693812534,74.07243448564562,4891113.813463859,0.5041410975121497,10952340.036401529,540496.342814314,1047670.8543032005,61561.300185300635,1234.8657341794299,101.69851408548679,16959.07881239174,1483.7223514667132,116552265.19314921
NZE,2045,Cadmium,Rest of the economy,16370224.825776812,4994379.022220077,220.62106819676373,67.30910865559632,4.8069397176290734e-05,2176518.4884529505,56125207.04573995,3411554.943576106,8268.043893299184,4.232880758349216,658.7791602899966,245.22873209864952,231.56510312848002,0.028130077069143843,0.4248394590683992,9272813.370982928,9125883.908677133,5791912.464617877,628714.3735255729,16.121945313043714,32.73592508651392,261430.5052865007,0.002389151512251378,82.09707002668333,5429647.309363021,0.5600943254765015,12056009.68614263,588566.9405590829,1194861.2354127588,65798.73130770797,1335.902558871237,113.25539522637095,19105.166906473904,1624.075866060092,127522281.22654887
NZE,2050,Cadmium,Rest of the economy,17118457.229263872,5226794.61675513,230.70497565240004,70.44136722918527,4.909981629660482e-05,2407501.841106615,62550696.39450442,3668397.826649204,9292.15791604828,4.686225183536102,731.9412108865662,271.99910227848073,256.87234501732746,0.027199107863628634,0.41780692673022196,10506775.234575365,10077093.898449047,6044868.14302029,656175.1872287616,17.47079315907688,36.93465879425919,290507.50494887657,0.0026449167060094685,90.83618038727096,6015297.585519084,0.6208034900520254,13323809.795372557,637812.5094581309,1348115.0114494134,71115.391192846,1455.3538165746336,126.17611854594864,21448.285261000616,1784.6988080542333,139975668.79966444
NZE,2022,Chromium,Rest of the economy,25881135358.2724,7895485910.359758,348799.3469121104,106407.24626819452,0.005011291077488231,1713341272.512064,18488908249.3477,4112654568.4987807,12269787.762404483,228.91550219233025,161902.91588552066,4961.144207641971,1974.8547756786193,10.361369493655255,160.62084471759843,795182649.6922119,1267691189.3505857,9357967508.089703,1015820285.5356843,13795.011547496377,5284231.230116401,52691206.011987925,0.5810024589090883,177352.84559247788,1065444148.8083466,105.20636281488031,6048862638.526996,503535472.30424714,192874432689.54373,15390831.952908965,144792.56170114875,4354.171644145752,5329862.233186888,806247.8502002505,271111588601.54175
NZE,2030,Chromium,Rest of the economy,20756385734.10567,6351995410.891329,279733.23766817135,85605.66728900872,0.012985287893061465,1192829064.855381,21060198815.251553,4051142286.574958,14839419.456845729,206.52028668043388,196452.6043781978,4121.327627762387,2340.270286688494,12.330356136866994,187.4622238521985,1031306273.8146267,1635531422.2305336,7497385333.800453,813847473.2270969,16678.219108770387,6417156.618850308,53472357.464130856,0.48622659567356985,167090.26393248801,948174560.2650177,92.82237355772934,4383414793.628523,608771176.2572113,234226207832.4547,18432637.337811515,123509.80823276911,5088.251915229759,5086773.92689641,740918.9158425617,304655581206.3597
NZE,2035,Chromium,Rest of the economy,19562597497.62982,5998844779.544562,263644.5865532354,80846.26594783003,0.015842427619814716,803314521.0028062,23460039045.207886,4333622656.199601,16861265.952377062,219.39261306370133,221534.8863418965,4392.842115505862,2791.900407121182,11.906959417275187,178.40403990801514,1404139409.586255,1862749729.0379326,7061514961.160291,766533290.9809527,18642.54302588341,7237909.211323513,58091690.177554205,0.4543355710397882,171418.0356625086,951875342.9135109,93.25930940889452,3487063339.7761846,680469808.6399593,264183676337.87466,18336381.469581805,110783.3486988133,5710.815911762538,5353778.205680659,750830.8451555603,334662453949.4796
NZE,2040,Chromium,Rest of the economy,20477780307.40647,6285008301.698096,275978.4800220088,84702.88385579389,0.017806729503294812,531861489.548316,26145254454.37637,4795060953.79441,18983179.60437243,244.9782658040719,247393.91378752096,5028.058053483907,3289.421380577597,10.617581384298134,158.8161695286717,1873702453.3835955,2046508879.9460666,7390086769.68567,802203103.5034487,20613.631292825954,8083089.752029756,64791310.0247649,0.6775760022629792,185672.33999250422,1024585099.9022412,100.49752493708463,3030602861.004592,752416097.6957911,295032764920.4787,18313162.107804682,103338.47884355056,6228.827500723899,5870465.423875034,808798.8963006939,370304003950.00903
NZE,2045,Chromium,Rest of the economy,22292499725.112194,6844281510.789912,300435.40352903755,92240.19349707964,0.01806638404385259,488946448.26954174,29239638803.219486,5333414743.940473,21269697.853097767,274.9880618724504,276397.63321690424,5745.311984470519,3780.1364600688576,9.788594613847115,146.8201278486813,2239070335.967245,2260739045.6227326,8044192414.802059,873210108.5237716,22858.838383173836,9030252.263020752,72479192.06368835,0.7918723681706359,206144.1966021888,1130433641.1485927,110.96405955909523,3142203050.523787,834368114.6192102,329604195279.3296,19284318.019532226,106543.56471233116,6841.101961563107,6556978.749402804,892117.5438153413,412455946517.94055
NZE,2050,Chromium,Rest of the economy,24579984357.727226,7547456612.174754,331263.7707891795,101716.8649795653,0.01823518119994432,543255571.843432,32541894020.29178,5914431587.209227,23641434.94244638,306.51633406563764,307113.31650549325,6457.246501207162,4234.496837908467,9.42599132534267,141.63760267899443,2490569393.6126924,2499689664.6904593,8869078792.566063,962754493.6852332,25229.657981802357,10033735.985333905,80553839.52477133,0.8642363530942879,228948.3660182833,1251091741.8847125,122.83446789005923,3492000643.044269,920905172.8291193,366231349774.5567,20643193.249551926,114674.8484450419,7579.16092147505,7322309.014930972,987885.0779174194,457986800076.15173
NZE,2022,Cobalt,Rest of the economy,565763293.5723392,169639612.51620886,7624.776292689495,2286.2283892766427,0.00032523201914231523,17983799.497647583,160545830.11477566,37857951.19155771,183769.30705021822,7.095515958894028,408.6588137985223,233.36282882678302,201.9172772274551,0.14070747207961007,1.7207851767740543,19514922.524676263,39798647.84535124,204755753.96027404,22226159.53721831,159.17444267789645,188.0524412754411,1200022.424623914,0.0672734509475037,3285.9317583694083,44008800.56108122,4.4492104881208405,152691605.46742648,5810227.086238142,6863914.015782379,198232.18726344476,9767.40092655265,683.3361618104242,131662.04516561516,14737.544274689955,1449184326.7672966
NZE,2030,Cobalt,Rest of the economy,554308726.5294935,165178236.34950513,7470.403408819765,2226.1025459241587,0.0008055443778916797,20415700.070005115,177545229.454797,27122802.806709763,224524.33351894055,7.919693782631194,497.4980269375727,265.6238970582082,247.96947767121833,0.1799329769128121,2.252438375436791,25750404.53040128,50912111.051997945,200648582.57519966,21780196.041779634,194.69315175140312,233.1290509671461,1279209.7550020362,0.081570882617903,3391.9750595963933,44833915.52771767,4.5079803343748415,168809698.33032405,7106652.120371099,8509210.242926411,241026.699835008,11408.687442543282,837.903381829484,145328.9763409825,14952.237449334327,1474823400.9027462
NZE,2035,Cobalt,Rest of the economy,563650570.9755436,167780322.91991472,7596.303188607291,2261.1707951253516,0.0009215034187745688,21910819.03676939,193398675.366589,26389497.15370383,249375.5858464581,8.73394058541839,540.4878530703003,296.14842203457385,276.52521066631823,0.19520004208147104,2.436990159904949,37397580.504890755,55018163.171296924,204017971.13421753,22146020.36046907,214.69272640304328,262.40601013707874,1352361.418273735,0.08876852867037306,3464.464104313395,44454303.71831213,4.457730974238206,178535042.9170127,7836658.995020285,9577819.233046075,236314.52255501188,12260.484510796769,917.185302674068,156733.37821770855,15368.002276864712,1534120977.3735907
NZE,2040,Cobalt,Rest of the economy,561230177.2498515,167008557.25089005,7563.683609193426,2250.7697304815097,0.0009621525922928816,22749878.299747296,206227794.06174985,27189718.28806968,269681.84519197023,9.422742184280368,562.9781437441432,323.3134971847907,297.5276198532508,0.20289737006291428,2.527702119735481,60180140.35696821,55524708.19498739,203125610.07437062,22049341.524086468,228.15994563258923,286.8914044424322,1405739.4800989293,0.10293570963251202,3490.6287979620834,43199455.84481736,4.325428403375395,183339219.29065472,8328238.814989908,10471536.105144728,236508.34741115643,12706.603790019348,959.0761298491417,165124.46654560076,15464.356309450915,1572714660.59182
NZE,2045,Cobalt,Rest of the economy,546028998.7610449,162430329.64827624,7358.817746281468,2189.06908310293,0.0009144098764669831,23778561.440425247,224982487.46569744,27563042.182555847,295053.90905040427,10.129047186626135,586.9055496240103,351.4627149560166,318.78992691975407,0.21050272103241455,2.620824370693144,98334141.65925385,57172366.48070765,197549558.56076893,21444198.6178643,243.5232486472387,318.55819145129726,1475523.3117380652,0.10824775235770996,3574.6830762930026,43055809.897892356,4.314080231533939,189399063.9610369,8889036.664182035,11627373.80263181,250400.07005803715,13289.162656430564,1011.8734951041138,176802.78986154584,15408.773766024908,1614466609.57423
NZE,2050,Cobalt,Rest of the economy,527874542.68082666,156980118.0621832,7114.150642792513,2115.6167315733073,0.0008861610540824435,25433858.544809762,260232627.13302192,28283451.073330548,319473.45557058934,11.15358325970014,617.6726445293541,389.79811164355647,346.22094443608637,0.22102917648974876,2.741547646498294,127927646.7759704,62953301.29972689,190787854.88208997,20710266.16548652,262.05517812496504,360.4464982927167,1562944.337103983,0.11142496399271175,3672.5113240419846,43265966.59702344,4.340199728146207,198143222.73843914,9565502.121911932,13156296.963641316,275912.0609772321,14214.303612169004,1122.0900786718048,195060.5473785871,15396.40720892023,1667682890.8963234
NZE,2022,Copper,Rest of the economy,47081737766.26279,14511161409.829363,634519.280522789,195566.52271983965,0.04368724066335561,36622098279.3242,486950023942.72253,6499024539.147858,16201354.753882255,50839.24112293653,109225.01258316351,1768214.8973615088,1228998.7104337623,29.869355228192447,376.40329530665923,14518596603.111895,28078594142.05971,16800179470.760048,1823652189.8843062,410343.49137708935,513849.82649758435,605001452.5088108,2.1785622278733348,1066051.1087982804,11637712861.35303,1188.236479230467,180316023133.70242,14978102264.760654,18755518449.60269,82946380.14823166,1541201.1229719166,104116.8625284839,8592748.814159367,5159098.43795295,879287629134.0682
NZE,2030,Copper,Rest of the economy,32471824727.03417,10143009839.612171,437621.88574264024,136697.0641991024,0.10806736999143342,42698815713.103096,593922563595.2468,5620032872.481758,19916408.251306966,62169.514109694275,133291.17161059874,2163047.771212179,1506566.0819101143,35.5794005990146,449.1339546225829,18115503670.68366,34786798434.92962,11450878265.712883,1242962485.187268,499672.8693317778,628319.2393563928,714135582.886912,2.0761528085128558,1203547.0747986075,13380893248.565514,1366.1877622315862,213943799672.98364,18238739121.636593,22933651967.830204,98485471.05295584,1752909.971780722,125942.08616707555,7533002.312939825,5770700.027910366,1019792420740.718
NZE,2035,Copper,Rest of the economy,28170345829.030483,8892216130.474678,379650.9733669735,119840.15177411398,0.12695602522209198,47373843912.75221,662550623121.7668,5785748934.959182,22847977.79373466,69441.43668453532,148529.75031346997,2417120.477232534,1683623.1710009512,36.56000359532043,455.7350484075104,21443372674.982655,38854856945.731926,9853547875.177769,1069570256.6968973,561495.4186100358,705069.522767118,792342512.5235958,2.060494776038813,1319785.0684183394,14694156718.719767,1500.9321256646433,237747943061.89688,20495339226.90776,25735037280.575775,103458239.35783128,1881398.663729567,139658.45896170454,7840872.5914320145,6279608.193583971,1123596234668.1963
NZE,2040,Copper,Rest of the economy,27917362218.019512,8858986043.323847,376241.5202388233,119392.3107731212,0.14001716157201094,52206577903.25096,732512038968.558,6275313560.447799,26159702.277508892,76831.10790402514,164091.15378760808,2675312.4022290413,1862938.2633424208,36.7526696529448,453.4454642262097,25732271366.981876,42723803249.95866,9725336899.264374,1055661635.9949615,624886.143800145,783517.2939574472,877279589.4598908,2.9236864563713802,1456425.3095238702,16184244161.052137,1653.7717521516342,262444189446.7837,22809180965.247467,28598380896.842045,110189024.65383369,2031534.353616118,153724.6476086802,8763129.421757452,6887066.832243565,1238069173269.1565
NZE,2045,Copper,Rest of the economy,28153310407.676785,8969001797.303228,379421.387493523,120874.99003452343,0.13730332472168433,56578750720.179184,793538483272.7236,6717460742.159025,28963564.19216775,83374.84980964765,177933.84109305887,2905786.4503635573,2021765.7822978427,37.04067195361922,454.87982063012277,29465067663.59163,46147553795.36863,9779197090.503944,1061516327.128176,690872.0885425727,859678.1524086368,952059987.1093515,3.299440713874976,1581794.140533971,17510054342.164257,1789.8571367287573,284549436256.61743,25217739009.367172,31378252204.288063,117834298.81129156,2178420.1378708333,166238.55856130994,9825051.512983344,7439438.010531258,1340178229600.186
NZE,2050,Copper,Rest of the economy,29145559135.632614,9306513421.337029,392793.8962287207,125423.62487573334,0.1338342437320854,60994011015.75958,854309351921.6786,7199296643.743974,31546545.412114993,89907.82951388764,191788.44374423247,3136303.51126307,2180192.304635983,38.38716066690454,469.6147041736287,32448003432.481712,49669778416.3982,10105042065.704594,1096890451.3457227,759537.0058289618,937426.0677737878,1025255864.5616584,3.5317519343055115,1706834.2660494237,18820346063.45258,1924.1300664157638,306714754152.7514,27724079387.905067,34216051090.062885,126257868.84113814,2335466.0935649765,179512.49272976271,10984333.020223226,8005153.617519362,1442947747888.435
NZE,2022,Dysprosium,Rest of the economy,9268588.104842778,2856736.0885354,124.91250608847653,38.50015360617509,4.183631124736988e-06,341928.46601804765,9028180.112402488,987753.1534095386,14671.690471024329,0.22211013107189548,10.078681404866158,7.8518113110496675,9.03344773015259,0.1091559536548701,0.6111492258284749,6525970.187432209,10993023.208287135,3336720.1851504506,362203.2080795738,20.77278344757379,16.023357645833084,11368740.731901122,0.001161496944557556,26.498621495203565,478769.5101080749,0.04823605822878293,2500112.079261544,758275.3915929755,584852.5509465045,4214.808724991164,137.81073639663632,6.803892406143975,17182.74386245627,224.56177110900495,59428097.13076602
NZE,2030,Dysprosium,Rest of the economy,8727867.066319697,2698558.559205306,117.62522357812692,36.368399393713304,1.0249045492701723e-05,368198.73263548187,10635459.950408088,901530.2723061626,17809.614510162417,0.25411554081589655,12.180058598163404,9.121752260679555,10.969863261701814,0.13238996671595302,0.7402288991763245,7954391.892678781,13383011.652652767,3136889.4564011786,340509.8818669784,25.187362848030507,19.492977984055596,13802749.168132717,0.0013679017382071043,24.6137953290186,500626.75804033567,0.05028626479969534,2681765.621803724,919420.8525494619,711493.6925174935,4976.560027697973,155.49924574107737,8.219377333532313,20529.743403421984,220.14446859158804,66805989.98714893
NZE,2035,Dysprosium,Rest of the economy,9137661.840958346,2830723.8330985056,123.14801644730724,38.149587147781794,1.2143045834906802e-05,401908.2351491784,11950388.21620528,959977.8887425393,20136.68017277736,0.28513579178850557,13.697064205464894,10.277865433717313,12.407828933447737,0.1490444846543465,0.8308254777313329,9074365.53663562,15089479.191307876,3281884.3971676044,356249.4973887443,28.396244399537363,22.058940952622514,15566750.43140706,0.0015120476067493525,26.13745339958036,544214.7086870964,0.05467009327323388,2940312.2466753563,1036555.2864377545,805151.3402716622,5019.029265381834,169.72864335092663,9.268458466203812,23100.284355467826,234.25841771777152,74024099.18957588
NZE,2040,Dysprosium,Rest of the economy,9884761.67636848,3064872.0494114645,133.21666031118153,41.305196209836154,1.35353709261123e-05,444314.05132852873,13367366.562415319,1062843.5184857077,22560.70118628564,0.3204363176773801,15.274558093912294,11.577554998337511,13.918819524854385,0.16620860465674184,0.9244220035649889,10288623.617467254,16826048.691151954,3549108.316518066,385258.1843348907,31.7187290123262,24.743510151110815,17383858.094507966,0.0017516658323166558,29.12811938540996,601119.6791028774,0.060443539839707225,3267569.8598000077,1157836.778019726,903138.115360722,5282.0847401292685,186.22955948573556,10.36290995427331,25807.277577899426,256.0908723186018,82240612.34685779
NZE,2045,Dysprosium,Rest of the economy,10762232.322754342,3339457.946809335,145.04230799663048,45.005782786342195,1.367665048117009e-05,493127.8614782898,14959346.076441975,1151407.2282388408,25242.44458330697,0.3577444689641882,17.048948107701413,12.957713211468779,15.558188467259159,0.18550324943051288,1.030251257463451,11598650.111782338,18776438.123046353,3862989.711058252,419331.48789348843,35.43507560539962,27.749151497436927,19420417.921214968,0.001990313573445232,32.672456790502984,667772.8363688239,0.06722149368001779,3640030.74365543,1293495.5214018913,1012844.023761655,5805.516803066279,206.4593975343625,11.584708041028232,28850.932668699003,281.32731329238584,91457710.89325328
NZE,2050,Dysprosium,Rest of the economy,11806808.356226541,3665504.7384996973,159.1200303718417,49.399906418304795,1.373075047019669e-05,545167.0285860838,16656515.71325369,1251676.9691400242,28060.96519037895,0.39659523003958674,18.92902375814374,14.38523392010717,17.262882163579896,0.20603264570202617,1.1433653712005043,12918441.843716977,20853044.3991946,4236948.102511994,459925.7160204775,39.35617443819633,30.901019956140928,21578289.337543022,0.0022410136022163974,36.355046263979354,740690.5611035504,0.074594770355405,4034979.6739806426,1436628.4336584061,1127887.221746111,6412.01802297087,228.6586424796341,12.934449436267638,32080.11885776521,310.0033691200954,101379360.59987588
NZE,2022,Gallium,Rest of the economy,48874122.33544663,15167496.640938789,658.6751978061855,204.41193458434492,2.315666700709864e-05,725295.7710390787,8085609.560838938,4580377.365916547,47619.660987697134,0.42636945908821006,12.998483997145119,13.602998167768847,6.4227728758364115,0.008221778885704361,0.13815882120476314,964333.1921793168,1652976.545795559,17632287.702849627,1914006.9534130709,7.151057127870864,14.618155693219325,2013580.39346334,0.005014700438127656,85.47275001423846,1467634.4206282792,0.14223022991339826,4859969.185751345,261036.99446160457,533562.6699936282,19133.844233715317,334.5005418737814,18.983514494442332,7955.339632121815,1001.2794238284222,108807355.64152372
NZE,2030,Gallium,Rest of the economy,44597478.696842834,13899140.119066164,601.0389895233393,187.31832863988916,5.68193936781433e-05,707295.0346544478,7744684.430669078,3649233.563913145,57690.63390184617,0.4253227852620121,15.47035657848625,14.035396264293846,7.72699527472309,0.009540636559823163,0.16055307624201728,1292632.5337885239,2229215.577033143,16074155.422641728,1744863.658781089,8.448065618510624,17.92811042900713,2429279.7041036873,0.00586798016814048,62.39980158134691,1330211.921971271,0.12634395422736075,4413705.392551592,308373.82048610033,654376.0145305996,22710.095033867077,340.6354428126505,22.81182511225008,7869.536795291793,911.519779402066,101163283.95435059
NZE,2035,Gallium,Rest of the economy,46574532.986682735,14546389.720028123,627.6836956221579,196.04129367582198,6.73085265867955e-05,753313.2771668029,8445399.40320261,3763837.7034727815,65260.90617994074,0.4720071335000654,17.248099538619677,15.766161371291682,8.901516369924414,0.009466531127697521,0.15884363261140433,1888320.3185666073,2493373.2870992976,16779601.03910367,1821442.9051581656,9.430524676035304,20.568387832614988,2737230.423930565,0.006462984519526627,62.18695310465676,1395281.3132349327,0.1319962507315026,4670566.841605885,344234.5216843005,750746.1372170399,22150.601704978286,358.2328764387473,25.716723615361072,8620.148669952992,954.3137518260745,107060690.59357737
NZE,2040,Gallium,Rest of the economy,50521420.66554367,15793870.782613564,680.8757919386871,212.85356159719805,7.488550677047682e-05,823504.5531787564,9501402.576817008,4165060.928052284,73170.7078827599,0.5360995847173916,19.14208817777409,18.060033356611427,10.242018025478943,0.00945688021750691,0.15889902399801983,2706830.839488528,2639598.526756076,18198463.537801776,1975469.0953986854,10.52179029101002,23.445447794741884,3056783.4005997186,0.007491879500145376,68.9271241073164,1525006.2403624833,0.14433568482254655,5143257.973590711,384068.037356744,855758.8230803098,22860.981182874293,386.25533884184676,28.782569936360822,9651.122254450387,1039.7300117027746,117396599.90641472
NZE,2045,Gallium,Rest of the economy,55302934.404045925,17298217.61491782,745.3161206258442,233.12760242524402,7.548798252435417e-05,909815.2342067452,10687333.247433536,4458675.661493822,81866.97757048276,0.5995692939152407,21.296563626056894,20.338763976490082,11.527425028854951,0.009752464391146683,0.16426402761869255,3376920.0699893306,2819285.8868672233,19918131.822307408,2162147.7586889067,11.723514766068085,26.64915370649761,3415260.2175119845,0.008543711503712132,77.58436973637913,1683336.309210515,0.15955390745682113,5711528.01316722,427933.5380911071,972694.085767301,24925.264005475263,426.1148376115774,32.19205223470512,10846.824085749324,1142.314826828032,129262318.39949447
NZE,2050,Gallium,Rest of the economy,60895985.556860015,19055700.100409992,820.6935166472314,256.8131454803101,7.564162534695701e-05,1002386.8567163721,11964685.99512387,4808624.305707875,90988.3279125512,0.6634873016749145,23.57023525023804,22.582140147145296,12.729656409957387,0.010385035072131761,0.17408861884334745,3827105.850853898,3056059.6999643473,21929860.11813952,2380527.595365469,12.918531782944104,29.86740274957099,3795144.4236117103,0.009670667709399838,86.47991170644256,1863579.2068752549,0.17671890907675677,6314657.689063641,471554.34588027094,1090160.1727120709,27435.34330172906,472.00267138505274,35.983245220995556,12128.046019736932,1259.875814419291,142587099.5107657
NZE,2022,Graphite,Rest of the economy,2560603583.9989343,889440599.9103147,34509.18383184479,11986.966429872411,0.0003941851271945445,41225595.9785296,742418492.2911354,620946311.9136071,856233.1108536035,26.223292848107356,3200.9381103227706,844.295820601341,336.73237103984707,0.3380669121721531,6.094958952777868,105701036.03311175,161555594.69406292,902968698.9130722,98017202.49746646,679.4064394654187,550.3865524377011,8487242.510166075,0.08142074969412856,8873.36002333104,127146366.51968256,12.945064471599473,365435237.907796,24799985.170763236,20089108.863688804,2036602.9959656973,14353.026129381878,325.6364474247006,1853912.2034202316,60122.45754695841,6673597377.510105
NZE,2030,Graphite,Rest of the economy,1531143523.5819833,590221312.9252095,20635.179010980704,7954.396329042233,0.001129446759859519,36807895.42540407,668525113.6338717,492812054.1999842,1002972.0193220759,21.205317224358467,3860.026635558947,728.8488341157353,384.22110844494586,0.635175847642011,11.415312937291013,132520158.79086994,224292348.08411148,526410494.25765103,57140409.35368387,823.9270333744115,675.0740447883242,8474461.167201916,0.09680065936813119,5389.102094214683,107851322.25316589,10.885576638625832,285868856.7653265,30074151.645310763,24640202.224171743,2473543.269179724,10250.496639675186,371.49992719312627,2063642.0504396078,39366.87669733185,4722334185.873843
NZE,2035,Graphite,Rest of the economy,1373664593.316364,557605213.0045413,18512.839814575465,7514.830041110751,0.0014130878266953384,38453832.91368489,727881117.5055746,517056523.4843359,1139883.6150015052,23.05445797368224,4343.328354829976,812.3269633683026,454.0505100913383,0.7782844215990533,13.926671366102408,184307841.89892256,255608367.7764442,465869481.0101697,50568666.52528109,941.8329205887109,796.4868490684993,9274820.21941089,0.10999673906616274,5168.796547841605,112142568.63245417,11.308836777001849,292457587.8731564,34377643.30570031,29071769.48444532,2397961.212057628,8963.099823067503,424.3837007516654,2299341.680928764,37278.95561883051,4654187881.848676
NZE,2040,Graphite,Rest of the economy,1391386275.4439647,579856337.5386088,18751.674435956276,7814.707826142895,0.0016153820513026083,41834781.23290555,825349587.9626977,573801714.6909125,1298173.7973410287,26.76602743333992,4845.352554325718,958.4089032446059,543.8547448609909,0.923040607152347,16.45688248157125,273549925.00020826,280585547.9982581,468529256.83703446,50857959.36362979,1072.196860908371,940.3728917213016,10369856.002994318,0.16735334770333204,5660.838328389662,122293432.17363168,12.348400679331917,319933419.88889635,39136025.52643511,34323609.92716625,2499738.3692346183,8732.578000654343,488.4443690817898,2569369.590682298,39119.01951920743,5018185716.745597
NZE,2045,Graphite,Rest of the economy,1472605450.8212485,623239722.7879046,19846.26302140797,8399.384506273263,0.001668176801119025,46866693.98732996,949059439.0454485,638318102.8713537,1460871.2126096163,30.940857110854246,5414.365089377047,1120.4850535440137,640.6471170606392,1.0882695311996806,19.387991006998956,332470313.05836415,311147142.9030824,493697868.11692184,53590594.530725874,1215.9493382298217,1097.6598747414118,11628578.90541145,0.1991807144545718,6369.461233024608,135581761.91570568,13.706323939433982,357980498.05032027,44383116.21686668,40064584.684307784,2777250.329624729,9544.379902091743,561.111320975523,2877123.994675266,42415.95135367991,5517760925.4245405
NZE,2050,Graphite,Rest of the economy,1596058691.989884,680440865.9525543,21510.038945892633,9170.28272899292,0.001716687995782936,52424212.31015625,1082096651.9936998,707540130.5973345,1625885.21701111,35.0538370932312,6014.86933748946,1275.9632831589415,730.3574714792001,1.2579993286789488,22.38033703162985,372516217.59260625,345120798.21846163,533878698.19167346,57952545.843499705,1361.0834600206117,1250.7724941773463,12836676.051276142,0.2198390869421457,7097.290662932859,147778621.78649804,14.94119012654356,397777582.89798015,49680644.92902944,45653195.17564755,3133369.303133904,10808.870395837446,641.2978860068115,3205354.9736226294,46512.69514239149,6089733511.925373
NZE,2022,Indium,Rest of the economy,31750841.902946413,9528633.096914561,427.905220035813,128.41712605143678,9.2407855927563e-06,1602058.5945387261,39900976.60671604,3172024.126254657,3274.5604516049175,2.7874118526328635,448.21331347568207,160.45182137910368,129.2564872548954,0.035964944067831836,0.4702092401517125,3156583.8395115794,4830385.786076195,11462439.70547383,1244266.4616360103,9.587522825642804,16.217023842012587,192787.28978701227,0.0021248174458520664,84.72602223654397,4501046.2282008855,0.45527301551779525,9810658.714643251,350028.7135681712,591921.3603745684,31833.700144602706,1094.6458922269076,79.34666691358092,15410.453823535492,1462.0316950398121,122146292.31077506
NZE,2030,Indium,Rest of the economy,19146828.898167364,5806992.449231737,258.0412846383107,78.26067744726592,2.433513365319555e-05,1566113.0964113749,46314844.45889927,2902144.651471341,4175.8692196518505,3.252724786480948,544.1962454889683,191.48594081529396,157.09708179961513,0.03118155882344917,0.41051505657797094,4061170.6480810777,6235066.905501639,6870250.453137478,745770.8973408516,10.699683398285204,19.91451383964693,211058.11667521516,0.0015965203643231486,64.22049801511785,4798224.948272272,0.484712951987058,9729882.527839925,390633.0496672802,726879.7423589571,34980.83036105458,1196.262382552717,95.06382995772421,15739.47693885631,1392.5151306489438,109561984.34111603
NZE,2035,Indium,Rest of the economy,16209116.333344664,4946310.93450092,218.44981348401274,66.66129635484738,3.0097290341466476e-05,1689881.1924414772,51756331.681105,2991082.8531614784,5106.905345126601,3.6428209554884075,613.6713817851445,215.40290566152703,177.23139015993087,0.02528836980879141,0.3319821971370069,5342827.396996519,7167025.137686545,5792362.825743627,628764.0771325429,11.415256992223712,22.801675580598893,233075.2292073542,0.0014515775515972955,64.02088358144654,5247682.303856624,0.5302970075264555,10546770.639270322,416761.5347439083,832261.1436391601,33720.85900241636,1262.9825072141737,106.2925912184954,17267.90638524245,1466.2368402441448,113857646.52849998
NZE,2040,Indium,Rest of the economy,16576821.148823274,5062628.300921547,223.40536113684456,68.2289023022436,3.389063274281451e-05,1872517.8154466553,57686593.80147605,3241385.226695997,6196.416341636925,4.067044846852132,685.2233627489461,240.62900762832473,197.95453222781606,0.02043722652485806,0.26760556544927483,7139335.690955002,7968271.611032747,5916017.1597541105,642189.267813136,12.310000493813343,25.91995905683673,260048.24311049638,0.0016892164538343964,70.90168402168182,5822820.879363151,0.5886927929864717,11709798.06581416,449431.4448217886,946078.4881025614,34012.40885268888,1354.0734434285491,118.10171280993904,19378.929313541143,1609.3696246698314,125354917.58233602
NZE,2045,Indium,Rest of the economy,17130340.065382823,5237233.348575424,230.86512030265186,70.582049725847,3.451520947370462e-05,2077222.3234853768,64437144.370999075,3491331.943813124,7262.060117218105,4.525804475797874,765.4698726720572,268.3317699678129,220.77058813268405,0.016722734258882783,0.2189689477026939,8920197.39078299,8845494.070427816,6104600.758984972,662662.1731409001,13.372756119466985,29.50444200949105,290659.4632763994,0.0018888470244461902,78.86979315743311,6482909.5050825635,0.6557756541347145,13000552.30820142,488235.36963529803,1076912.1130185893,36136.8918580086,1475.9635005385467,131.58158891563116,21836.397282793292,1771.873253654589,138312249.7892846
NZE,2050,Indium,Rest of the economy,17997373.74648953,5507133.461033615,242.55010929773923,74.21948611542031,3.535641763438045e-05,2300628.3994467985,71814525.3222966,3754053.971523734,8209.2890301035,5.012829683807874,850.5437933745196,297.6830430682324,244.89798618856514,0.014689378615152102,0.19159564937818843,10194625.72098736,9817290.415811542,6404215.441870155,695186.6084517685,14.503186682185087,33.335238241779564,323147.8515056478,0.0021129939423031163,87.25307490010516,7189312.850961449,0.7274962890785727,14390096.222701417,529510.3553712592,1216736.172371876,38682.1675951681,1612.8950204713274,146.58530583496145,24497.217733385136,1949.666869941892,152206886.36703676
NZE,2022,Iridium,Rest of the economy,182748052.92449436,56659788.97837201,2462.890465782814,763.6024156465304,7.290590681515347e-05,9915186001.849201,50018750.313618645,12322184.177639589,26107.074755420097,5.229855149378597,53.5849134531762,178.5730744619448,62.56486268520622,0.12171168042165113,1.8232983344367848,5925511.588885834,9992721.981876088,65355887.49142912,7094443.134216385,458.40693931101123,344.01560828501493,431489.4083861488,0.009725301919129304,97630.16627815407,7183816.202120257,0.6835677905373108,22414861739.744858,16731977.273942122,12556569.76072606,123263.81471792913,2543.233016999986,69.36682764125362,31023.686671741812,101228.49527878167,32757251844.8498
NZE,2030,Iridium,Rest of the economy,157646887.39907712,49227454.90204837,2124.60275084873,663.4370537462663,0.00017664555708880758,12021847619.564465,55413119.273049966,11480009.629691835,32278.270570096687,6.039349343964827,63.66988747890249,209.06284419411142,76.8236714547615,0.13982375654887305,2.088621594103491,8078858.002544853,12150754.687896594,56092281.38388815,6088835.399721204,558.0806373751379,423.68623456725044,492657.86922375817,0.010476129576048562,118285.57510583373,6740991.407346209,0.6393503614157104,27171688816.461426,20370073.536324922,15464547.625597367,150580.0196305126,2576.9348307597984,83.58752622262043,29976.732818310724,121515.53663165194,39592998292.68824
NZE,2035,Iridium,Rest of the economy,137846233.69506192,43304469.781835794,1857.7498874216994,583.6131462410851,0.00021002377383553392,13546526832.536726,60653648.72817156,11246553.185404565,38175.17586460485,6.709572102088968,71.56280826675365,234.29311991460594,88.48473687909491,0.12703972268964608,1.8901619504864513,11692483.857690616,13676706.229571199,48801930.8821938,5297455.175780717,627.3041873755734,484.3107094741744,550802.9787441441,0.010855346302535655,133262.27855141417,6476445.860424548,0.6173287490842772,30616654943.32567,22896740.86938446,17677340.959134325,150749.9673984229,2542.8823332009624,94.69040259320268,29914.993143550917,136201.90056554452,44543523945.69265
NZE,2040,Iridium,Rest of the economy,131581990.03988153,41573194.724133454,1773.3268486251009,560.2807998292717,0.00023548113113102396,15119325638.80123,66885361.21558278,11834880.221649107,44760.01274132234,7.4520661509482915,80.16806537816832,261.9191512707506,100.66639216248255,0.10458207930303387,1.5504450807355474,17063043.003875937,14957501.988670558,46401463.22543751,5036902.441267282,697.3043167108806,545.7538991386817,616118.9258359462,0.013544551672265362,148725.39476382366,6614748.384320104,0.6319003607217019,34171071316.786045,25451756.29619344,19920017.38217014,142242.85736021888,2564.4062917368046,106.50656866708555,31212.969768954725,151617.9105404815,49678554687.13292
NZE,2045,Iridium,Rest of the economy,137223175.83131886,43478708.21726526,1849.3529539018512,585.961352594559,0.00023869900999461826,16887941627.294668,74488921.7658163,12781116.638576018,51194.892466009514,8.302586102277067,89.98926723745353,292.84813502689155,112.99523523380653,0.08941614030483208,1.3218662434602702,21910343.480930753,16523425.986476839,48297021.77737084,5242691.103936226,776.3633652693132,613.3552313336966,688771.7868617803,0.015407877573072501,166118.51323639046,7036268.408573158,0.6723294034697394,38168075956.71555,28337426.015505493,22387466.009283073,140674.8591708272,2758.20124380088,119.57713669260541,34546.741658040584,169179.54950091825,55474642067.04768
NZE,2050,Iridium,Rest of the economy,149751387.34748632,47491958.3231064,2018.1953147935394,640.047813660195,0.00023924301919482177,18764270980.385353,82775063.4571007,14022499.592506299,57513.354705430684,9.208598920442023,100.19498286564385,325.2658399961279,125.19920833443668,0.08039897954097705,1.182785629335082,25812072.340160888,18335905.302262455,52675359.018479146,5717979.077733602,860.151868738242,683.3327239208126,766400.437873213,0.017037023029230356,184570.29915504114,7741443.324447466,0.7398649005372676,42408616917.00652,31395722.707447663,24941644.492651675,141910.0917603699,3031.8554959844178,133.99165138142956,38804.02734188331,187924.34224624123,61634556559.558205
NZE,2022,Lanthanum,Rest of the economy,452495017.3522337,139021387.5260797,6098.262860506739,1873.5874120218543,0.00019673325571815982,14211790.930313941,383156353.21308106,50079723.911878705,544485.973417279,8.762930623410258,364.4121213952674,317.34850253097096,380.8543158173878,3.4255176012487225,19.332528530039795,213349835.21515453,353147722.67095846,163136010.9490607,17708557.358561024,716.8081973026387,591.8802052296073,356534095.94662327,0.04680284688430269,1269.492899212204,30739101.036437515,3.1201926373943816,110429689.2107332,26165796.686817408,21603627.314569432,176598.07406886283,5124.089744219313,253.04266107991256,578247.9042515134,10588.26323060385,2333084485.7325406
NZE,2030,Lanthanum,Rest of the economy,437981165.0983836,134735058.020782,5902.66007434266,1815.8206671672456,0.0004828650052498395,15415366.43348533,450636638.68464863,46875641.6383711,661215.9409011455,9.975792113629836,439.7880244230091,367.6947640217619,462.46475827849645,4.156724626624493,23.45447541611254,262176638.16703147,430347877.68236923,157747455.44970238,17123563.615012255,869.2031190135151,720.5971080672101,432832885.74787265,0.0552084268206757,1194.9967107816124,33834445.556295864,3.4301805839333626,119686760.48969781,31728638.75237246,26301794.22543562,209574.37505557944,5715.495503046588,305.6387658860102,688089.380719437,10525.979427428925,2598990127.283266
NZE,2035,Lanthanum,Rest of the economy,459571480.32729435,141580670.12783414,6193.632156860211,1908.078792939817,0.0005716954466896123,16858721.69357019,506492138.26355904,50105033.9098878,749727.3187055752,11.196473925642442,494.24532753866123,414.61257208442646,523.2249990083227,4.679419492666285,26.323177209893593,306820449.57572156,485055606.21814233,165438402.44611084,17958435.098787937,980.7060818512902,817.5085618989793,488145935.50220966,0.061013218039557,1274.1167884850402,37259466.51318716,3.779517667691925,131551376.78169543,35798837.22055997,29839062.25624888,211292.58992527417,6217.818571995488,344.88934726629384,774326.5216090293,11194.160173630313,2874218992.150156
NZE,2040,Lanthanum,Rest of the economy,487899226.0948743,150507049.67566487,6575.404404806254,2028.3793642200817,0.0006391104366751803,18624020.243716747,567295691.0199636,54978466.79763147,845412.5184212439,12.609095810663174,551.3749652399674,468.3182640971984,587.5785691539566,5.218658840015374,29.297230368583023,367162680.9806504,540367716.0781915,175561132.7120568,19057316.173711333,1097.4947935213731,922.1504914204082,545134469.9710394,0.07062038174856217,1417.2965167357602,41233671.00576778,4.188562571046706,146065093.37767565,40061991.54982547,33658492.6436609,224510.8637820723,6815.018047429195,386.0954383476828,866542.4390864368,12060.613040530046,3189552333.643606
NZE,2045,Lanthanum,Rest of the economy,524843928.74930394,162071857.25389782,7073.30714290335,2184.237957428786,0.0006514170493031863,20798815.919015266,639313408.1263318,59711494.39395352,948643.9342128219,14.174133216871127,616.5407139962383,527.8524404403934,659.0302225040089,5.831117180659519,32.775382365487225,422175517.77743196,603457857.8113834,188763389.3634967,20490483.20806106,1228.679399112385,1039.7572525218425,609007528.8949282,0.08012545552429579,1591.493609490326,45914790.92077813,4.669865436812017,163237783.8271365,44850639.957185335,37951139.37852894,265239.6906893936,7588.558930836825,432.8335337422951,971009.7979523725,13136.995137209531,3544783402.2167287
NZE,2050,Lanthanum,Rest of the economy,569444781.1381223,175974891.3389746,7674.391599664948,2371.608764901019,0.0006604709531903118,23096783.11635275,718160074.2685087,65033031.24056392,1055979.1407791995,15.842073841643707,685.9620656364765,590.722420888697,734.1225744529015,6.4868125611829655,36.562203675676805,472969070.5683915,671180291.0863981,204714261.9826072,22221994.305912685,1367.367533652953,1163.5198919990946,676600532.6879468,0.09002802976689006,1763.4959785316432,49083274.00904671,4.990705229063364,179852340.4219116,49913191.90820048,42468475.67202915,319323.6537611616,8458.510407119002,485.0878686405757,1082408.1122486892,14362.876295301527,3923181711.8717
NZE,2022,Lead,Rest of the economy,5471120405.466106,1662155418.5427065,73734.13870488337,22400.82282668305,0.004687421280184059,720148785.0238253,7884256527.528114,634959992.6803784,1995221.0277549657,2022.3026850298272,63426.199378001154,153460.0373605682,42957.0018935874,2.1028684518836203,28.515101763711797,560924191.5864544,705376985.2071265,1985760005.1649961,215551350.71129277,2142.005596575578,2912.6036233263603,29383738.28667169,0.5898962071292329,38212.97712165391,404807080.36547637,41.13079090174491,4350694900.31469,78192305.54525273,106310029.89342782,3365061.37742588,76726.63754133269,4836.362113947951,1833663.8875286484,401120.0802479633,24816917453.72071
NZE,2030,Lead,Rest of the economy,4630615931.6715145,1409043030.1453083,62406.6831093647,18989.634135288106,0.01154886464258223,842596082.9408574,9326199076.720385,579510976.4701079,2438256.781022596,2444.749198297611,76990.07556745707,186079.11584339206,52192.67165560742,2.04956709479428,28.518367466511958,734828339.7841064,893967658.01307,1681912468.929629,182566409.56273627,2557.0647044404495,3576.332488054051,33388028.791890483,0.6609991580883845,41092.751229666275,420049739.44606775,42.62859982565742,5073069911.484301,93342906.41364579,130536132.85325083,3750985.803081245,80453.12183869221,5710.804383393121,1977190.9222741218,445978.29600933834,26039879692.64211
NZE,2035,Lead,Rest of the economy,4614542185.7973385,1406349820.4569457,62190.05768010557,18953.337821972964,0.01364828515072584,942708979.9222689,10494171610.064507,613242760.6538368,2817922.3416514867,2756.840347440309,86815.55151690339,209897.4293950013,58915.53638140714,1.8651339120635217,26.217186536371855,980534883.2873855,1007542596.8164556,1676361860.453056,181964175.55228275,2878.2464880477473,4125.458260015031,37284406.72449447,0.7286743215071404,45227.5539993055,454775312.1726768,46.186881107479614,5676332802.847824,105067164.07121332,150579223.039093,3665777.665112468,83751.68860692627,6354.345751112651,2197636.1004065564,491183.78894291446,28350229838.269104
NZE,2040,Lead,Rest of the economy,4863516885.496878,1483488249.0133016,65545.4828367895,19992.93030022629,0.015222295038494175,1050664810.4290667,11759343352.820097,677214910.073611,3243453.51740944,3081.3437410586653,96950.6389922529,234536.1905938309,65879.03662421688,1.7382056252775582,24.695292166826416,1314980473.2820218,1099511039.8452625,1766992685.1267748,191803899.72397313,3236.5687367399178,4751.594014383908,41788348.64052245,0.9374031276078889,50629.523776621994,502123378.7165167,51.05172973113006,6331620949.9350605,118147291.66379398,173433177.51141885,3792291.7788056,89597.9973816178,7065.736541993318,2473101.2825399777,543757.5715341225,31384235839.380825
NZE,2045,Lead,Rest of the economy,5193041961.645056,1585065980.2028158,69986.48319379704,21361.890587492664,0.015383875843655045,1172266114.6517196,13183018459.660416,744435959.2862111,3689400.266183109,3441.8926047164537,108314.55884437775,262040.89848315748,73607.21373872057,1.6778722128868506,24.148683904646187,1636751060.8694708,1207609759.03738,1886704874.2003279,204800235.62730798,3631.3980472454323,5445.06836331939,46874225.00867219,1.0763799461276828,56822.64391716994,558347940.3389337,56.83284096704059,7066549848.0472355,132560082.0938036,198744990.61926347,4140161.540359572,98064.19389113676,7884.138462586716,2793744.3742697733,603541.7818801944,34827501882.43251
NZE,2050,Lead,Rest of the economy,5612930406.014457,1713984770.1108696,75645.30817031373,23099.325570581426,0.015406022019797171,1301786253.7174706,14707087591.635338,816462884.4644877,4128793.333403247,3822.7955187347625,120353.63046301919,291130.60820802016,81754.64489348227,1.7489930306351136,25.12873237456621,1877295274.4475968,1334965380.4857383,2038909394.1750655,221322824.6093359,4033.8927750557978,6148.495646968136,52212966.73180182,1.19325070226841,63255.69146391694,619219249.9512787,63.07197187504066,7846256884.991255,147252736.48277405,224420085.83071277,4542607.3143193135,107869.94137404115,8833.809372451607,3139508.3361629746,667985.2122252439,38526035600.274155
NZE,2022,Lithium,Rest of the economy,155344540.09613243,46915789.580235876,2093.5740794282974,632.2828049868689,8.484576771029255e-05,2233058.2152489508,24257594.238677472,12749728.60576065,30271.670607849803,1.2274325470746332,20.998272786234473,37.862726786272916,17.1389642928705,0.013800812638446245,0.2169748221036575,3713419.288600736,4368587.137801981,56369088.10420475,6118929.511977536,20.69457668382645,37.84653913195993,316775.54816733435,0.01117726486879843,242.60003929289795,5544173.825183226,0.5426579919596928,16154132.46666982,755399.3031601235,1381398.6425748642,63375.52711459952,2330.238748086409,82.69422537229535,9213.999906085483,3129.149353168084,336327867.471222
NZE,2030,Lithium,Rest of the economy,152264973.08708495,45765450.24679301,2052.0708398456572,616.7797135703051,0.00021442078662407187,2331526.8868742767,24253618.495461047,10320793.351492144,36361.42417566362,1.2760925613813345,24.549138304713757,40.155136691329815,20.50934484292137,0.018441364386215263,0.3031411122739746,4994768.909367837,5927602.908998769,55298509.66960461,6002700.752920534,24.76756136956061,46.097777693542746,343506.92042418924,0.01314765760006708,190.9845886187868,5574333.867121025,0.5396924330991596,15952233.778255459,904049.319791555,1682568.8412416703,73077.17155586561,2617.1001473030583,97.72145969592904,7094.675736079409,3044.9022930077444,331735861.44597334
NZE,2035,Lithium,Rest of the economy,157649656.92482603,47352405.06906911,2124.6400753133985,638.1670600591759,0.00024221116759847372,2458988.0842149104,25892592.640631262,10452101.876709977,40468.078731824244,1.3820702598631818,26.208271433656265,43.89420396723197,22.883227665376076,0.019319907986427874,0.3224528000241755,7175515.2424547095,6355895.988842133,57262044.904645614,6215851.034122128,27.224958956783176,51.352892960400105,369744.1770390508,0.014239330178052262,190.3722171737199,5846137.044835372,0.5650194127259323,16741869.38209424,993743.9755826872,1874380.5430993086,69857.35906291871,2770.052692415439,105.63729328266793,7211.66439751781,3154.0861283220947,346761315.95622885
NZE,2040,Lithium,Rest of the economy,164871770.42732278,49521284.01758006,2221.9722996619776,667.39698196788,0.0002568455437074249,2606088.87615997,28022669.01169479,11049110.149389487,44451.14526968012,1.5062547617723054,27.679053087113612,48.2517433110011,25.28542094598925,0.020148144785899484,0.33991466120788677,10342349.663512865,6300173.945388145,59887018.04106422,6500813.265982374,29.53544879850641,56.40832370453623,396941.3309004456,0.016111613876530043,203.91604079732068,6183544.613088276,0.5978693806954973,17803526.21437071,1078079.81080404,2058903.7601172118,70012.60749890572,2920.810224072617,112.71714730747804,7881.692317542076,3309.678835039881,366747628.8184293
NZE,2045,Lithium,Rest of the economy,157841284.29497138,47410827.30544794,2127.222632097511,638.9544149372094,0.00022494436611053824,2542232.096006695,27955838.27955654,10615134.410351813,44084.80422800192,1.4806630135463799,26.92678353900704,47.77128285243997,25.08203212523741,0.019544269268056334,0.33243521169951634,12044318.618460547,5805748.3432598505,57332310.50701679,6223511.319796136,29.188361476180667,56.43705006142023,388975.2579535424,0.015857808404354686,201.09379341463045,6004837.824358675,0.5812184002373602,17367492.470999952,1065411.2140253198,2059952.2719087948,67275.94648533301,2835.778573468591,109.90277533241172,8008.18212621503,3179.363886401704,354780167.9002869
NZE,2050,Lithium,Rest of the economy,142900613.6552017,42925494.72646648,1925.867626243128,578.5057111993801,0.00018318340975190226,2343115.3574968586,26395352.23045842,9623218.545996318,40710.69224002411,1.3663523279611953,24.66085724035746,44.259574516785754,23.203879412008543,0.018670032782594336,0.313839970714007,11661638.523786936,5211150.809652865,51901467.30894088,5633992.03843089,26.96694310725411,52.706462030263346,357768.10933697945,0.014504987128946278,185.511765239131,5495706.9788088035,0.5323721538997572,15968163.621876523,984327.2414729742,1923785.812241478,61740.72936178564,2599.802332045576,101.54251948013331,7666.1315780429395,2885.779000680847,323438595.0250082
NZE,2022,Magnesium,Rest of the economy,7971471542.88284,2495606618.125995,107431.301964832,33633.22167895272,0.0014846635934543941,90327656.49883085,2257901412.4949684,1277097579.0194626,452497.3135187266,38.730789516950104,17233.300654538984,1236.6433242879066,505.2806087553035,0.9994899448754664,16.326637910232783,129441120.7840534,165333186.52455673,2888813491.9130435,313582819.8601562,780.6893116762533,703.7049341271736,13765313.935164766,0.28683549888738824,93625.68509875743,316654360.59356534,32.371506435650396,771575795.2661864,28498176.01897993,25685229.677389752,2673097.355033962,22730.77299358269,406.5977453012466,1127964.2486223858,254159.746188221,18750032166.207436
NZE,2030,Magnesium,Rest of the economy,7457247030.873226,2348345634.903021,100501.11240714161,31648.589460767555,0.003803230724784248,75492456.61246678,2419662480.3045936,1255060336.5781813,515614.952387681,32.19249528630312,20907.979745423898,1097.126161606772,590.4392051869761,1.3614872262227564,22.103401435610785,166101193.77016243,232363271.03946573,2703906788.2306647,293509701.42409426,933.3429259944168,875.7658454572107,14196299.592745917,0.3293557651055294,104707.685886294,313397891.7821999,31.99843289685818,674481226.001877,34069281.22250056,31965452.778410017,3206050.803158608,18241.219004025028,456.837329963097,1096272.6202144204,259996.39311861683,18024637116.81742
NZE,2035,Magnesium,Rest of the economy,7806628571.606335,2465787389.648755,105209.71778751878,33231.3487539849,0.004576903082867159,71940884.0191972,2679479961.5777316,1362658140.2895167,599934.531284205,34.64199896018113,23566.803833948987,1211.9868354386426,694.0084548003006,1.4610900868788017,23.57643787289432,235884723.35529378,264085415.39449185,2830652804.8284435,307268114.4024652,1056.2797726560016,1042.0059718039292,15554116.321650378,0.35073723580452704,115900.68315962615,336014707.52177674,34.33193281313147,691321440.6141275,38556526.9081481,38033217.251865655,3116742.926141733,16814.214858440133,517.963445612022,1186900.7301708842,280425.41252666357,19148788588.851223
NZE,2040,Magnesium,Rest of the economy,8502773322.621096,2688497925.778396,114591.64138233979,36232.81251634625,0.00512198786892622,73381927.4404226,2998203644.5810204,1517109689.290242,703335.7475768371,39.781383741994006,26313.415393851188,1412.040275004759,819.0649630720557,1.5044175115069545,24.468843315389957,336897207.5696092,283848112.7706273,3083135904.663691,334676109.30556124,1183.551693524471,1225.3773151511816,17353985.865424767,0.4277203492506963,128986.34169332536,370188880.9064405,37.86289561530005,749828737.8570873,43202211.91728025,44726271.12747881,3204449.536909151,16624.84478855202,575.9226534014467,1323593.3765229527,309033.7787738274,21049074434.169067
NZE,2045,Magnesium,Rest of the economy,9361931130.627077,2961982151.9052744,126170.48744697223,39918.551900920065,0.005180115586075932,80204335.13264558,3360141469.6848593,1672979160.5382128,798735.8304256725,45.11286783527127,29384.15988829233,1618.623802005759,941.0934191568286,1.5816510587746195,25.990352708170327,413877065.817371,306944262.49810225,3394653806.475219,368492363.9695253,1325.0087500429095,1425.1057226434948,19437117.95866983,0.5053941371744641,144084.32963059208,411240627.83272743,42.09942015397799,833520805.7613019,48365688.1511281,52016357.831705414,3493677.575376799,17765.873731819353,639.5997456407592,1484090.9564100178,342870.55281457264,23291583463.36105
NZE,2050,Magnesium,Rest of the economy,10338072223.287746,3272112406.391759,139325.91401007134,44098.16880061078,0.005207153896831886,89202929.37658851,3743627186.1765227,1838993992.5640523,887033.4926537608,50.37649094331749,32649.57057603789,1816.8157517533705,1051.0126970428246,1.6948688509763654,27.981020315267667,465036717.5175633,334774502.24367666,3748437821.008872,406896334.0702121,1465.9816202909772,1616.8342883988546,21652061.386678595,0.5899413652238517,160146.62350062412,456245414.59757245,46.717054107168074,927080764.5871334,53511504.131488875,59014450.31970047,3860468.7800999237,19535.58416164574,726.6716779452311,1656026.0772805065,379940.44035184185,25761084563.752964
NZE,2022,Manganese,Rest of the economy,4031312501.7169337,1214547573.5394256,54329.88732265387,16368.424221291518,0.0024217878308801827,928715007.0461462,2193840834.579466,371768435.0907023,279065.2210869046,83.30816793617984,2681.646308985327,2950.172799104897,1714.619122418366,1.477230922332596,23.250719865961784,292966361.2257092,493657447.0169809,1456633778.184994,158114970.17346126,1316.416954182046,3687.847966718529,9249652.17470229,0.26430126638375145,43834.29960862423,254926208.82945713,25.72604867438522,5630418385.785291,48056617.51212298,134606446.88118604,2711995.0148683027,43051.801771195744,2788.3664595646833,1002245.3682690876,124799.96503936088,17222855561.03956
NZE,2030,Manganese,Rest of the economy,2856758868.2159686,856621280.9557117,38500.460421226555,11544.66142930632,0.0059830076626680335,1084749263.6802423,2402583019.9311366,243190665.4129377,342603.6239736533,89.6657699472528,3208.36609649249,3288.4307023213373,2096.850355937293,1.7009286044400609,26.124893646573785,385293429.98169696,627027012.5690235,1030302645.8686297,111834500.8090925,1563.9840798796286,4517.969811559215,8673804.25719415,0.2741564224889098,46357.74698581842,232336954.35111535,23.31428491795555,6568901531.431157,57093361.85688194,164905893.28425562,3165838.235895412,44111.92273732637,3404.3659575178726,961352.5648892255,108540.26104066153,16634792165.593853
NZE,2035,Manganese,Rest of the economy,2566621532.223367,769455535.9854505,34590.2875518548,10369.931083456342,0.007190865926760624,1209289747.8929453,2681962770.8850484,232705345.71420616,438214.46727585257,100.93067885371227,3591.8514466141796,3748.7652153696285,2427.3653892980406,1.7264848944800488,25.865927300918536,538412822.0588498,708138797.2317593,924237876.6380533,100321534.89618357,1762.3333054382765,5190.324215130463,9285207.706415314,0.2948551737391838,50141.548552331966,239369180.18619913,24.020750838690194,7332696794.456167,64333949.63457984,189446828.2800075,3155642.0786126754,46424.999278530355,3877.639635337283,1040382.1401309897,108898.50108695116,17570965465.604824
NZE,2040,Manganese,Rest of the economy,2578630595.712975,773103136.5803732,34752.133369320865,10419.089696485478,0.008102845296233884,1344752144.444526,3035945721.9352264,253423555.51112887,567152.6925515509,115.98729254797199,4005.2479229336504,4344.086925397558,2811.228714592775,1.713840580056977,25.272213639567155,757665653.4102122,776809426.606457,927814307.1736466,100711670.22416285,1987.1205143777636,5933.279855625233,10466484.87631009,0.46032799098424115,55945.066331743896,260107361.14638233,26.140579501585428,8170972957.574871,72539752.63845317,216564708.35558298,3253373.2719996306,50016.6141919371,4364.533299905013,1173729.6840445015,116809.2466833254,19284559579.4331
NZE,2045,Manganese,Rest of the economy,2683130431.4355145,804332719.3638331,36160.474771487556,10839.96992448583,0.008258670410761088,1500630291.7128978,3442336388.1751566,273933828.0544761,677616.7475204257,130.65899136837362,4475.122707816896,4932.976791768568,3188.081564809206,1.730903125289931,25.278119417100406,946026066.6469111,857852715.661318,964762098.4123331,104724124.27180387,2231.919030244433,6752.135411724266,11860656.00843332,0.5473701104619217,62759.19175509188,288199895.9259432,29.012327639038592,9123064985.193222,81476085.77837083,246452935.2653159,3526536.503637619,55159.6631253615,4898.075258949322,1332974.2484705313,127439.38959962374,21334384389.310158
NZE,2050,Manganese,Rest of the economy,2866458335.205213,859239481.3021799,38631.179871049324,11579.946844286189,0.00835627862473097,1667018585.5894573,3872301547.345919,297009022.07610947,770073.8907780399,144.97078124024833,4968.307522712279,5498.492398898437,3543.250109030788,1.8092306805802612,26.063253735011592,1075624297.3762674,950452735.3097575,1030066906.0756743,111813916.12310022,2472.1402382323595,7579.979397353291,13280776.51527816,0.605582478472403,69866.03321041526,319245618.94611037,32.166606467321664,10133486289.367645,90245396.53140324,276669239.83324313,3830442.4698778815,60978.95390863357,5495.585973692668,1503615.8378158752,139786.60217732977,23569087193.345516
NZE,2022,Molybdenum,Rest of the economy,257895155.5093488,81025531.17728329,3475.6458938229807,1091.9788512951127,0.00024426002829984575,23068051.78830137,4868116505.095593,27538938.047801092,57474.31997285954,7.071102435729665,216.94044779580105,225.45254821149484,133.9653860450205,0.10325183167342182,1.5395894692556413,170806649.21700597,335658135.0700934,91221993.55925429,9902103.36164901,274.1137675020264,2575.190109947562,6503295.208237078,0.011279251906448302,2074.7922362878166,101902995.23692259,10.415408313191495,176180364.18225724,10005752.951143915,93994435.8011186,396518.9139837084,10803.158448505135,346.3090474023652,39438.16690170007,7584.121779162907,6254326999.345041
NZE,2030,Molybdenum,Rest of the economy,165986438.48615655,53680366.11366717,2236.99465134664,723.448813999433,0.0005997238807671657,25372247.009784847,5890983671.197739,17777315.80849752,69439.50306597147,7.735399951208179,259.90852777035803,251.53402412232845,162.94372987984326,0.11699702727819047,1.7509591905947708,208152323.50359926,409879333.4944014,57497851.59983402,6241211.446292107,330.4408234148045,3128.747343430787,7744223.917624795,0.011021115540181448,2043.265981814847,119043777.9217566,12.168186357751408,197200795.17316735,12061741.473361645,114199274.12920263,462408.896289627,12362.364091602385,411.07837963299977,29895.15349442992,6110.83966403441,7286398145.540626
NZE,2035,Molybdenum,Rest of the economy,144953588.18459588,47788980.884177536,1953.5355084712155,644.0507770643336,0.0007103969634510017,27612038.385037098,6640133371.0067625,16500656.633766564,80447.71999313486,8.591784585870897,290.57368404093756,281.25372054556027,184.70276280215137,0.11438785909777463,1.7044641972222154,238210099.00693473,462269025.9066856,49539089.03972733,5377263.541974153,371.4821257802439,3531.720584618707,8704668.48875643,0.011458864628922264,2172.96555410276,133008694.1073369,13.598830756002846,217478078.71430117,13559816.282701867,128907796.9288581,481946.2264024179,13548.435481385757,458.00869962032635,30244.32341459337,6008.997233310886,8134653266.651244
NZE,2040,Molybdenum,Rest of the economy,148953622.41404784,49465610.29286165,2007.4438595342704,666.6466651014869,0.0007884281338607144,30300902.523820255,7414623366.139677,17691565.75618388,92481.62208770115,9.620593114664036,322.7424122000558,316.16735900166765,207.60006139741444,0.10839065719347808,1.6222415172852496,270514361.2960705,514718949.76359665,50654456.611522645,5498364.3226879155,413.8645379551254,3947.1463756705602,9720352.482841427,0.015647329163595052,2407.1270919515505,148220336.22390074,15.15579528514023,241085520.3206059,15106854.416676367,144070837.7833712,512408.84151545214,14886.816679426745,507.61915551976125,33512.057694605974,6461.760869168334,9061282761.218275
NZE,2045,Molybdenum,Rest of the economy,156889338.342533,52392328.48691238,2114.39328425832,706.0899652505557,0.0007925501533600013,33569266.644480236,8282404074.123028,18823121.55981148,104444.16065710946,10.609838447492946,359.0265059184304,349.703340006057,229.43558006358168,0.10624252096076607,1.6026721636726864,304799126.71491843,573588522.3256173,53162621.15426825,5770649.127357646,461.12401583355035,4411.923654172685,10858949.239305532,0.018198478150996376,2686.20517328442,165392913.7866423,16.913675718975636,268191222.57311702,16831914.78193415,161035207.86781925,560552.6302528289,16501.11755120945,564.1953487508746,37713.997269371845,7038.193568293019,10104433353.283104
NZE,2050,Molybdenum,Rest of the economy,169018741.58216873,56612141.73526513,2277.8609171368607,762.960271834231,0.0007923394990623745,37132040.594530724,9201931392.147852,20219291.864669424,116451.65946862579,11.618521392102714,397.545372263733,383.41197688754426,250.9837586040618,0.10791174634501145,1.6333716060112113,339018529.71967256,636405415.3312366,57160726.042746074,6204648.87294243,510.6917008365033,4903.124110067318,12064127.755109483,0.020237872711153283,2979.9423927588787,183646398.2765314,18.781242642939006,297107179.8546448,18641229.95956169,178964023.8934995,616147.3173703145,18254.892918946316,626.8319696125036,42318.40646760656,7711.59001720372,11214924486.540644
NZE,2022,Neodymium,Rest of the economy,451205271.324812,138896695.3121826,6080.880988966472,1871.9069383450108,0.00020614300917965017,16343610.2502958,434037328.59963953,47987975.77422304,674913.258687902,10.449633708255359,460.3504352821512,374.10805950624734,443.2705885978483,4.830831525697033,27.08865713767761,289606418.81460863,487849339.8154573,162522979.3679317,17641978.112894148,941.5132440820024,739.8132835499565,503135349.9145129,0.05476107348714601,1294.7474662086572,26880162.77299717,2.715760621927139,121228045.80032673,34368297.07603441,27003184.686685722,197424.41951822082,6295.527564986575,315.39009975192465,764394.2641570425,10880.963395721667,2760351360.41922
NZE,2030,Neodymium,Rest of the economy,427604388.84126735,131973567.43425728,5762.812547210298,1778.604134344891,0.0005051778040760781,17660663.236149132,511467484.1891218,43956709.00860427,819453.4700253791,11.956189906655542,556.1637845045828,434.8955716234999,538.324341896557,5.859428863060928,32.81677437580575,353868129.488369,594015664.5393257,153801616.62904295,16695193.619699055,1141.6411708723947,900.2207839696042,610846478.0208471,0.06451859720444492,1212.388065320759,28815104.52047967,2.9051616300716043,130674977.3387573,41673554.84347339,32858058.411964197,233353.98591153295,7086.516267884076,381.03810111328164,912471.6089342005,10711.969200451893,3097886012.889502
NZE,2035,Neodymium,Rest of the economy,447101486.4406884,138244369.5501577,6025.574393518039,1863.1155616587225,0.0005984114327541806,19295575.09022729,574844419.7927533,46779874.373779304,927377.3112441094,13.420598992238501,625.3438199390607,490.24868517200247,608.9358465592239,6.596413081041325,36.83156572990892,406767198.10545164,669699564.265568,160709289.96519747,17445040.302666306,1287.39179951268,1019.5137516728761,688912583.3121316,0.07129784014556652,1290.3445053292805,31517316.87293527,3.178686363587772,143429870.8005833,46993909.40481551,37212251.70169299,235468.64805957477,7729.702584438179,429.77638282813496,1026801.9767528104,11386.841355835539,3431152451.173661
NZE,2040,Neodymium,Rest of the economy,479390371.797484,148396248.64862466,6460.730810392462,1999.9321566365968,0.0006678769204412011,21329741.556363646,643334984.1328545,51573706.31795719,1041164.9486972997,15.093646039134144,697.4772941649711,552.7606057215164,683.3108909433312,7.35618733046541,40.983690253038205,468818921.563135,746602571.0418808,172249068.10959074,18697752.236561716,1438.8296075034286,1145.6173207766722,769332329.8043156,0.08258082779583444,1438.166933367257,34843758.821305536,3.5183072514024745,159359582.3791503,52521873.14762478,41815031.93834017,248719.51491534486,8479.735801849405,480.7144920265084,1147726.1905547453,12372.771421369742,3810714634.509559
NZE,2045,Neodymium,Rest of the economy,518771438.3333801,160736228.6758537,6991.468357288219,2166.237727583663,0.000677196846957106,23726674.482626252,721746923.3515259,55805231.97350381,1166018.8532411559,16.89309357806226,778.971151457826,620.2410045846212,764.759584566646,8.2127385592353,45.723834055752384,531794361.29321855,833353242.2500827,186324006.2801126,20225655.08600024,1608.4451501028348,1287.0036530751406,859465137.4120331,0.09380056802452753,1614.520746552375,38750248.126699306,3.917459400387779,177742053.34255674,58713382.00010754,46975633.02695788,280710.2734769829,9414.12468473706,537.8734524935,1283992.5905852513,13540.700227866542,4236873266.961776
NZE,2050,Neodymium,Rest of the economy,566180204.9877973,175541840.70291835,7630.394997121588,2365.7725531078504,0.0006825365011733215,26273150.758450076,806157074.0938914,60605345.50589899,1296773.481967717,18.782416494724377,865.4653608468772,690.5727327527708,849.8128081203395,9.125704130560736,50.81782091775985,593409314.9783255,925928373.4962497,203283030.88413733,22066604.452307366,1787.5238901319917,1435.4572686741865,954933366.6321199,0.10556106361043976,1793.7292637724956,42252808.9713049,4.271593762542102,196598108.86513606,65250329.65541386,52394189.95468807,320425.697774986,10447.264336412876,601.2526650205198,1428785.4275207915,14870.977790802504,4693933420.92073
NZE,2022,Nickel,Rest of the economy,18151054598.090378,5613015648.631137,244621.2618946923,75646.45734762117,0.013043155075944342,98109546205.75954,32063657176.309147,3462419320.237521,36789501.71419578,2756.560250223072,8145.509180885839,27606.28733316397,7593.267423390274,37.34457702091747,372.83252721434866,1043477068.9889704,2088755109.522193,6702290451.85744,727473319.1758205,444002.76688658225,316175.1368196593,111725119.84837033,1.2044562931539353,1079383.6718278541,1405970211.8698878,141.2798279445123,230975219208.9401,16206139070.899572,11540392582.048384,16752085.471952958,1555656.2295075955,183184.19653321514,6071201.142995691,1629452.5280349795,428263056692.02637
NZE,2030,Nickel,Rest of the economy,19314805414.265423,5988795222.482787,260305.09953368278,80710.82831115165,0.03145829727049378,118803589767.45154,38611425140.88121,3963537722.391296,44595565.97916676,3333.439862135421,9747.219854725006,33243.72586040923,9274.964125694323,45.090880396652175,449.3707831627939,1420995270.0125456,2551397046.049454,7151382663.554333,776207774.9310981,538607.7999801597,383696.1840243038,132811546.1042174,1.410396615619698,1299644.486962207,1607530743.131775,161.5317814746063,279482487805.1438,19659229737.35911,14004910823.58107,20225353.65255649,1870347.588917353,221600.30340908293,7062745.635769996,1918472.3801742757,513543774441.61865
NZE,2035,Nickel,Rest of the economy,19784152934.611492,6146992687.152533,266630.4831164764,82842.85118149374,0.03603620984500486,129743659541.17224,42293656021.93468,4273410952.4034643,48889285.35672481,3652.4169353617735,10618.769970787005,36589.14240626264,10405.26578048672,48.93385155776569,485.58011726006805,1978691114.5434296,2786607358.9869304,7336220058.567032,796268356.3228765,589769.1843841191,420419.66228453553,145041341.03863508,1.4985787559102395,1417357.802048263,1722302244.4059813,173.22650616791185,305188445495.61694,21526624467.13716,15345317789.86263,21756707.43269517,2037215.2078891697,242068.6753986368,7678869.414289289,2070825.7112957498,559148753264.6576
NZE,2040,Nickel,Rest of the economy,20302879987.319405,6317806003.645677,273621.3532941155,85144.89754081113,0.039000091774895905,139269900563.39078,45664408255.4621,4569944716.876885,52968699.11777309,3941.478941697697,11474.782777837412,39941.799809003256,11610.009022599774,52.42162980253433,518.0036398022784,2776305709.0119386,2970111153.9792275,7535902498.133777,817944656.4604939,634198.6880296125,452478.124101535,156782040.2539393,1.93276009808634,1521878.5380983877,1836762463.1589513,184.966754403845,327613004784.31494,23148305654.538555,16515451654.407433,23222868.75103208,2194752.9643809777,261223.15603900037,8314896.85849639,2209540.917906675,599583287964.1847
NZE,2045,Nickel,Rest of the economy,19969151487.48183,6218973120.5294075,269123.70351459074,83812.9294949623,0.03629001668685763,142300440684.068,46675066786.77134,4570035066.610073,54172443.93500179,4019.6175569983843,11825.041588702647,41143.52865451866,12293.260331282516,53.248156919492374,524.8933301053908,3288232129.7467403,3022783160.3732886,7416854289.470614,805025491.6809708,644708.1604970724,460354.6995512633,160363937.2252673,2.0602677007746992,1555465.8218225145,1862010174.0007856,187.74732348647822,334720443104.75507,23531903148.42891,16802946659.841387,23795407.999060486,2239329.673246812,266619.4015082415,8565118.89239485,2245018.0046215137,611434096293.2249
NZE,2050,Nickel,Rest of the economy,19531803232.425667,6085077150.963234,263229.57315179275,82008.4171994899,0.03269036199296496,141426229089.80005,46597486582.00691,4493695988.0899725,53723682.38667775,3995.5567568416973,11930.500375486747,41050.044535478264,12619.84594322416,52.75622897492668,519.3828584750449,3459077620.529387,3028099461.253828,7257187260.90271,787696180.4884416,640195.0848413665,457393.02643281023,159647641.04627615,2.0822385404367947,1546459.8518382388,1850277470.1399894,186.6678400487453,332692005591.9982,23367176137.802883,16694845589.794205,23774112.73506943,2218885.8708123327,264197.10988893645,8595747.445380468,2226199.031861931,607519704759.3839
NZE,2022,Niobium,Rest of the economy,332046243.1048242,98839405.0331992,4474.97805000833,1332.0559427753863,0.00014964186150901124,10460572.402743984,123018276.44924001,22035458.63881708,28929.84731685311,5.323431088987938,2153.4532139286644,164.21660556246601,72.78825836432718,0.10435486205111275,1.204821522069782,42141834.96408785,81057502.48432884,115694237.55497065,12558313.587007936,100.84991691063496,88.69750471550576,636047.3533282296,0.01747514209784835,987.878940753006,20750019.66562754,2.0933863057561863,75881091.07973601,3681623.792009309,3237458.898089978,363775.7417595316,6352.327309326462,243.24271455341932,39379.842441258224,9437.252928953785,942476719.7450563
NZE,2030,Niobium,Rest of the economy,286235048.0405108,84701758.1493782,3857.581837603034,1141.5232650727153,0.0003755437099719953,11289971.589214003,134593613.57207543,19831337.606935956,36454.78119169352,5.999363425662432,2613.683916241894,189.06559768840546,89.80748760777153,0.09597285203793493,1.1578312559810364,48891318.36081008,103375468.89951134,98089906.74014446,10647196.35618414,119.26568944099324,108.01926687950149,668319.1526423666,0.01620326577660116,962.3476506958878,20776990.23389835,2.0986811495646953,82443361.57829344,4353880.468700115,3942703.2067943537,351378.0431253458,5956.521131588734,238.78074203079277,38720.03188298408,9102.062686017804,910273617.3602028
NZE,2035,Niobium,Rest of the economy,286467314.62789243,84562446.95306574,3860.7120873440604,1139.6457720504877,0.00045436551723271903,12348618.059496516,149978756.75606954,20509665.568199813,44250.42276573418,6.747363789259047,2946.7979119147094,214.52314715500225,103.63651504406485,0.08380199795695574,1.042210625766022,57534229.0356456,118558839.36928394,97435440.17685425,10576095.025625402,134.2104313383316,125.30543492870473,739621.3251624457,0.01659682914515989,1026.6073025298226,22330271.9976885,2.258125725382961,90727412.48176959,4899442.558727435,4573648.331384558,318685.4902722368,5492.976012759449,227.8986718417635,42316.03112195936,9529.885829564395,961652813.5511677
NZE,2040,Niobium,Rest of the economy,306308151.7298352,90331353.77453676,4128.106500717506,1217.3931706689339,0.0005055847681066638,13654570.889992965,168546589.14682895,22398679.78446446,53867.64421835884,7.618176849010052,3290.062503863038,243.5596604618355,118.21300929640708,0.07625023169290904,0.9738985455727508,72685036.53797969,132117204.90053453,103875340.4811976,11275130.944191918,150.60468287871726,144.91250419059796,834723.6280627412,0.020860147675242805,1144.8640605357755,24769273.703477513,2.506640114363204,100957415.00562808,5497924.452962555,5289306.348685984,307690.7925163896,5381.070623282948,229.2764017602281,47926.43593663828,10382.595022520924,1058955870.1408113
NZE,2045,Niobium,Rest of the economy,329313921.9303797,97063014.23975112,4438.154630040604,1308.1155736744545,0.0005070698903562443,15196275.44009665,189514669.16356096,24361624.583062734,64068.4747669997,8.503223513502618,3675.4020425166595,272.99630964946476,132.4314229172826,0.07344448726620431,0.9600522038495142,91045400.46850021,146933334.97889772,111367196.24175608,12088346.931041429,168.9814806497358,167.14385756305384,942498.3752258827,0.023504096451182257,1284.880733681738,27597573.46256349,2.7952412755204636,112627062.92958336,6168781.405825859,6100750.7341982685,316646.94008925237,5568.182932640095,241.0750639349237,54647.74288618685,11365.337953644514,1170761726.2982163
NZE,2050,Niobium,Rest of the economy,357194427.3152813,105250031.65019825,4813.899430859536,1418.4517821938334,0.000505293035904434,16856944.61269477,211683450.47744387,26409204.63170737,73402.87322062855,9.40590082562111,4083.425397155692,302.58888177076733,146.23511502753865,0.07435323369051475,0.9853809740146223,106441078.37994024,162837470.5643021,120571557.71685141,13087435.833038796,187.76400590772695,189.41744400828313,1053804.862383161,0.02588551830900198,1431.0862291772205,30629214.183828775,3.1037060311468303,125007537.36853036,6854452.1630355595,6913736.627176091,332209.56703538925,5869.761727318965,258.3849209663265,61705.34248990542,12467.59280416103,1291263919.7766125
NZE,2022,PGMs,Rest of the economy,1890345693.982477,586963209.8005824,25476.136751339145,7910.487009337675,0.0010451034710547112,5955923987.838042,37975801701.043045,94169553.33143286,242503.4198022685,28.896433534220716,374.1569330593786,866.5520888838109,333.37905657408106,0.2534562719195311,4.576786081862717,121960412.86715114,3421110095.281274,669816226.6129669,72708584.88557218,509.9270815702389,639.5636718450872,34169133.0680913,0.13591581406865239,72154.8405286566,842587060.1443309,85.33384682446517,14931970163.547485,18615244.749674544,23344073.716574654,837081.0863823531,24407.842319631753,798.2387150884497,1052540.457218228,108032.7339151353,66641642400.71135
NZE,2030,PGMs,Rest of the economy,1226257452.9534118,400581391.7335055,16526.237856973934,5398.624369514866,0.002646553438892629,7218571062.570719,45829464948.47586,94878839.74409503,260750.49729560912,19.90150714863934,444.1312680139238,634.2152971231772,374.2670417078891,0.24033174269489557,4.023272309775178,165653820.03763214,4163816158.9049225,424399685.3674087,46067725.764994584,604.393312135029,799.2648586141036,40848540.67536046,0.13446332298093722,84986.031075242,981918877.8598685,99.40675632085373,17918212143.670715,22062861.93123478,29173166.917861212,936601.139603704,25887.274914569047,855.6316566484406,1245469.537177224,109342.60440225308,78564376249.61418
NZE,2035,PGMs,Rest of the economy,991634297.0178527,335243114.77495956,13364.228060950094,4518.062205740604,0.0032143284974850365,8133810691.261659,51631414153.334015,95424012.05675031,318805.50531042885,19.621468906786383,505.6016790219652,646.2893330035067,432.34447599448004,0.21902957779747523,3.4996224100539712,262208328.5632507,4703798343.978768,336574994.6843981,36534017.75212936,676.1623001367361,947.0948498730788,45914864.57673774,0.11984922530973112,94994.18428107133,1090986904.05713,110.47739527301658,20146961532.13664,24682545.949216105,34568961.48056872,892488.195423605,25002.49771547199,881.7759096228585,1403366.113211366,115476.20411163104,87872397430.9423
NZE,2040,PGMs,Rest of the economy,966175583.0731866,330072508.77970463,13021.121676872464,4448.378088755828,0.003648411346475358,9078362469.340515,57675179130.31343,96380759.42952839,425126.28265105945,22.78716108172324,569.5878510626471,761.1620118962134,508.86559356121836,0.20686822277201,3.205109367042584,470961429.47719806,5252738453.212742,324967887.315841,35274040.006388806,768.0112063029759,1126.6302274535306,51307006.848332524,0.12756574766233794,105780.82975474934,1210065055.491165,122.58184689483984,22482051641.432865,28035410.60980273,41122002.617541045,851246.7569312553,23998.362386785535,909.7862841919427,1583280.5051406645,126148.43276498905,98045578234.6648
NZE,2045,PGMs,Rest of the economy,969789883.595943,333933861.23514926,13069.831506618686,4500.417427003251,0.0037821581327596716,10141771317.418037,64499185316.859505,97013193.41497855,557817.7884358496,27.12578964662216,654.4446325767124,920.2194428350025,613.2577213479758,0.22684218241055273,3.480539025691593,746883520.3236073,5872703991.620936,323377003.64670557,35101347.88122829,891.1206000617778,1373.488244598536,57450862.76522781,0.13922074474900978,118065.7837554828,1347327441.7860718,136.54081672855165,25113981325.04463,32529392.069019783,50132320.035497464,907893.9035213197,24200.109941767627,997.6616288135615,1807493.3467171877,138988.90228734224,109624479675.57487
NZE,2050,PGMs,Rest of the economy,969570054.4803469,336848701.08598113,13066.868877201128,4539.700640827011,0.003964534576653871,11272689447.061804,71817300541.52536,100025151.13773519,676058.319833829,33.498441872528666,765.4040159704417,1149.464815000271,759.7266518181707,0.38453599637259583,5.319119734810572,947866319.3416679,6546674431.171524,319636111.6826856,34695171.54872367,1037.6901714748017,1679.6034222597839,64027509.65038794,0.1520074664456104,131132.64285468523,1494005556.723277,151.46044585192985,27916659624.2808,37879749.554851994,61305523.75430811,1044569.808460138,26190.769774793487,1324.1922278125958,2070230.6748555573,152928.4298900821,121923002800.7969
NZE,2022,Praseodymium,Rest of the economy,567240786.7177889,174344227.35453403,7644.688427453635,2349.6323518015492,0.00026270551349653296,20057455.00168114,537583326.9003751,60124040.90177494,786646.825763409,12.56224393451795,530.4822389348464,457.5047999260694,563.6817415969573,5.3057476843881854,29.824347591428587,319406793.927039,538056529.670033,204459525.71521828,22194229.781429846,1073.354397798205,866.8194995982392,552601198.1312314,0.06601500122069924,1634.5376915317695,39442741.81682006,3.9955654393592845,151667784.08256662,39180833.96776193,31638911.513058074,235957.0467067291,7260.509312228532,371.60196537373014,846511.9790194922,13598.57739517722,3259876718.421127
NZE,2030,Praseodymium,Rest of the economy,541889008.7914189,166872072.71007502,7303.023216157162,2248.9303291792885,0.0006440575740012898,21773229.84479545,633729707.2055577,55293565.21761286,955421.453358297,14.372460761064577,640.6152310505524,532.2149044678769,684.569051960608,6.43605160427766,36.14257160014817,391788910.6182067,655327959.6988837,195093036.6069403,21177401.781608433,1301.560986155118,1055.0808281304346,670887947.3040394,0.07782115608783066,1545.7712861715468,43278998.182577275,4.378154022239841,164514530.82213822,47511019.423925415,38510449.95033523,279271.13524820335,8143.258466877426,448.97480224131726,1009064.6037799012,13459.069839228328,3649902113.164796
NZE,2035,Praseodymium,Rest of the economy,565828791.0904397,174539327.7061696,7625.6590015591655,2352.2617134921047,0.0007625995173379397,23815985.21351444,712415286.8085186,58792032.78887402,1082643.771677957,16.135921003968676,720.144702443997,600.1180194249707,774.2975386547479,7.245246733671604,40.56012489194637,455656343.40882087,738718554.0681443,203591222.6296334,22099899.97137915,1468.1950084049447,1196.0942717389203,756626544.5409572,0.08595232954238245,1649.375964979172,47608755.12227759,4.8186451589290185,180814517.73362702,53593667.34735336,43657440.59890021,281853.905831892,8872.051303390768,506.488461024426,1135623.7314412515,14289.946057658424,4040270046.1693945
NZE,2040,Praseodymium,Rest of the economy,600085972.8945341,185364971.71062976,8087.342095347269,2498.1586195202526,0.0008522456532445167,26320937.81365022,797712843.1610628,64459120.19563977,1219049.6420787643,18.1590808522423,803.3755060161365,677.1496653514588,868.999342295338,8.07985859643945,45.13619316694192,538320725.0262365,823248441.4425523,215818750.13692868,23427272.452297565,1642.2025942773075,1347.2430934796118,844955719.7895466,0.09925291122127726,1837.91747168538,52679885.002714045,5.33922212641478,200826247.99263355,59945485.30721817,49174372.541835375,299028.82393368025,9728.82443683542,566.7198391925285,1270391.5542793202,15408.396303294932,4485141954.753547
NZE,2045,Praseodymium,Rest of the economy,644405233.8396822,199279081.68397915,8684.631552025743,2685.678696380549,0.0008676895733307871,29363128.617852427,897741397.5722404,69629427.85450986,1367034.068414979,20.387742969379577,898.0155601526078,762.13028300212,973.9353409786536,9.025205328175321,50.44124448190001,616174588.2271049,919269065.7889043,231638452.5509784,25144577.95532571,1837.5068834972956,1517.0742118472813,943954533.9283082,0.11262473941181404,2064.784110150666,58643533.50850814,5.951089726072891,224326088.95081985,67074697.73277091,55373208.30496325,349577.53974756674,10822.396439642416,634.8265165265689,1422791.0298644751,16780.8947782298,4985170619.140048
NZE,2050,Praseodymium,Rest of the economy,698603863.3615214,216217313.64093205,9415.064986347179,2913.9547819591094,0.0008786621196788221,32581916.617510986,1006751757.7464993,75514511.04074512,1521259.4269589477,22.755457376948776,998.7295666763243,851.6729228400656,1084.1575074727384,10.035637769976434,56.19069095683945,689429844.4335619,1022103924.106747,251004223.44697165,27246784.44167143,2043.9479739755382,1695.7825971161838,1048754281.5522139,0.12667533876824214,2289.1821374635338,62952468.233346686,6.386657193457624,247422503.57448906,74610439.73717436,61896064.307468906,415848.8106658756,12045.236978275367,710.7372389561172,1585116.3502807138,18348.95864213097,5518627931.1173
NZE,2022,Selenium,Rest of the economy,72883977.99989346,22366792.47551573,982.2553600570233,301.4366463295206,5.469542118464007e-05,67416173.86519022,616234778.5740707,10474301.015143992,28521.603222070098,94.81659126536672,192.81931544652133,3287.6729999595786,2293.7455405206115,0.05443211046505364,0.6817201066901446,23926655.686570898,46703172.280653596,26047420.692955147,2827437.076078451,705.325146263527,801.5337893112127,854253.7457566742,0.003694226453863558,1918.4222168899814,15130504.250123935,1.5438411524506004,328731037.13996416,25745415.016738124,29255983.04822457,75589.03654742824,2681.004769428853,176.71478784153683,14171.988230521789,9250.112684069538,1288720366.6443415
NZE,2030,Selenium,Rest of the economy,48512652.7838225,15085399.910973359,653.8036827871937,203.30551909472294,0.00013519357654802195,77932964.48145233,743052072.53926,9285591.51610862,34748.21479136009,114.89708817125744,233.31777901572266,3986.0593163091303,2785.4452444647327,0.06352860095124535,0.7862912097770915,29564257.05448414,57241930.15552902,17136883.85351547,1860162.0622338152,855.826278409935,973.9061078904497,993052.7692527365,0.0034940023146119315,2145.7092749439407,16970039.496808928,1.7316056938151785,386823218.52791995,31238911.64477769,35547572.61856974,86642.25464674643,3061.0213282552218,213.13615399719245,12133.318268732373,10338.195414298076,1471383115.4078286
NZE,2035,Selenium,Rest of the economy,41405528.54874123,13022031.96504798,558.0211656453926,175.4975660266407,0.00016104200768076078,87400021.91520585,837058191.4690377,9691805.179166589,40046.763277388316,129.55092231961737,262.6578736006026,4495.212765224345,3142.1747787301983,0.0662494500336952,0.8030396913558641,35022770.48613364,64592480.893831015,14498821.633744948,1573797.4029024793,964.9581456651598,1099.7168203945066,1110129.8799611772,0.003540240878161323,2365.235505656998,18709628.072919004,1.9100760068583647,434155032.917477,35222380.89125673,40139663.58235401,87769.3993030122,3343.709823664034,239.49956348889495,12549.136145760905,11370.566756992079,1633748048.6426277
NZE,2040,Selenium,Rest of the economy,41524570.243249334,13122365.78853787,559.625487300116,176.84976215948913,0.00017959900825600115,97339642.75300828,934943110.2594045,10626694.867269184,45919.42815001494,144.69974025603136,293.07734297737636,5021.333354804785,3509.893310272277,0.06726730052758352,0.8003173558540067,41631610.40860971,71812834.31453699,14483357.84173102,1572134.1196232026,1077.4891308398462,1229.709814275232,1240442.851562326,0.0050893729980944205,2633.6071686245596,20782448.05732041,2.1225343716230856,484093329.3750819,39329926.103196606,44884407.81479562,90585.50186086031,3662.4073777757308,266.55171310723176,14068.11573924804,12608.565776459274,1817543406.332067
NZE,2045,Selenium,Rest of the economy,42913798.58024176,13612358.024466615,578.3480792831888,183.45337398841423,0.00018156280354317316,108664110.4096732,1045022092.9947248,11637937.666452972,52062.94784659307,161.65478366601602,327.31600305562273,5610.171951990363,3921.4237903603535,0.06954414773575908,0.8164892130456167,48412260.29095915,79979767.25079434,14920243.076602465,1619571.8501437725,1203.653925378169,1375.4420507729526,1387477.4083816032,0.005938975927329151,2943.243600683154,23169562.025406916,2.367233269125192,540579709.3685092,43935125.51442144,50203634.39736398,97575.48072386449,4054.011401782049,297.1308038166123,16053.674425722418,14025.931999075507,2026229961.5829391
NZE,2050,Selenium,Rest of the economy,45457160.48644081,14454971.80589656,612.6248975258708,194.80925667783168,0.00018256326631427297,120738463.8490619,1162018999.375201,12753345.840376351,58198.81445047603,179.61620882667185,363.6513045212639,6233.793065559439,4357.162258436857,0.07397208605075233,0.8585371963763272,54372022.56999917,88800001.96603048,15767130.294957208,1711507.8116700796,1337.2223836370767,1529.5860244613011,1543042.6662050881,0.006573163094283192,3271.001671976813,25724304.62913943,2.628820003348529,600614655.1191499,48810569.709814645,55829889.38463017,105982.94442707383,4484.506121149355,330.7999908454069,18282.603080931483,15546.952530106773,2248785867.2691507
NZE,2022,Silicon,Rest of the economy,12960885644.526308,3981523927.955126,174673.49812785958,53658.88839800559,0.005242830680391917,433348991.77663237,2984900388.094117,1701184100.5752811,894203.1341509934,83.54518444805416,29140.365329791257,2452.164071802873,620.1679913538766,3.4866330554372373,57.44177899528433,1467347271.0320735,308899858.4140396,4678477493.612866,507857698.4049819,1326.0161384943215,1134.5169483231211,21594268.93021201,0.34582947726569346,30226.40328636917,582591691.7502184,59.060615925687834,2759982898.8031287,48404576.989652485,41409867.879870795,8611800.23679102,90695.67423949359,1507.6205088264655,2400571.1822213484,292479.5001022168,32490408617.900993
NZE,2030,Silicon,Rest of the economy,9173506654.346693,2839169743.7267966,123631.09601035234,38263.41250663246,0.013241267094936041,309616515.06817603,2797948820.543153,1308103017.6736448,1022750.7827036246,50.40852128007308,35321.1633300971,1590.0032966443591,662.805563309471,3.9830526470612044,66.4402725642615,1802208007.0788546,447626333.8474581,3303307860.5790467,358579061.4420612,1521.304454584013,1427.6106064789628,19578660.083411537,0.3051810243608156,16614.964699452412,523436362.71989286,52.78360004868036,1890649906.519924,55529973.76080839,52107786.04033143,10086765.753634159,77100.66021398295,1690.501628558921,1904229.475743463,217943.88345807482,24894462649.83097
NZE,2035,Silicon,Rest of the economy,8720917134.350912,2711880887.7569156,117531.55954264122,36547.94409986262,0.015765181061582974,272880017.0093558,3033265225.495787,1330319926.1993487,1205632.6564921392,49.32285770313829,39817.581510220654,1624.901605018424,792.1755445939995,3.8356792497464443,64.52373399734115,2133327952.3335607,504110799.3946183,3136158334.2707844,340434714.75566506,1663.8779335847162,1708.3978255105617,20912503.265684366,0.29633126682927396,14619.498287809616,548749525.3334991,55.355056223195206,1741968560.257126,60733538.7237156,62356519.24808819,9681692.623758076,68677.52398630144,1855.9459682030206,1954897.0785124297,212959.10326033636,24630930051.486526
NZE,2040,Silicon,Rest of the economy,9356587341.379547,2913285689.6103272,126098.46938059383,39262.27107280718,0.017495298155983,274537428.7244204,3367908206.6537614,1467309952.2728145,1400596.6570715979,55.67797618136068,44450.124733653895,1863.891205067769,932.2433427652968,3.6911654421270508,62.87734902340605,2494252680.5660043,525772768.93126154,3363639622.4842362,365129039.2433695,1813.9161635842881,1986.1388945557026,23246206.464752976,0.37130292132243403,15658.251497782592,603337594.2669109,60.891922334615884,1863414213.2185268,66210029.872806616,72494068.00076763,9726514.703579284,64370.59200072851,2045.3157617861502,2170037.9896345194,230490.38412388135,26770490312.841785
NZE,2045,Silicon,Rest of the economy,10267007880.63902,3198675221.421219,138368.18186329945,43108.4579400986,0.017576262787729776,297965743.4208971,3773255386.5798287,1624718861.8171465,1579415.4455315266,62.70116162370584,49653.95864258268,2119.7289777015785,1069.0376115891788,3.7190109877447957,64.0535157645484,2831115261.6704717,553764092.4725585,3690340877.101054,400593849.5214318,1990.0083815752546,2293.9314310660507,25926935.905398726,0.42140925533620927,17341.61658387639,669896675.2453191,67.63646599384445,2057648000.2616448,72637580.85244443,83728495.28696416,10348957.870064028,65025.98724507014,2271.438875749718,2429860.9337294563,254127.23146397105,29561702571.945953
NZE,2050,Silicon,Rest of the economy,11339489954.311584,3533444523.2821894,152821.9931725762,47620.13460942916,0.017573086127617068,331123430.5578863,4211866132.455143,1793820887.861232,1752419.4678963204,70.05316706732557,55163.7936856607,2377.5240181497898,1196.4245749560127,3.863201346199054,66.93664754835771,3142435612.729431,592226625.4004087,4075533652.4903755,442407718.18781906,2170.4597094759547,2602.5983093655977,28783739.567139186,0.46251286384892365,19273.50005700793,742726169.7425425,75.00537140975716,2286190547.105718,79224279.09972873,94994836.04321335,11197429.749701139,67713.2121641943,2542.267699472729,2712256.4217510447,281208.09376008995,32710002883.44715
NZE,2022,Silver,Rest of the economy,2312251188.833137,711683819.4344156,31162.145456916638,9591.34323874198,0.000745285128443103,121221920.81657295,10019131707.525024,228909559.15952814,361159.5854701881,75.2279346466344,3705.54896805406,3153.614365594073,2013.5854910180828,0.9459598485048426,14.74059387563175,332121047.2399391,228339286.0004265,832245369.0791445,90341311.05889937,587.8452885187396,645.2502145933254,20131539.803654492,0.10874716765572383,8159.70593219168,466783337.8057133,47.78656814294109,798732570.1540515,21458481.935270056,23551632.54162151,1797486.9353251043,20674.55299078392,918.7444656887094,330845.40878728987,58842.55184745429,16209414224.354647
NZE,2030,Silver,Rest of the economy,1430074024.642483,443412068.51746047,19273.068163467113,5975.852235991732,0.0019197889261197121,122083051.07256088,11973388577.357347,108808268.66214208,427653.08249624685,82.03347010604851,4480.247384041003,3577.145767449245,2431.5029335154236,1.024101858986165,16.338134382073534,428198063.65003234,299900122.5043553,512029086.4398866,55580814.668128,691.519972111712,799.446910770663,23042144.860479645,0.10759642823158559,6449.929281371564,527706274.3724538,54.0232441761244,816657406.348213,25242246.072576385,29179811.838728335,2117337.0738665066,18547.332758045293,1078.9089431268567,234010.18843025126,43419.15727862571,16798101047.33162
NZE,2035,Silver,Rest of the economy,1226633459.4163704,383020824.28782016,16531.305281207256,5161.961098965109,0.002332411141728868,127821515.34609006,13471494463.983728,87975929.80719395,518127.5838243584,91.18779160499763,5045.505095496129,4005.538443397092,2748.5609173562525,0.9607717878639828,15.534673593326294,589107102.1298225,342268058.098822,437519752.60549986,47492536.83658226,771.1806503688076,939.109321851098,25769669.683141008,0.10964680028206049,6607.75064016997,585980493.9738415,60.029239087487674,880583474.6230068,28149960.33304641,34277489.739751235,2045560.8055393484,17890.37312616241,1198.2790085798638,244352.808401506,41465.76198285472,18270922420.450325
NZE,2040,Silver,Rest of the economy,1137041289.55612,357685263.73857695,15323.874081192947,4820.51444571095,0.0026444588380896907,137122336.56588003,15053361839.309996,88152620.43361193,656832.0848591462,102.13629287669471,5635.156101654193,4493.632260175368,3085.448992872704,0.916043593283385,15.056696244393367,885558476.8586593,377773985.20304984,404110663.41694397,43865846.650000125,872.1309378727369,1122.0919770269331,28827289.134232514,0.1205870581243577,7272.566038743118,651057581.0093802,66.75346410361178,966479620.841498,31834923.83713747,40956356.50829556,2106188.3020512294,18371.70285829292,1328.964881239151,292192.58971943695,42144.22400891219,20206903720.680614
NZE,2045,Silver,Rest of the economy,1021517978.0378119,324941825.91159445,13766.969600891942,4379.23203408946,0.002780105406773174,153120744.62106627,16890473271.292433,88200730.01090704,815145.9681477962,115.45274098936297,6314.43302583618,5078.408696977041,3484.3170795637175,0.9412479753932328,15.70892274511329,1226732237.8165703,427609125.2046937,360804139.8889091,39164752.21699552,1006.3135388145986,1375.084323468916,32346636.087274857,0.1280062886603797,8146.56852981451,725617419.1121042,74.47015065317856,1080188349.087078,36732981.15673515,50190576.94186533,2378917.5188436266,20388.80989343152,1499.2851006362323,370545.3113478569,42874.974078703686,22461228195.576897
NZE,2050,Silver,Rest of the economy,928403127.6969354,299030595.64299196,12512.06333352113,4030.02709570218,0.002964290417057847,174236929.6672662,18920179557.12016,90039338.61294958,951089.4463107858,131.25615535370756,7050.253978241528,5755.349305903023,3940.331915309643,1.184139717546836,18.853703956183907,1464322285.8651078,495277554.247783,325013509.55311424,35279480.53946204,1160.6355309550631,1672.80503574199,36148804.156425506,0.14021620688563843,9155.750798265755,806634502.9856209,82.85004023300289,1215945637.4815125,42366193.80337778,61057382.685304806,2756552.397003015,24027.281388746364,1853.009573607777,473283.49345954723,44529.88633092841,24898142736.414127
NZE,2022,Tantalum,Rest of the economy,86470498.25371742,26013463.348588843,1165.3605183945192,350.5827296308711,9.801613995069676e-05,3239340.942484837,40411794.40123713,5634877.684388561,502049.9715425476,3.1130252250493577,288.09424369111093,104.97586912878651,63.98083359356295,0.01381633310754967,0.2321515313497334,44756179.691413015,64323515.97138712,31284241.642454512,3395931.9541525682,47.999128939049726,43.06856438966046,373100.1349710641,0.004861374331321073,502.9787591785758,10585055.748687355,1.075142367618929,25201922.599161617,1752065.6610311512,1572002.5818281441,38557.06189381152,1601.6746355117582,84.93973849219758,6840.700495616107,2565.3378752966187,345563132.4312304
NZE,2030,Tantalum,Rest of the economy,68227654.59448308,20609164.40685839,919.5022178941194,277.7491415004754,0.00023607073070495803,3517025.0827378524,41737858.53624694,4205354.316538194,609360.4564201823,3.470777697720598,348.49926014144404,119.18738975899309,77.80689879311076,0.015314669075776345,0.25173974724727566,54955251.71129648,78492740.58969237,24645702.165360544,2675293.323198064,57.76509598490689,53.062057360417924,419910.8111417579,0.005128247764881864,484.9532369864378,10971815.857939418,1.1114704977618328,24692982.895929955,2108516.473350911,1936765.069472575,44509.90631783533,1807.8844705213414,101.17643223721544,5690.221199182093,2333.7136982662732,339857516.124373
NZE,2035,Tantalum,Rest of the economy,63726073.92763573,19293413.08526943,858.8345394883103,260.01679713769397,0.000279342304724269,3806046.5320496904,45448330.29841488,4059846.0523877605,688586.6393539589,3.8468294664666582,392.01078852055514,132.72767804016522,87.51902769981095,0.015122044953453383,0.24520450551510617,64945295.3150668,88444450.88631432,22997663.665629257,2496395.141496841,64.98090721146266,61.167807064843196,465193.34679255786,0.00511127759120784,497.81231743166427,11467279.36754934,1.1609624923265423,25970710.86838025,2371899.984633881,2232624.9286623048,43361.84651087819,1937.235821998766,112.72055238969737,6200.2894450260965,2346.8998148092505,358465436.46152586
NZE,2040,Tantalum,Rest of the economy,62546449.55379649,18952814.199009474,842.9367743614326,255.4265553176119,0.0003113510586657857,4150763.780248034,51023391.24795103,4197499.207222881,772156.2537235091,4.309596300209014,437.17573328321504,149.0262703113199,97.97144859001881,0.015263750710812731,0.2460263560093416,80127999.51316755,98278393.67587952,22557319.584905263,2448601.443711682,73.05713391014126,70.87158837314189,518716.746935513,0.005942631495300921,528.1952414917864,12172321.734038888,1.2326864011745495,28164167.918998707,2666696.1008034465,2586812.9398626443,44065.028498049076,2080.9440793396757,124.66894628632313,7582.722566814909,2441.195229247822,391217977.39691895
NZE,2045,Tantalum,Rest of the economy,58686472.65697286,17826379.319419418,790.9159722642621,240.24562343562465,0.0003173649340756947,4603420.500297018,59225918.31878365,4381800.339811034,867183.755290286,4.781554917759199,488.6457327202083,165.98457038702173,108.78170977437796,0.01664423309647029,0.26793463817362756,101096252.27988857,109672059.53257239,21127499.885450814,2293396.3034339077,82.9872206626449,84.01533845564775,583430.3869153326,0.0064083090790935104,575.4396155297751,13203051.210511137,1.3390346544413276,30923791.439864,3029162.9685257045,3066559.808121622,49788.8428709837,2296.568370202799,141.50864029800348,10368.55408773215,2517.916806329126,430649000.43575215
NZE,2050,Tantalum,Rest of the economy,52575338.58468164,16028052.940459598,708.5563870500268,216.0096283095924,0.0003270899504509917,5263820.79023833,73120714.40116256,4619782.870336409,967242.3967374039,5.383963240086185,544.6636098012359,187.50315672921894,122.24198895010414,0.022671754065050273,0.34232715825395094,119878856.12140767,122895193.12800539,18844261.786599893,2045545.520379494,94.53330482946234,101.22779788899935,656534.1290634423,0.0068506064324244265,627.2801291126003,14324843.790829469,1.455385767428962,34483764.50967521,3450618.454906461,3694814.563655515,59896.733409615175,2621.082941424067,174.97011954385064,15069.245179555626,2588.4135573248427,472927167.40651333
NZE,2022,Tellurium,Rest of the economy,644145.3290221002,195752.3351780044,8.681128821367873,2.6381488327386395,1.907824875066416e-07,158142.14324503497,1248927.6934753032,76834.23903577786,419.245969106511,0.1840375525385858,0.4614005798722388,6.313159501342243,4.320654166197438,0.0007550462927258616,0.008946030036153043,60885.80095291787,104766.07036260027,231825.61065681282,25164.7804254392,1.440003540822944,1.6068110016877526,2707.6589983152808,1.969460959482785e-05,5.174310302880434,46910.53009929962,0.004780718426935631,721178.6861994851,52562.44361738009,58648.60099304811,795.350614006228,11.343292292331297,0.31627186612649316,99.07204759116357,28.102858002072395,3629779.973748252
NZE,2030,Tellurium,Rest of the economy,250073.6651330821,76286.31356683584,3.370235883439676,1.0281085478527745,5.176412633657298e-07,174721.3642850502,1443661.0291723043,36360.47163236169,504.41706399850244,0.21960078446423165,0.553956647839146,7.561899112855871,5.242052213190811,0.0007295569488863351,0.009034453643915372,76567.33565626593,135823.20812442293,88747.72021894428,9633.22851667895,1.7380938331552411,1.955293717082636,2710.0489666142594,1.584149972882288e-05,4.680924127218402,39998.90376793452,0.004063367481021204,801550.6912784756,63442.932345316425,71368.21996627291,930.8947472179848,10.910990863185598,0.3713001200742901,43.96742376707057,23.04119103190738,3272439.000255635
NZE,2035,Tellurium,Rest of the economy,144005.43393377768,44410.00003888157,1.9407572590637208,0.5985123477145329,6.426960501610276e-07,192593.3763750758,1616762.6646442194,29630.261014470034,573.8334932630252,0.2471767415059382,0.622736298414834,8.51966228484014,5.918077046562055,0.0006548530190854844,0.008303453523063336,97186.55724577018,155511.06838140148,50037.25088635868,5431.148715529442,1.9549440868076158,2.2162224032702755,2951.431810252243,1.499741566115917e-05,4.930312930706026,41013.578769452266,0.004172138169360353,887090.3183518265,71358.22790276098,80892.11690656676,913.3307679809773,10.603061635700847,0.41489218341983164,35.80951022489099,23.20461760798721,3420411.162599082
NZE,2040,Tellurium,Rest of the economy,126705.3703898741,39316.14530248157,1.7076047802271805,0.5298626075649778,7.239713139887936e-07,212858.63243678398,1805277.0831973297,31443.7095522724,646.8015008885814,0.27619651372801085,0.6943557380840151,9.523999630743615,6.616393376997376,0.0005920482302387207,0.007693543493334647,120632.09286092257,172407.10094243902,43518.40437328967,4723.642221491603,2.1795016385419372,2.486100264478073,3293.694563744044,2.5939533034608453e-05,5.467334375980131,44906.24278096108,0.004572233054606351,984544.5279774788,79554.88950971111,90742.65873215176,934.8775732225663,10.758657453871749,0.46142452635724224,39.242359600764175,25.289463184684685,3761560.517099836
NZE,2045,Tellurium,Rest of the economy,122742.08196056371,38258.02438576592,1.6541916515321289,0.515602341022354,7.327384772649581e-07,237120.95965052172,2018519.026787668,33505.43138617533,724.8934545251848,0.30862338371952946,0.7754731775812232,10.64553619454866,7.395450803185354,0.0005509908480751162,0.007364786321358007,139749.49398262205,190745.73862002912,41803.305191331696,4537.577833164714,2.431506484007992,2.78801394379733,3683.091768891135,3.10087414609595e-05,6.108423791587815,49791.634297656085,0.005073339750869177,1097986.578400643,88753.41976453697,101762.50790596988,1001.9568648122668,11.367469901170152,0.514395105018722,44.636106561955046,27.93016549313296,4170746.9187715063
NZE,2050,Tellurium,Rest of the economy,127640.52569794291,39876.073993155995,1.7202078426670782,0.5374087509704124,7.412847389765505e-07,263407.12528658437,2244731.288108126,35659.0301659684,805.6466163825129,0.34291995431697486,0.8609270336774129,11.830352345862943,8.217776548761373,0.0005294181344185588,0.007259707868674096,154240.8650505825,210400.81073334944,43272.6745974681,4697.132312811972,2.6975184604098885,3.105617630008737,4093.8013490443295,3.382722795633556e-05,6.787710201938827,55159.79461962937,0.005622327629506418,1219640.5466115298,98463.23260741396,113355.04232563688,1081.7584023787904,12.119157619652945,0.5738572389587584,50.85994774041583,30.88407568062542,4616594.100996327
NZE,2022,Tin,Rest of the economy,915293675.4127424,281432809.9891586,12335.387602550232,3792.8622313011347,0.0003889735375679298,49724408.03076288,4907759725.661888,98589860.48828673,90010.98770610322,52.775130881164074,194.51307408876977,1927.5016400674815,699.2836932588449,0.3074668283590851,5.011641979180273,82292921.71381931,128183327.75034049,328867196.3515513,35698833.042916074,636.2353352545146,644.7817362988835,6075110.845608743,0.03620146919365267,9503.180566912815,154684877.9301078,15.767241907720434,335889414.23353356,23223806.98619148,23534533.21409445,743301.5812645579,12926.614092953374,960.9792769257074,203585.3391257056,29487.298275210396,7372301624.558042
NZE,2030,Tin,Rest of the economy,556324302.761179,171633683.84466884,7497.56727496374,2313.102430821854,0.0009909392904409846,50742390.911555216,5880036721.666148,47524160.45975606,103180.21549774405,60.45097245036939,226.50454863660678,2242.167926847177,844.1377139093115,0.3555622847133563,5.903732935916515,105748683.31132713,165089763.8238131,198546260.1065876,21552065.7498344,765.4358235424929,789.1085988161279,6809056.0376745295,0.03641085575929333,10126.937909646553,171651576.43461373,17.489186723978875,347357625.3541548,27939543.0577304,28802463.641272493,871239.6769380564,12967.150683182166,1144.3165014417189,182004.1478888759,24478.614585867745,7780929257.54813
NZE,2035,Tin,Rest of the economy,479663288.84373915,148661481.8460747,6464.408906361835,2003.5066965812478,0.0011930646197582649,53136004.173658036,6619595376.930485,39516385.36545052,126554.19884312442,67.74717496969274,250.5337928093274,2520.969871539375,956.5009156138547,0.3466718318726475,5.817123912444463,147485107.28834122,187539093.13334438,170402709.6955379,18497018.324925754,860.9208267072042,903.921368912443,7592594.709955743,0.036747231221112765,11162.27477787583,189843212.8804202,19.35466991244862,375452438.0854156,31424835.88561189,32993129.7033301,840065.39333164,13388.62617564827,1279.354424969566,196691.24998388055,24730.50507783282,8502981155.540405
NZE,2040,Tin,Rest of the economy,462011312.95282006,143826454.2499235,6226.513714642107,1938.3451624179036,0.0013400053171284188,56874143.653472595,7395026534.440519,41526304.4790722,162146.64303873532,75.83012340679765,277.7505904887661,2825.755505211792,1076.148265598925,0.3416013740181442,5.802133155536283,221765160.85940966,207006082.20634124,163590289.3894293,17757590.020754557,964.0259785019762,1031.943290513137,8488925.593368346,0.04521482741616101,12428.134746645508,210727514.38565674,21.49951264709146,412141463.05506754,35188327.609342664,37665929.78469729,860876.4074044024,14280.282700637348,1423.8706412745653,223495.2409192574,26299.695584768553,9414858841.846352
NZE,2045,Tin,Rest of the economy,447597013.78486437,140087161.9783035,6032.252602802689,1887.950823008821,0.0013747362454067469,63089785.499698155,8277174574.018529,42350291.391126566,200707.21646003888,84.98394254090014,313.0117655324826,3170.6831803917985,1211.1230800949875,0.3568063090006411,6.116818802321011,305062621.03869003,230863741.2379806,157822689.5564529,17131565.22862566,1083.7384787791004,1184.3269640212852,9517622.970860634,0.051146321772145606,13890.375217741344,234759442.88374197,23.970010930828746,459159716.8762301,39558023.698696025,43227933.79468508,951066.3072013544,15785.361459004374,1592.0984353725526,259426.35275970842,28212.616996130357,10468831452.266193
NZE,2050,Tin,Rest of the economy,446871970.82067204,140532556.63169783,6022.481219023322,1893.953394091908,0.00141427350431959,70846123.78574982,9228252330.141985,43741615.67571246,233416.74479602143,94.96797223347744,353.11075086267397,3544.8418810877147,1358.2682311062504,0.4197055876877475,6.984854778642269,363600193.80242354,259543374.13317797,156866796.24645025,17027812.31808677,1211.814848381898,1348.8918893275288,10622168.835825723,0.05809879099422111,15456.279677444087,260804388.30609822,26.643949367788075,512836065.0901259,44233020.12471473,49234553.487461604,1072867.007177891,17764.2686726655,1807.4311885625482,301551.27684642305,30565.02118784185,11606641145.094107
NZE,2022,Titanium,Rest of the economy,5114042225.296973,1554098893.9372232,68921.8059246052,20944.548015341254,0.0026407453071318325,142839513.66539997,1692231648.976153,518265314.97730607,792462.3878329798,64.72253227836786,2725.55780995307,1974.8060812472047,675.1724307277693,1.3368731623041759,20.590259373073334,164776854.13424855,264202868.7303105,1908863551.59952,207198850.34650862,1875.5944139918263,1684.124137950986,9023285.711274153,0.5130357284889798,21864.004551366717,237799884.67930827,24.242653502406487,896841306.5359696,68463681.44222054,61470529.83296738,2848521.921953054,29684.1719084181,1282.0980484327927,881660.6482893464,118498.06129491545,12844674416.04314
NZE,2030,Titanium,Rest of the economy,3841131414.06272,1163612971.9173927,51766.822053569806,15681.979994887108,0.006545818519281992,137071452.2996077,1730387953.7551863,355612378.6891493,948978.251060266,61.983993483772316,3271.738779541728,1948.4976711321563,794.4415727852995,1.9319908499285816,29.169445173828063,263079138.08754367,348213653.2716466,1460568392.7053971,158532537.2727314,2265.01465301793,2066.8806406856215,8312679.553667022,0.5884570534499125,18575.490987890273,213071334.15042242,21.663986033242704,817304860.0569376,82677178.93109503,75441141.83939438,3445303.8880693484,26945.27171758497,1515.9429359767537,784711.2186606681,93668.31985654954,10660227469.393019
NZE,2035,Titanium,Rest of the economy,3658448971.945527,1108838341.4350781,49304.81582318395,14943.783807466602,0.007773720650464411,141042139.29410824,1894970548.8078911,350281199.92961866,1107646.2584719204,67.19157142548993,3676.885212724823,2141.2297716615035,916.2374626106719,1.9969272492826253,30.072249986413194,412113200.7471832,389847012.08202195,1403052710.589999,152287504.43568435,2544.9058719368536,2385.544516330022,8825268.838753076,0.6485929286149665,18902.298006817276,220124112.01183343,22.401361420372737,846835148.9015021,92893491.56477346,87072373.0268377,3379342.157695503,26418.25000683975,1700.9662952846406,828079.3412340023,91706.53014301982,10771978555.392206
NZE,2040,Titanium,Rest of the economy,3906320177.6207294,1184740442.4976459,52645.36922101614,15966.714334048575,0.008611209222348091,150985333.3512559,2115576850.9511888,386044902.68810034,1274271.501221025,75.64893226035765,4099.679916207595,2429.247706054932,1052.7926160720544,1.9395675633073837,29.539660519682432,557059619.6188748,417141293.272796,1501816656.4516115,163007350.1254261,2832.3169478934224,2713.764447832282,9834608.58784783,0.762234075127208,20815.581575023094,241653810.59107852,24.608775599089633,924176156.7755814,103384467.70886683,99052400.25426312,3445555.5192072564,27068.560324252772,1881.7667400198013,921871.0759181601,99021.71169987411,11766468508.26719
NZE,2045,Titanium,Rest of the economy,4258977051.1306677,1292309454.768168,57398.11617222936,17416.41895140113,0.008629694188962823,166616082.1344074,2372365652.589294,426907372.4325742,1439419.6075300127,84.67526249191866,4577.881272304407,2734.1557870476113,1189.85777479109,1.8788085948363673,29.13924703934759,668614371.7600036,450375362.3572377,1639624916.6046307,177965280.45088673,3151.621989405545,3075.450312722506,11007420.174855573,0.8609768886123768,23316.32634125513,268422321.2853046,27.35067400455555,1026100608.2716777,115039647.00428821,112253934.02389519,3724801.4466339434,29159.758072087625,2091.4345968282983,1034944.6846662227,108866.21704611061,12992814164.843475
NZE,2050,Titanium,Rest of the economy,4675224203.266674,1419053471.26337,63007.86755340652,19124.544572931223,0.008582620380088928,184906716.73255318,2647299174.9296803,471230899.9116486,1604251.3759869495,93.98730894068773,5082.203969472606,3042.752901723367,1321.944002770838,1.8848901134213225,29.620044982628873,756249152.0296744,490426352.0332238,1801033135.5689487,195484662.01124653,3486.062657119576,3445.6911884647075,12231935.742795788,0.9552583186918143,25944.511398485807,297423400.8126717,30.314258452335913,1138842903.739463,127247316.12333927,125767725.68253379,4087730.702138519,31960.520596485338,2332.941203695428,1157223.2001688015,120011.64246360814,14349309298.517303
NZE,2022,Tungsten,Rest of the economy,710104310.7611243,218576920.30542663,9570.056198044063,2945.755136500228,0.0007024871611887616,71065530.09055878,3938283094.2379675,78139753.432063,10834783.586724682,67.30494729694306,517.7031563726396,1363.0579478768648,5199.4993412710055,0.1540443200397127,2.5077090147821264,114176806.05592874,210692762.58720416,254819004.95468628,27660783.30762069,2732.5251883542333,1270.8716673791341,54376027.54495661,0.037574814354022656,5948.85150054364,102019573.54211485,10.386992478084291,706920062.0219727,99738133.53757773,46386815.093086146,407865.49105050834,9267.893479467037,293.4573504812051,1622792.6910520815,25918.61772029724,6645838275.518479
NZE,2030,Tungsten,Rest of the economy,535826626.8943961,165455186.8118926,7221.320662752701,2229.8349964222766,0.0017040267052737083,81242005.14558138,4740983412.519754,52545162.63721448,13156514.859384947,79.97793682981514,622.1854710610993,1609.470149532384,6317.479732568814,0.21013496069918555,3.388618038895142,149136630.92146784,260511107.32970294,191332534.20973805,20769079.447330743,3317.461515429983,1549.7246097572606,65688457.61448019,0.041293462606621006,6133.471025562887,114173461.69804746,11.615015664200303,821459088.9298474,121088323.04042359,56564947.31139386,492733.4887025145,9952.366452001354,354.4280359916963,1932423.0631089043,24583.212779738147,7392372493.4788475
NZE,2035,Tungsten,Rest of the economy,502767343.5266715,155908490.2477757,6775.781613350228,2101.1744293095217,0.002013196192647603,89516449.44676256,5338086893.521772,50811740.00540174,14848330.53851845,89.7786147731915,695.9165963083104,1805.46722715387,7124.042684876782,0.22372548949774,3.576370937741283,197979570.35915747,292260542.6454601,178991448.56043443,19429432.751139197,3741.962945419006,1758.2163543790289,74024411.09542108,0.044321715886369434,6635.047136898732,126106346.87835704,12.835685313870338,915176050.0542526,136582719.8420929,64174895.85548283,482571.97186933714,10651.404499312592,400.03179369371463,2173825.553337442,25643.696297821236,8159337188.020722
NZE,2040,Tungsten,Rest of the economy,497194093.69174594,154818269.49419123,6700.671079286331,2086.481553865924,0.0022408677528632744,98740043.54959923,5961435160.692851,53804970.631297894,16601676.297727438,100.23307934299527,774.025524816957,2019.2371900293228,7957.286384428867,0.23115479806827144,3.7188125992949885,283137139.2855645,321512251.18817514,176587382.09092084,19168538.460154045,4183.051737576257,1983.1756167480055,82679634.87999482,0.054895632706690886,7367.437709147949,139790257.73178914,14.242066898515448,1017342679.5603952,152682600.60303634,72385908.78262188,502319.84855694254,11566.735814180942,446.1708589696224,2431329.294886058,27469.558959104437,9050831958.307444
NZE,2045,Tungsten,Rest of the economy,508902368.22324014,158992052.93026015,6858.463172177903,2142.731517975179,0.002272808434776632,109807939.27828883,6668893631.847572,57628176.78202665,18557064.692231297,111.557383607186,864.4851334526829,2245.3213367063236,8880.767134254791,0.2601967042659259,4.257522699860102,346692829.34658796,357417853.4022647,180344820.42053652,19576484.403472822,4677.664956299898,2234.094884438461,92386017.14314583,0.06257027476864334,8225.944993803414,155703583.00859854,15.875324595314318,1134105211.4713469,170736138.79175785,81544461.8870839,595109.0012518702,12880.621004870627,499.71579102970577,2723477.3501922223,29849.181662709325,10064626977.173439
NZE,2050,Tungsten,Rest of the economy,531536064.1041861,166466401.24795306,7163.496867064581,2243.4631041475163,0.0022997730260688925,121785302.15287995,7426263338.170103,62122748.70319166,20623656.415359717,123.56044220259874,962.3919815302642,2483.932759837733,9857.42314207193,0.31087819053208465,5.121016473565312,393652533.57932127,398210627.3864731,187979615.88966185,20405278.841319457,5201.616127418291,2499.197146146909,102509436.34613587,0.069484839691277,9081.047279149843,169179585.85140708,17.249719695627725,1255530547.815434,189860523.4790311,91220694.26356752,726184.1219754469,14432.477297211663,566.2309892414968,3035274.741938635,32503.986545296466,11141129906.777294
NZE,2022,Vanadium,Rest of the economy,177977311.5012242,53177605.06930532,2398.5953150080077,716.6731201905422,0.00014849029964991044,3394814.6439495906,65261787.26030964,7205167.033057357,30347.597855254426,196.3654814042269,125.58105835815394,5488.169997927198,483.905360519293,0.018811219496523094,0.3509653156261242,4211628.529345551,-2701351391.8376803,64958758.33150649,7051258.566699669,48.34062184969211,59.670174721801956,725891.1682326378,0.01605326197549936,1271.4020219706936,8960575.493098117,0.886773128865145,117549211.58039878,1764612.1874204855,2177961.3473573048,69800.19428063593,2955.2766872636803,283.1357704390089,19759.993107304428,10965.082182841228,-2186811834.3573937
NZE,2030,Vanadium,Rest of the economy,127031030.6860519,38641547.78615209,1711.9936945535085,520.7710759131124,0.0003644666330862311,3816796.6194468057,55056150.41865071,7506075.095641871,33705.0111736013,237.16430598077304,151.9481813172502,6628.967542210378,584.9736834288224,0.016512569460384156,0.2837247380333376,5589770.477212922,-3279603007.496984,46439477.516641095,5040913.844614405,57.207860766604135,73.99634796900992,829248.8126143334,0.0169074295759523,1363.6270438756355,7956681.803920265,0.778026730710155,127118922.7227233,2088218.4293142194,2700866.6605884563,78192.285612197,3280.9582701950953,333.8419585172028,21378.057305675604,11534.366467817357,-2849650616.9545045
NZE,2035,Vanadium,Rest of the economy,111893357.3500534,34315465.48887002,1507.983688796189,462.4685837564916,0.0004364846468850736,4257795.993819016,57422819.78267711,7807286.326664738,38534.37259931114,267.25338896781966,171.82965105744577,7470.83514860055,660.6966772131448,0.015032351093946673,0.24138229409252204,7853917.060949386,-3698425514.701294,40966578.43291599,4446810.102445713,63.62895080600332,86.08819233970348,924007.3951926805,0.016617962707124533,1496.6336182007835,8086520.48341935,0.7900184063999828,139934368.8961752,2322586.4720048294,3142218.970921134,75025.33800033547,3353.613690307145,369.3808983043545,23795.049227364074,12408.130038479763,-3274910922.199749
NZE,2040,Vanadium,Rest of the economy,115654377.85195549,35500125.55450763,1558.670858298009,478.43421483259215,0.00048774849793127345,4736785.507261769,64849528.28099291,8369574.804231313,44601.57737337591,298.51621777656555,191.9659829265406,8345.738000207997,739.5563872100971,0.01426739666209135,0.21701347894633802,11108229.490147086,-4130508465.9190025,42377453.777766794,4599971.519261515,70.74867320425517,98.28471044410676,1033498.9807532739,0.019000697907634808,1672.6947499574121,8829949.813332595,0.8641009585234368,156226732.15553445,2582472.662013092,3587391.8730911273,71069.3485431544,3408.728465320224,406.15681664367537,26801.151128666283,13692.833750752532,-3670906322.160632
NZE,2045,Vanadium,Rest of the economy,125524888.40911338,38554072.06542092,1691.6954566559202,519.5921678724018,0.0004911701967044803,5239348.813618567,73177587.08691743,9014005.058536509,50642.63639148114,333.5135511733969,214.40013214364168,9324.89392271484,827.053019079426,0.014112219606027078,0.2069910072927514,14009407.918262227,-4615001630.9540825,46005276.31838838,4993783.652175252,78.61140956963393,111.41866926831226,1157774.0163845941,0.021643128794831313,1870.9960611995357,9818126.47526173,0.9613201906545046,174415091.01496798,2869480.4166630963,4066781.3609932796,69396.02080760937,3528.647139813182,448.6930943526128,30325.841922754353,15232.02781515092,-4106001923.391529
NZE,2050,Vanadium,Rest of the economy,136822730.36981076,42043328.50218551,1843.9561609454527,566.6167808004818,0.0004923890066984111,5756360.5319250375,82135929.96661949,9742836.880991437,56592.136896889766,370.58359006316556,238.18431769678335,10361.769002056613,919.2615444518962,0.01510163591257785,0.2130540563756031,15887604.8317885,-5128124832.538051,50150427.965384714,5443741.336034863,86.78211706032587,125.0529298178551,1288107.190878135,0.02407745349076162,2079.4565027723606,10873088.655916745,1.0648947183948614,193616645.863118,3167729.8499514614,4564431.861458412,68972.46890019877,3695.8963962103635,495.7135043366535,34122.3219843459,16876.84393569011,-4566468272.136737
NZE,2022,Yttrium,Rest of the economy,16252310.776324432,5007942.01206639,219.03194379040696,67.49189660567704,7.429852152679079e-06,601306.380863802,15634751.679153165,1737124.1964394478,25331.918383830827,0.3858749600706664,17.49064736889324,13.638253920746251,15.631482768210411,0.18825599670307938,1.0542502579960666,11273645.609180817,18984376.69882416,5851162.453515616,635146.3683114002,35.85947469230499,27.682756792964916,19606450.920924045,0.0020208619788999777,46.55504528159985,879518.3055545808,0.08868700777746891,4389946.576285814,1308989.5583090796,1010420.6175119402,7317.800157262307,238.38061345805963,11.764351724943744,29660.716848059143,393.13445481108704,103235705.04106084
NZE,2030,Yttrium,Rest of the economy,15330578.693835294,4738515.319153524,206.60978595782265,63.86084047514429,1.8196097348527012e-05,648046.1313908737,18418330.54434902,1591497.72638182,30753.574538034536,0.44175613789793194,21.134341533191698,15.85419727201382,18.987021390806415,0.22833029193824106,1.2769603658727162,13747385.032219471,23112266.433639426,5510348.410513325,598147.8142399357,43.48175529651659,33.68277782953495,23803925.06507469,0.002379852058050829,43.32739412091276,922229.7086940708,0.09272448950430773,4712899.860870861,1587225.7647653313,1229421.3839959612,8645.501339264667,268.95641449904224,14.216278799000792,35435.46827904567,385.8036807877901,116025999.13461882
NZE,2035,Yttrium,Rest of the economy,16031609.22160191,4964977.283333617,216.057555035067,66.91286212544937,2.1570675891370353e-05,707809.422978881,20703357.53237962,1696009.5389074783,34782.30514043075,0.49628175707960726,23.764610910086255,17.88945914266123,21.492020672199224,0.2570634410577388,1.4333642345674242,15706348.98075014,26059051.377158158,5758249.93576378,625058.3740519059,49.02907830089376,38.13581312020749,26846062.78270456,0.002631822917989992,46.06148728558601,1002922.5058746436,0.10085158486549954,5169623.372123971,1789720.769842447,1391957.1710466475,8736.736918221386,293.6911916674355,16.041576430033388,39874.50082660193,410.2527014706793,128536533.29913615
NZE,2040,Yttrium,Rest of the economy,17302471.7067941,5363728.116171836,233.1849336757084,72.28681611655237,2.407286715850016e-05,782858.6860548193,23173972.256148033,1877627.2200606482,38987.67375880899,0.5586512259462992,26.50390864838043,20.19296307807509,24.1359557403896,0.2866804974519396,1.595013429269879,17849891.29274978,29057433.621705018,6212633.261998267,674384.7382780062,54.77904031753741,42.810787710720895,29979843.54375716,0.003079001705517938,51.407218031256654,1107415.6682008011,0.1114680541419832,5746726.215166418,1999613.0615992923,1562593.7424249202,9221.84482560471,322.438502114172,17.949920525606068,44552.723426205506,447.92992806758593,142784376.09400135
NZE,2045,Yttrium,Rest of the economy,18807069.320289105,5834864.977943221,253.46235418990057,78.63631462634882,2.4353508561644903e-05,869471.9392001593,25955330.838055223,2035412.9060765535,43634.805276016756,0.6245923561469522,29.587985574237763,22.639802458640304,27.004541743542116,0.3199714703550456,1.777766775102125,20151756.097540885,32426580.961728744,6750659.3569328645,732790.3966215817,61.20958739204171,48.04480581115665,33492112.09596661,0.00350472403976345,57.74120293156573,1230534.5896255649,0.1240034160642922,6404425.943466807,2234348.9349348433,1753635.4017646753,10169.356569067679,357.6720496976512,20.078820284736256,49814.060563142564,491.68088969758406,158783079.6746503
NZE,2050,Yttrium,Rest of the economy,20608369.10950185,6397301.335732754,277.7384217374432,86.21625393016856,2.44705356816894e-05,961819.368226613,28921566.082435373,2213487.6077017332,48512.93523676583,0.6930746248507026,32.85483727563926,25.161663563761344,29.98090601358773,0.3554025705787094,1.9731858765568684,22455115.478264943,36015098.01100724,7395329.672787896,802771.3437482767,67.9904233152802,53.526473925631485,37213567.19206289,0.0039434615036680245,64.29791865630159,1364824.7832271305,0.13760051064132842,7101471.026780641,2481871.576060981,1953716.2865888001,11258.623021467667,396.33984785975133,22.43907769935598,55396.44776992757,541.4968840453098,176001995.5840392
NZE,2022,Zinc,Rest of the economy,10308695975.864845,3086929022.8325624,138930.0111567979,41602.457502968835,0.0033437576971129235,600402606.267736,11613529011.789915,1013662222.2117077,1121948.2220414788,942.208128989801,155399.40603949604,54868.98222743089,44487.07669404989,12.295498934146122,157.54888748155372,1024801954.861377,1542011563.0457463,3722953729.2476196,404128218.2320144,3144.051259244672,3291.8872794337935,63612122.2992548,0.7329796995409428,27866.46722610941,1437134534.4128332,147.88756751233404,3243829758.696897,114785886.674261,120153883.81175187,9903626.272209354,365781.3029221502,26687.906507796517,5193491.637866295,491090.691435679,38313222018.53422
NZE,2030,Zinc,Rest of the economy,6619617997.801384,2005675416.6692019,89212.40906397392,27030.432401369668,0.00868871234890324,603686059.3745832,13498791816.058575,1019086547.1837798,1454457.7457588944,1104.985827410682,188685.8321891595,65656.5809538046,54097.330853303385,10.528979908815781,135.28016141220277,1333583097.1335595,1986206229.7829633,2377323662.0804377,258055238.40216765,3511.0213145892862,4085.573551432131,69932620.63802709,0.5634321713205452,22446.80098012084,1528724996.5146084,157.49199242033808,3258518529.5468445,128184250.64744027,149123432.06317374,10805288.529718444,402098.51066674205,32007.705479261153,5375786.841770604,480535.4213725309,34854555279.52722
NZE,2035,Zinc,Rest of the economy,5710025093.853132,1741053981.6793292,76953.8506025201,23464.136602504368,0.010738856764030434,656420099.432456,15106856996.344566,1073319853.4073292,1795754.7137720766,1240.0069905768346,212780.9568774287,73956.61027724654,61080.68094093398,8.49630884981297,108.42086060694274,1800666950.2978399,2284468882.182767,2043221729.6353076,221788303.91993463,3765.855250517279,4772.080403078091,77304974.64429699,0.523318082286679,22852.94696722318,1668419778.3091533,172.0582051710269,3544568053.2792954,137489213.68686566,174180931.56511226,10473589.927884853,425475.90922749194,35831.7645798632,5915702.099028563,508441.96533290355,36258404037.198364
NZE,2040,Zinc,Rest of the economy,5797147355.927369,1769524213.290682,78127.99492503038,23847.82913094959,0.012173288640579961,729752572.8547308,16882313195.482185,1167279484.4772465,2204745.200959076,1387.3422208495967,237606.78666361154,82747.05141014975,68304.00935284937,6.84530695219249,86.63450533203725,2470441816.635588,2541061283.4154725,2071672305.5515444,224878825.1587252,4096.180146234854,5570.706300698617,86404811.55558148,0.7089113621124128,25623.48201402874,1849404555.4388096,190.86319361732973,3944291614.371252,149550156.9355466,203330776.15295303,10631748.725196905,456978.0971637253,39862.92887345239,6651100.417621192,557785.6413946537,39907007341.71497
NZE,2045,Zinc,Rest of the economy,5955865438.520065,1820127715.7564578,80267.03414498921,24529.81114178628,0.012466193266091281,811615960.8169389,18905240558.0051,1262266905.460214,2598632.533126861,1546.2742100377816,265449.1449363054,92385.62301396098,76249.79934651419,5.5605250172104785,69.81246372967414,3116407430.5861993,2823188858.1957154,2125247513.5646844,230696361.86208192,4477.929842719021,6486.41502137146,96738380.44068095,0.8177479424876355,28775.073911574058,2058908323.0835016,212.63481919152574,4386010898.89384,163488618.32645288,236754143.65939265,11342921.59173352,498494.1943552203,44452.261676859096,7504473.257324759,613938.2988176033,44014512732.54452
NZE,2050,Zinc,Rest of the economy,6229928680.153739,1905728939.1754534,83960.5768899376,25683.45647478672,0.012783956782993365,900023398.5908164,21114865100.37658,1360435802.7816927,2942465.377978135,1713.987374363154,294960.2864549288,102553.70050547956,84624.34373223555,4.850310955564307,60.14089529425189,3566144199.861974,3137746299.4496603,2219701158.182949,240950320.77397123,4871.127076631673,7442.4716366505445,107643196.22485688,0.9089632305321783,31985.38591941008,2283265305.450069,235.91525093733753,4858340441.18568,177845206.2353845,271650209.2600386,12140519.004735194,544754.8778178161,49558.64382730389,8426152.20815865,675337.3589749014,48398334610.14327
NZE,2022,Zirconium,Rest of the economy,1603130989.4410992,483399483.68740326,21605.352098946903,6514.761537294941,0.002159910566853519,44301122.249895915,479231783.804801,145990964.09122416,795942.630111402,29.515975756164462,524.2007438586685,926.5866119715374,386.5358326029902,0.5850633614420486,8.421870065587457,581745904.2949932,1669603942.659339,579597796.7129735,62915280.3082333,622.1367463878698,1013.2165114765505,4835226.359463225,0.4452564930205026,6931.8406727670545,102584858.39078388,10.40036519395794,266576548.57780266,22709259.699381795,36982401.80799794,1094607.0448521285,45155.6007610939,2684.2994082066107,3848142.6907466743,39622.36025149573,6089391078.025201
NZE,2030,Zirconium,Rest of the economy,1049764083.8241608,315211365.78521836,14147.641584712766,4248.094902078515,0.00528369261843493,42528086.528577164,437698648.6710358,82225531.7427824,957397.7831395824,28.979961175545522,619.5507147977601,940.2622281719098,462.51914243186775,0.6305209342810716,9.345881529205235,720870074.4521408,2039726721.320775,378835487.36037,41121751.07820231,743.0537783386935,1242.7406531340425,4941293.778375572,0.5265367033890086,6102.537229067873,95731028.59006014,9.666761442088498,219097351.0872219,27122413.86216882,45360032.75843345,1288607.097002549,50967.53364746348,3233.6308797486417,4574196.798960827,29802.755681933108,5507107051.985459
NZE,2035,Zirconium,Rest of the economy,923767213.5331786,277221300.0611039,12449.585241314478,3736.1038319754125,0.006241336590431986,44680208.221341826,472951637.9975786,73761701.68507765,1097000.562794019,31.976969559224436,691.0421758732664,1052.427260051726,536.3159988883839,0.6100791189445632,9.154971251925746,859557469.8696448,2299594646.5257072,332882315.7394139,36133547.22316439,836.5304713803414,1431.3699562276265,5410752.749373101,0.5867063872703078,6350.7223934356125,100326027.13335149,10.140268876798718,223116278.88066643,30534334.024351347,52245002.14504862,1260637.6137570937,55401.7330654515,3638.447281592453,5144976.609726193,28506.5029464222,5739742744.906744
NZE,2040,Zirconium,Rest of the economy,924886434.6973214,277484104.8409526,12464.668954141513,3739.645644852839,0.006955723584755553,48659123.01305802,538274214.2772537,78731336.43333867,1254577.8540800817,36.527931596719185,769.1355928698085,1214.8421173842676,624.1338613867215,0.596372023388077,9.07887322326571,1034183321.678578,2558665698.5412254,333032118.61419517,36150234.593202956,940.3456448318977,1640.3881369899827,6071826.8278941605,0.6833630297273948,7097.770933083962,109817889.14127032,11.118640990510867,244697142.8577494,34323718.15506424,59874165.548705235,1294626.2179439506,60501.38904892049,4059.7269653988606,5751112.119150614,30027.332709765597,6293214752.850129
NZE,2045,Zirconium,Rest of the economy,956009913.4836338,286789658.19805104,12884.11921885663,3865.056331435063,0.0070248980852600776,54147371.61330126,621561859.0493779,84545128.7356622,1422427.3091261152,41.19641236946105,860.4726874331632,1381.7387654678128,711.9810428785939,0.6044040129658779,9.355412112406576,1214529933.4343781,2851302819.4309616,343965296.52444154,37337438.36570249,1057.7596883352667,1876.382687414795,6839015.308377455,0.7697467963683696,7996.894234529016,121912644.24741136,12.363017920322017,272477867.7863654,38609485.53383293,68487966.41957602,1410335.2828794552,66841.65398465359,4534.962114910947,6435520.621989025,32298.90879863187,6967854483.843735
NZE,2050,Zirconium,Rest of the economy,1009140254.9096024,302683885.78453994,13600.155363987684,4079.2623992880253,0.007045405547948149,60565390.6559415,720330793.3616792,91148909.24067593,1590924.5086044024,46.0760384913696,958.3224751666822,1552.4609094462298,799.0360366417718,0.6562084651002653,10.133431308291438,1374436273.1924345,3166888821.243219,362755877.8765656,39377378.08454046,1179.5922553200605,2121.942777179103,7647681.534150602,0.8534238816534655,8931.929396250629,135243799.2394128,13.730518326408239,303842412.37293243,43056540.093678996,77450909.46603532,1555991.6474512736,73947.74242286323,5069.117095345655,7164123.490765389,35061.076882904905,7704957244.595909
