Scenario,Year,Metal,Technology,"Climate change, ecosystem quality, long term","Climate change, ecosystem quality, short term","Climate change, human health, long term","Climate change, human health, short term",Fisheries impact,Freshwater acidification,"Freshwater ecotoxicity, long term","Freshwater ecotoxicity, short term",Freshwater eutrophication,"Human toxicity cancer, long term","Human toxicity cancer, short term","Human toxicity non-cancer, long term","Human toxicity non-cancer, short term","Ionizing radiations, ecosystem quality","Ionizing radiations, human health","Land occupation, biodiversity","Land transformation, biodiversity","Marine acidification, long term","Marine acidification, short term","Marine ecotoxicity, long term","Marine ecotoxicity, short term",Marine eutrophication,Ozone layer depletion,Particulate matter formation,"Photochemical ozone formation, ecosystem quality","Photochemical ozone formation, human health",Terrestrial acidification,"Terrestrial ecotoxicity, long term","Terrestrial ecotoxicity, short term",Thermally polluted water,"Water availability, freshwater ecosystem","Water availability, human health","Water availability, terrestrial ecosystem",Total human health,Total ecosystem quality
SPS,2022,Aluminium,Electricity networks,47453794300,14118662558,639533.4753,190276.8269,0.004605989,1080055365,13404594100,5600719289,2281661.693,696.5797841,10805.26158,20644.2344,6515.652195,5.210667941,81.38162501,886156178.9,1057363920,16168466834,1755094227,6755.354635,5722.173378,70518723.21,1.221695974,147187.4738,1840245011,187.7566592,8485167093,246628647,208859325.2,31445514.62,184741.5727,4005.272576,4571181.047,1019935.138,1.12415E+11
SPS,2030,Aluminium,Electricity networks,46095667145,13574437609,621230.033,182942.3223,0.008514368,1245750258,15133393209,4938700583,2496686.929,819.5819389,13416.35209,24751.56386,9061.547254,6.688235705,109.7275949,1057334981,1533200435,15463616168,1678573186,8510.781189,7365.769969,71898089.04,1.420084382,139905.4714,1887632775,192.0887067,9282563776,310706694.7,268850599.7,37216950.24,198510.721,4879.589942,4090366.024,997309.6999,1.12586E+11
SPS,2035,Aluminium,Electricity networks,39933136539,11699528146,538177.7781,157674.219,0.008873842,1164535878,14115988466,4089018609,2336427.36,773.7853129,13037.55779,23540.07529,9043.283114,6.340200911,105.4018648,1027754717,1588340685,13282009344,1441755954,8274.283493,7253.890206,64373649.38,1.323940421,122116.8564,1693218687,172.1425634,8537229676,302069309.6,264766988.4,32832120.5,179070.0055,4696.511486,3382868.358,869338.9367,99242473480
SPS,2040,Aluminium,Electricity networks,33732720754,9821564136,454614.9458,132364.9498,0.009050388,1082091091,12941798625,3251522777,2146530.087,719.979653,12404.51243,22052.04216,8884.179034,5.945314293,100.448698,988720837.1,1600545983,11107874266,1205750587,7928.768755,7029.898255,56684913.13,1.225165952,105778.6218,1495642932,151.9263539,7762274518,289452207.5,256591282.2,30095935.1,159526.9934,4410.079036,2712353.639,741482.9116,85628364946
SPS,2045,Aluminium,Electricity networks,30143008364,8714394322,406236.491,117443.6527,0.00997792,1066234555,12635092839,2694495775,2077180.985,713.8332286,12519.47011,22024.35777,9279.102801,5.92289947,101.9739692,1009818446,1668945722,9815768450,1065489435,8083.262325,7266.903172,52863627.72,1.184175394,97377.34008,1401930943,142.2865676,7500882961,295088858.3,265241961.5,29759304.72,153979.8416,4419.458779,2279461.214,670259.1529,78363542233
SPS,2050,Aluminium,Electricity networks,24737563054,7088323197,333387.4538,95529.13686,0.008986884,963239639.4,11347711505,1979164579,1836964.266,647.6810594,11587.37117,20103.12305,8762.560723,5.371927191,94.12630948,938153873.3,1583549278,7949123165,862863495.3,7545.087963,6866.076999,45470331.92,1.05099884,82737.77821,1213894040,123.1044248,6677639686,275439495.8,250611806.4,29310805.66,134634.3126,4021.646964,1750351.433,556995.0353,65945794930
SPS,2022,Arsenic,Solar PV,0,0,0,0,0,0,0,0,0,0,0,0,0,0,0,0,0,0,0,0,0,0,0,0,0,0,0,0,0,0,0,0,0,0,0
SPS,2030,Arsenic,Solar PV,584088.4229,177279.6312,7.871743555,2.38919271,9.76E-07,27459.32575,436148.8297,66737.05549,318.1335742,0.034691373,4.412332242,1.7983422,1.37751872,0.000404983,0.005602174,46637.95617,66875.21857,210197.2892,22816.65346,0.240189499,0.46424746,2583.760377,0.000174039,1.760125814,52102.14984,0.005308516,152210.573,8767.949609,16945.03188,567.1888364,14.42175401,1.102277137,228.7734944,20.75730865,1871979.08
SPS,2035,Arsenic,Solar PV,2847005.509,866129.0165,38.36901466,11.67279692,5.56E-06,145857.8075,2440788.611,347489.5351,1834.678969,0.195750609,25.43251358,10.25315165,7.925078743,0.001969096,0.027002463,271982.7333,390009.986,1023082.107,111053.7675,1.3506822,2.688400885,14244.6775,0.000984032,8.635130294,280808.2773,0.028602104,808205.8441,49305.58243,98126.62987,3103.245153,78.80093081,6.338310003,1246.390802,108.878336,9700357.293
SPS,2040,Arsenic,Solar PV,13368461.86,4072377.539,180.1663915,54.88332,3.13E-05,766224.8939,13202369.38,1702099.731,10187.8438,1.067340838,140.9070244,56.3559674,43.85892391,0.009044678,0.123206002,1564084.368,2178175.763,4796684.993,520669.4416,7.33257963,14.99298168,76333.49166,0.00545448,41.33588694,1477295.06,0.150490767,4212075.332,267669.3042,547243.8177,16776.36807,420.268192,35.07165003,6619.902109,553.9256618,48785791.94
SPS,2045,Arsenic,Solar PV,11891615.98,3622524.763,160.2629803,48.82066653,3.65E-05,769162.3845,13508487.97,1534868.769,10684.73366,1.097627942,147.5880103,58.44553867,45.72172133,0.007741001,0.104810518,1706977.246,2280474.758,4260181.399,462430.7967,7.496723791,15.78086655,77761.24938,0.005625799,37.45798149,1484429.633,0.151300649,4175352.787,273660.6733,576001.6147,17219.34461,426.1986612,36.64986597,6739.524967,536.3061353,46659023.35
SPS,2050,Arsenic,Solar PV,11487575.35,3495566.669,154.817736,47.10965578,3.78E-05,808260.6437,14601532.83,1462991.029,11726.8773,1.186207873,161.820259,63.58616797,49.91729508,0.007037069,0.095134494,1943082.877,2481084.592,4110146.372,446143.2778,8.032841182,17.40470974,83704.04711,0.006136142,36.92394554,1582622.877,0.161395631,4380466.046,293230.8777,635271.8893,18345.35643,455.1200342,40.0736164,7274.121904,555.6975562,47849506.55
SPS,2022,Boron,Wind,246279.8746,74365.51252,3.319107072,1.002221965,1.06E-07,20364.26525,134619.9164,19708.97491,73.7893008,0.010046672,0.117632204,0.357526536,0.221278454,5.52E-05,0.000846246,14171.90505,20771.46226,89046.3003,9665.986375,0.098746375,0.184123792,898.2164935,1.81E-05,1.039572175,24597.92927,0.002495399,120034.7481,3604.419079,6720.518251,114.933063,3.027204622,0.267346661,90.91896879,6.338091497,785132.9848
SPS,2030,Boron,Wind,416169.8103,125631.6198,5.608709048,1.693133882,2.70E-07,37822.94408,253790.9006,33015.05375,143.4443581,0.019164883,0.230255874,0.686287797,0.431453811,9.79E-05,0.001470965,28094.21065,41035.29245,150431.6662,16329.32102,0.190037863,0.359055795,1651.318891,3.42E-05,1.779855703,44849.78557,0.004545714,223214.8128,6936.692289,13105.53623,202.711677,5.454701754,0.520305889,169.1792988,10.97521777,1392600.312
SPS,2035,Boron,Wind,333920.3528,100759.9821,4.500235378,1.357939505,2.34E-07,32340.66785,217601.1207,25940.87866,125.4472665,0.01650353,0.202239314,0.593102162,0.375619395,8.08E-05,0.001187952,25476.52111,36102.99965,120681.5215,13099.93492,0.164854138,0.314286536,1406.006972,2.93E-05,1.45698584,38004.62312,0.003851359,190700.3152,6017.431799,11471.45833,168.5099355,4.573748895,0.45476587,144.3410934,8.9624596,1153967.172
SPS,2040,Boron,Wind,257586.6824,77646.89513,3.47148861,1.046445069,2.01E-07,26734.85146,180112.054,19122.28436,105.7545287,0.013690843,0.170313562,0.493631461,0.314734095,6.41E-05,0.000926112,22711.02765,30544.35769,93082.16433,10104.02735,0.13780991,0.265038481,1157.9418,2.52E-05,1.153861267,31155.96341,0.003157662,157321.9657,5030.265044,9673.904338,139.6654107,3.729116932,0.382115358,118.8597236,7.050389254,922352.8014
SPS,2045,Boron,Wind,269524.0447,81102.88699,3.632368111,1.093021376,2.52E-07,29877.79094,201633.8863,18524.89487,120.4182426,0.015295476,0.193412842,0.553207695,0.354432715,6.82E-05,0.000972998,27468.24265,34770.31156,97392.19275,10571.87023,0.155413542,0.301826168,1287.810017,2.82E-05,1.231155365,34523.08052,0.00349966,175302.8004,5672.812398,11016.65488,157.9826967,4.129020475,0.433230707,132.9379662,7.51062512,999085.2099
SPS,2050,Boron,Wind,355198.6539,106686.3324,4.787002456,1.437808766,3.38E-07,41467.26633,282761.8518,22530.55904,170.2594273,0.021294126,0.272503003,0.772182202,0.496377891,9.07E-05,0.001287025,41173.12252,49103.87227,128344.1334,13931.68097,0.218087777,0.427759844,1793.395173,3.93E-05,1.664914668,47920.32709,0.004859712,243556.2431,7960.499724,15613.23395,223.2734397,5.728539597,0.610123698,186.0982114,10.06839283,1358627.185
SPS,2022,Cadmium,Solar PV,1464445.743,443891.8571,19.73629487,5.98231834,3.33E-07,63869.40813,1080077.624,167278.9044,120.1459946,0.078399647,11.04973488,4.298817349,3.881682012,0.001173731,0.016163065,94585.6975,136146.9787,528322.3904,57350.14994,0.32561992,0.50535457,5605.10707,6.89E-05,4.07264933,127414.1845,0.013099368,346570.2313,11887.6944,18445.44138,1567.628862,32.58591754,1.97530739,460.1066677,51.10453552,4548072.736
SPS,2030,Cadmium,Solar PV,1029233.106,313222.9826,13.87094616,4.221297515,4.62E-07,51379.64889,1007447.375,136794.9752,115.528836,0.073899116,10.88771553,4.147686035,3.821941251,0.00090065,0.01253811,93219.10215,138915.2745,370542.412,40222.75052,0.299841709,0.498629424,4976.947365,5.89E-05,2.79747524,109865.8204,0.011290492,278264.9944,10946.52334,18199.97356,1397.998129,28.30423741,1.917245569,388.676081,41.76209429,3605163.209
SPS,2035,Cadmium,Solar PV,849858.3316,259299.8869,11.45351728,3.494577439,4.97E-07,47054.03512,1007792.271,123767.2822,117.7793224,0.074429837,11.22139626,4.227569291,3.93272556,0.000764158,0.010709706,95623.96295,146247.8556,305438.9476,33155.61228,0.294914203,0.516734683,4878.138988,5.27E-05,2.356094685,106100.0247,0.010905125,257595.8136,10766.6147,18860.81547,1365.336438,27.08600899,1.956775739,371.7305892,38.73875403,3268322.351
SPS,2040,Cadmium,Solar PV,664379.899,202886.5644,8.953829563,2.734296645,5.14E-07,42839.87272,968671.9036,103372.1374,115.5175079,0.072067624,11.05842172,4.13118118,3.870991655,0.000612472,0.008687658,95940.87781,147000.4403,238309.9576,25868.63046,0.27919355,0.512945715,4619.839327,4.70E-05,1.959879639,99394.01187,0.010219855,234249.364,10192.66727,18722.51814,1319.257944,25.28129753,1.916931179,345.9375916,34.71655411,2858255.482
SPS,2045,Cadmium,Solar PV,521133.0003,158950.9433,7.023295062,2.142177488,5.68E-07,40846.59746,959004.7938,84749.65717,115.9124688,0.071772042,11.22390576,4.153117826,3.916323908,0.000502136,0.007237376,99323.83051,150832.758,186476.516,20241.99855,0.270641114,0.523314285,4522.90135,4.07E-05,1.676211865,96606.39409,0.009939264,221236.4024,9880.4277,19100.97094,1325.431845,24.50704018,1.935284306,336.2095829,32.15930601,2574710.056
SPS,2050,Cadmium,Solar PV,440341.9441,133817.2815,5.934476227,1.80345182,5.79E-07,40377.58199,997513.5433,71536.6254,121.3220644,0.074835155,11.88386635,4.363298196,4.134123119,0.000441548,0.006497107,106829.6562,160148.5384,157184.0965,17062.23065,0.273618274,0.557353369,4664.762459,4.07E-05,1.517373173,99118.85735,0.010202786,219685.7295,9989.130606,20343.39745,1385.620048,25.02159915,2.039766128,345.4333027,31.76793122,2480491.613
SPS,2022,Cadmium,Other low emissions power generation,43714.79831,13250.5032,0.58914313,0.178576667,9.93E-09,1906.549496,32241.12309,4993.400131,3.586447601,0.002340288,0.329842832,0.128322906,0.115871105,3.50E-05,0.00048248,2823.453657,4064.088915,15770.81762,1711.944774,0.009719998,0.015085211,167.316629,2.06E-06,0.121571622,3803.408492,0.000391026,10345.38004,354.8565493,550.6101903,46.7948914,0.972713957,0.0589644,13.73452739,1.525508523,135763.3653
SPS,2030,Cadmium,Other low emissions power generation,46783.32298,14237.4083,0.630497553,0.19187716,2.10E-08,2335.438586,45793.06248,6217.953419,5.251310726,0.003359051,0.494896161,0.188531183,0.173724602,4.09E-05,0.000569914,4237.231916,6314.330659,16842.83691,1828.306842,0.013629169,0.022664974,226.2248802,2.68E-06,0.127157965,4993.900928,0.000513204,12648.40884,497.5692426,827.2715254,63.54536952,1.286556246,0.087147526,17.66709459,1.898277013,163871.0549
SPS,2035,Cadmium,Other low emissions power generation,24995.83328,7626.467263,0.336868155,0.102781689,1.46E-08,1383.942209,29640.94915,3640.214182,3.464097717,0.002189113,0.330041067,0.124340273,0.115668399,2.25E-05,0.000314991,2812.469499,4301.407517,8983.498458,975.1650671,0.008673947,0.015198079,143.4746761,1.55E-06,0.069296903,3120.588961,0.000320739,7576.34746,316.6651381,554.7298667,40.15695407,0.796647323,0.057552228,10.93325262,1.139375119,96127.12798
SPS,2040,Cadmium,Other low emissions power generation,9916.117896,3028.157678,0.133639247,0.040810398,7.67E-09,639.4010854,14457.78961,1542.867723,1.724141908,0.001075636,0.16505107,0.061659421,0.057775995,9.14E-06,0.000129667,1431.9534,2194.036423,3556.865039,386.0989621,0.004167068,0.007655906,68.95282578,7.01E-07,0.029251935,1483.492714,0.000152535,3496.259164,152.1293622,279.4405692,19.69041707,0.377332799,0.028610913,5.163247636,0.518157524,42660.52958
SPS,2045,Cadmium,Other low emissions power generation,15327.44118,4675.027743,0.206567502,0.06300522,1.67E-08,1201.370513,28206.02335,2492.636976,3.409190258,0.002110942,0.330114875,0.122150524,0.115185997,1.48E-05,0.000212864,2921.289133,4436.257587,5484.603411,595.3528986,0.007960033,0.015391597,133.0265103,1.20E-06,0.049300349,2841.364532,0.000292331,6506.953011,290.6008147,561.793263,38.98328956,0.720795299,0.056920127,9.888517144,0.945861941,75726.76636
SPS,2050,Cadmium,Other low emissions power generation,12231.72067,3717.146707,0.164846562,0.050095884,1.61E-08,1121.5995,27708.70954,1987.128483,3.370057343,0.002078754,0.330107399,0.121202728,0.114836753,1.23E-05,0.000180475,2967.49045,4448.570512,4366.224904,473.9508514,0.007600508,0.015482038,129.576735,1.13E-06,0.042149255,2753.301593,0.000283411,6102.381376,277.4758502,565.0943737,38.48944578,0.695044421,0.05666017,9.595369519,0.882442534,68902.54481
SPS,2022,Chromium,Wind,108170476.7,32991595.97,1457.810529,444.6268307,1.92E-05,7391846.274,75838137.08,16970747.46,50150.24707,0.953090112,661.5233707,20.76497689,8.106988555,0.041440396,0.642997239,3249552.73,5167768.158,39113968.42,4245875.993,56.29688737,21587.86611,217335.0296,0.002417313,733.6139604,4422264.299,0.436810943,25770760.66,2054909.063,787957083.5,62006.45905,610.4289455,17.88679083,22129.75583,3346.368768,1113718871
SPS,2030,Chromium,Wind,129744957.9,39686111.61,1748.569217,534.8486336,3.57E-05,7827689.32,102658415.6,22366200.3,69850.79132,1.145324662,924.3678401,24.08763526,11.05404957,0.049391068,0.75013555,4507174.785,7286434.813,46890156.42,5089983.862,77.96911082,30165.09606,276893.9333,0.003107754,891.3540507,5352216.926,0.525082832,27899971.54,2845962.13,1101025965,76875.56685,668.4616549,24.69182963,27602.75748,4161.396914,1503663387
SPS,2035,Chromium,Wind,105458918.8,32317099.1,1421.266939,435.536655,3.22E-05,5576308.742,89992038.35,19217406.85,62274.3045,0.938426338,824.9754036,19.31462354,9.772521316,0.038475852,0.57327365,4039540.947,6548405.943,38099569.38,4135752.127,68.93474688,26917.12417,236345.0244,0.002571652,738.2200011,4426993.728,0.432785995,20735368.37,2516192.387,982474995.6,64173.95074,507.182076,22.2051994,23141.21938,3473.238407,1315952029
SPS,2040,Chromium,Wind,84330212.72,25877163.4,1136.515949,348.7458187,2.94E-05,3981820.567,78024254.87,16181052.26,54844.99594,0.765805747,726.8289625,15.43558078,8.578643598,0.029280718,0.430340762,3641636.212,5811569.338,30456761.24,3306114.7,60.16688853,23713.99576,200244.6126,0.002241011,608.9267736,3628375.009,0.353767354,15394118.66,2196151.976,865560812.8,54940.55535,390.0374351,19.45539943,19264.81845,2866.039289,1138743512
SPS,2045,Chromium,Wind,85448254.78,26237188.39,1151.583771,353.5978656,3.65E-05,3571064.737,85799161.83,17124995.3,61082.56509,0.795708371,809.9392246,15.67773984,9.43063497,0.027834528,0.405706849,4168209.158,6499768.265,30853496.06,3349178.56,66.45277751,26426.10753,215276.1821,0.002302423,641.8553358,3767416.405,0.366572159,14485649.17,2425588.999,964552888.6,60407.43016,382.713622,21.29207168,20479.88913,3004.94694,1248666992
SPS,2050,Chromium,Wind,99080431.73,30428442.17,1335.304244,410.0832774,4.38E-05,3163026.173,106920532.8,20606249.46,76757.34012,0.944002001,1018.246924,18.22943288,11.72479491,0.030243937,0.440490179,5384913.946,8168068.113,35770155.9,3882885.24,82.89225497,33223.98246,263947.5618,0.002747303,774.4376385,4492598.085,0.436747016,14729636.16,3025641.605,1212675314,75119.9998,422.5406692,26.09882099,24784.55545,3595.949127,1548802248
SPS,2022,Chromium,Other low emissions power generation,254308502.4,77563154.17,3427.308668,1045.316494,4.52E-05,17378210.88,178295258.1,39898182.04,117903.0971,2.240712312,1555.239681,48.81840531,19.05950848,0.097426262,1.511684795,7639689.803,12149409.16,91956835.47,9982043.138,132.3538321,50753.01567,510954.075,0.005683096,1724.724465,10396731.58,1.026941361,60586989.61,4831085.727,1852485003,145777.0199,1435.116823,42.05179756,52026.99695,7867.304052,2618350097
SPS,2030,Chromium,Other low emissions power generation,433502710,132598886.4,5842.304058,1787.031541,0.000119224,26153806.58,343001393.4,74729751.34,233384.8484,3.826748667,3088.489681,80.48139467,36.93369302,0.165025,2.506346289,15059332.67,24345371.79,156668977.4,17006609.22,260.509706,100787.3531,925155.5699,0.010383601,2978.184299,17882780.03,1.754402131,93219139.05,9508903.59,3678738251,256855.9665,2233.458191,82.50012356,92226.09004,13904.0227,5024026857
SPS,2035,Chromium,Other low emissions power generation,297561797.7,91185593.52,4010.232135,1228.905734,9.10E-05,15734055.23,253920607.2,54223636.97,175712.5353,2.647854077,2327.74209,54.49794258,27.57404535,0.108563068,1.617543017,11397927.07,18476914.67,107501352,11669395.55,194.5055708,75949.07995,666868.6831,0.007256146,2082.953941,12491159.84,1.2211445,58506701.55,7099662.488,2772141314,181072.5575,1431.059715,62.65396162,65295.02593,9800.053666,3713076672
SPS,2040,Chromium,Other low emissions power generation,299414260.3,91876819.58,4035.197723,1238.221368,0.00010443,14137446.37,277024969,57450795.37,194727.0541,2.718991854,2580.604853,54.80400028,30.45845783,0.103961134,1.527924061,12929622.47,20633965.91,108136673,11738353.97,213.6224236,84196.49697,710968.1173,0.007956706,2161.993355,12882538.59,1.256050318,54656789.12,7797433.427,3073172024,195066.3376,1384.827174,69.0763588,68399.70136,10175.86706,4043106681
SPS,2045,Chromium,Other low emissions power generation,276131229.7,84787069.24,3721.412962,1142.672998,0.000117962,11540112.78,277265207.2,55340463.33,197392.0223,2.571379974,2617.36784,50.66356933,30.47567019,0.089948969,1.311066346,13469821.28,21004396.27,99704948.11,10823074.12,214.7461902,85397.57291,695678.0691,0.00744042,2074.194536,12174635.13,1.184600215,46811255.88,7838438.302,3117011295,195210.2827,1236.762335,68.80662399,66182.00671,9710.668708,4035143291
SPS,2050,Chromium,Other low emissions power generation,228602833.2,70205871.82,3080.874074,946.1626017,0.000101098,7297876.403,246691867.3,47543666.55,177097.9912,2.178043921,2349.345149,42.05976833,27.05197472,0.069780172,1.016318775,12424315.91,18845734.52,82530514.27,8958767.653,191.2527429,76655.86826,608991.699,0.0063387,1786.817389,10365524.58,1.007682381,33984879.77,6980896.541,2797939087,173320.2458,974.9048569,60.21637491,57184.04227,8296.735735,3573466281
SPS,2022,Cobalt,Low emissions power generation,69675.26728,20896.84671,0.939011654,0.281626228,3.73E-08,2202.139356,19663.74447,4705.952532,22.35965226,0.0008682,0.049793565,0.028529443,0.024573849,1.70E-05,0.000208171,2371.981787,4828.873391,25216.3149,2737.221925,0.019373984,0.022874463,146.7856061,8.19E-06,0.401678712,5375.889064,0.000543537,18667.02782,707.1947397,834.9178974,23.97913475,1.194279246,0.083134555,16.11935195,1.809976099,178093.8532
SPS,2030,Cobalt,Low emissions power generation,113303.8435,33925.37448,1.526992772,0.457211338,8.45E-08,3715.586654,33396.81158,7235.905846,39.52211342,0.001475938,0.088433475,0.048964359,0.043588976,2.96E-05,0.000360559,4307.292491,8660.803024,41008.16867,4451.411561,0.034120747,0.04065335,239.115001,1.44E-05,0.633416039,8271.374324,0.000832585,30992.88204,1245.479309,1483.847238,38.68527148,2.034984059,0.147128037,27.37145017,2.948418508,292345.5861
SPS,2035,Cobalt,Low emissions power generation,48934.52009,14635.60021,0.659489177,0.197243581,3.77E-08,1652.331842,14871.45246,2994.312724,17.97484261,0.000657193,0.04030805,0.021949081,0.019847311,1.33E-05,0.000161575,2057.309807,3950.035645,17711.84026,1922.608727,0.01548866,0.018617733,104.0374073,6.55E-06,0.268421471,3423.532794,0.000343525,13594.54011,565.3673514,679.5472422,16.9545677,0.907627698,0.066882939,12.16904399,1.275310445,127145.0776
SPS,2040,Cobalt,Low emissions power generation,51790.80748,15467.48021,0.697983283,0.208454805,4.26E-08,1811.719861,16286.73932,2972.802958,20.07538101,0.000719142,0.045017073,0.024189161,0.022201829,1.48E-05,0.000179133,2436.035959,4415.18967,18747.07358,2034.982875,0.017270019,0.020955074,111.7929268,7.52E-06,0.28199209,3519.96458,0.000352193,14706.28267,630.3889606,764.8602034,18.95823959,0.99835092,0.07462131,13.2871581,1.355717536,135749.4795
SPS,2045,Cobalt,Low emissions power generation,48468.97679,14449.62111,0.653215062,0.194737146,4.70E-08,1754.460791,15743.95123,2544.524296,19.76442544,0.000691479,0.044334368,0.023410236,0.021808401,1.45E-05,0.000175108,2517.899464,4341.895907,17546.5312,1904.664771,0.016966616,0.020784632,106.8819236,7.41E-06,0.26569686,3283.86918,0.000327983,14116.53765,619.3126316,758.6390684,18.92052691,0.971944901,0.073451582,12.83527091,1.277855636,128210.2967
SPS,2050,Cobalt,Low emissions power generation,50092.33255,14909.99803,0.675092983,0.200941633,4.82E-08,1877.344293,17148.82426,2419.081291,21.40304506,0.000741117,0.048033524,0.025251149,0.023705651,1.56E-05,0.000188964,2872.467834,4731.769767,18133.82637,1968.41563,0.018404284,0.022918615,113.2514237,8.03E-06,0.276754446,3383.877621,0.000337445,14977.01699,671.7890548,836.5294279,21.11955936,1.050534059,0.080380495,13.81668455,1.331435434,134193.9566
SPS,2022,Cobalt,Electric vehicles,261225331.9,78346103.71,3520.526588,1055.868284,0.000139966,8256223.573,73722977.69,17643477.52,83830.4295,3.255041023,186.6851912,106.9621054,92.13185825,0.063899453,0.780469525,8892993.936,18104330.32,94540580.67,10262346.08,72.63661254,85.76055012,550326.108,0.030701789,1505.967022,20155192.22,2.037819095,69986104.51,2651402.539,3130260.038,89902.16583,4477.571518,311.6866644,60434.40129,6785.93173,667706457.6
SPS,2030,Cobalt,Electric vehicles,590995344.9,176955500.9,7964.827953,2384.824416,0.000440885,19380581.87,174198505.2,37742644.36,206148.2146,7.698526544,461.2709525,255.3991782,227.3610585,0.154503361,1.880686163,22466932.56,45174939.44,213899511.6,23218660.8,177.9745696,212.0487671,1247229.115,0.075291507,3303.912017,43143670.76,4.342782808,161659555.7,6496447.522,7739779.895,201783.2286,10614.5217,767.4230858,142770.0873,15379.01592,1524881020
SPS,2035,Cobalt,Electric vehicles,580015886,173474279.6,7816.858088,2337.908092,0.000446876,19584921.14,176269812.4,35491283.95,213053.98,7.789637602,477.7672103,260.1602177,235.2481536,0.158139296,1.915130617,24385083.75,46819370.46,209936639.8,22788485.55,183.5855118,220.6740934,1233144.799,0.077590027,3181.572377,40578785.75,4.071769819,161134700.3,6701241.673,8054604.297,200960.7653,10758.01873,792.7566641,144238.4398,15116.1249,1507037664
SPS,2040,Cobalt,Electric vehicles,599215711.9,178957572.2,8075.613611,2411.806275,0.000492816,20961461.29,188436337.8,34395104.61,232270.6347,8.320419133,520.8441144,279.8667517,256.8734763,0.17149501,2.072558529,28184751.17,51083409.4,216902218.5,23544597.43,199.8128092,242.44862,1293435.678,0.086999121,3262.627083,40725723.04,4.074845392,170150574.4,7293552.431,8849374.505,219345.3932,11550.84438,863.3628951,153731.4108,15685.549,1570611175
SPS,2045,Cobalt,Electric vehicles,574580815.5,171294622.5,7743.609792,2308.532914,0.000557364,20798448.38,186638401.2,30164343.09,234299.5549,8.197219353,525.5666366,277.5192157,258.5300934,0.17200989,2.075836765,29848716.09,51471482.51,208007283.7,22579057.98,201.1326136,246.3937094,1267043.517,0.087853849,3149.732648,38928988.33,3.888114401,167346048,7341709.697,8993370.264,224295.467,11522.02771,870.739861,152157.1304,15148.48016,1519883062
SPS,2050,Cobalt,Electric vehicles,547119348.6,162850240.6,7373.51236,2194.728212,0.000526893,20504762.59,187303187.5,26421731.88,233768.7122,8.094636643,524.6325975,275.7985419,258.9182773,0.170893304,2.063902509,31373718.29,51681418.31,198061594.8,21499463.54,201.0155868,250.3220944,1236956.675,0.087698493,3022.772235,36959447.19,3.685648705,163582236.3,7337426.135,9136756.312,230672.4197,11474.16143,877.9332396,150908.833,14542.22733,1465695574
SPS,2022,Cobalt,Grid battery storage,10677936.94,3202502.411,143.9062615,43.16003686,5.72E-06,337484.248,3013525.914,721200.8844,3426.681607,0.133054182,7.631008392,4.372219987,3.766013678,0.002611976,0.031902742,363513.0934,740038.8629,3864473.448,419487.2048,2.969119277,3.505577885,22495.32018,0.001254977,61.55842844,823870.6025,0.083298598,2860776.194,108379.6465,127953.5911,3674.872,183.0267608,12.74061181,2470.337473,277.3840905,27293399.91
SPS,2030,Cobalt,Grid battery storage,16212042.45,4854200.828,218.4892486,65.41993098,1.21E-05,531643.4701,4778571.583,1035347.161,5655.008342,0.211184132,12.65347405,7.006048953,6.236913986,0.004238299,0.051590531,616307.5014,1239228.096,5867640.06,636928.7301,4.882155675,5.816870882,34213.68971,0.002065379,90.63212144,1183506.821,0.119130176,4434606.131,178208.9891,212315.7843,5535.269094,291.1750115,21.05176589,3916.434767,421.8734733,41830170.13
SPS,2035,Cobalt,Grid battery storage,11786719.81,3525235.736,158.8492976,47.509505,9.08E-06,397992.5096,3582044.803,721231.659,4329.549634,0.15829614,9.708886221,5.286813115,4.780565739,0.003213608,0.038918086,495538.4097,951433.9431,4266200.999,463093.3405,3.730709868,4.484400809,25059.19681,0.001576736,64.65392254,824616.6865,0.082743958,3274478.527,136178.4391,163680.6273,4083.798895,218.6177233,16.10990476,2931.123298,307.1804294,30625076.18
SPS,2040,Cobalt,Grid battery storage,0,0,0,0,0,0,0,0,0,0,0,0,0,0,0,0,0,0,0,0,0,0,0,0,0,0,0,0,0,0,0,0,0,0,0
SPS,2045,Cobalt,Grid battery storage,0,0,0,0,0,0,0,0,0,0,0,0,0,0,0,0,0,0,0,0,0,0,0,0,0,0,0,0,0,0,0,0,0,0,0
SPS,2050,Cobalt,Grid battery storage,0,0,0,0,0,0,0,0,0,0,0,0,0,0,0,0,0,0,0,0,0,0,0,0,0,0,0,0,0,0,0,0,0,0,0
SPS,2022,Cobalt,Hydrogen technologies,21602.43761,6478.95365,0.291135455,0.08731668,1.16E-08,682.7613285,6096.637009,1459.054984,6.932488553,0.000269181,0.015438224,0.008845399,0.007618988,5.28E-06,6.45E-05,735.4200501,1497.165927,7818.181265,848.6607683,0.006006798,0.007092103,45.51007871,2.54E-06,0.1245383,1666.765161,0.000168521,5787.610433,219.2618821,258.8617524,7.434600291,0.370279784,0.025775416,4.997717388,0.561173244,55217.0304
SPS,2030,Cobalt,Hydrogen technologies,16059.42936,4808.505503,0.216432486,0.064804096,1.20E-08,526.6388107,4733.588198,1025.600855,5.601774564,0.000209196,0.01253436,0.006940097,0.006178202,4.20E-06,5.11E-05,610.5058518,1227.562544,5812.40466,630.9329614,0.004836197,0.005762113,33.89161699,2.05E-06,0.08977895,1172.365805,0.000118009,4392.860686,176.5314076,210.3171363,5.483162489,0.288434017,0.020853594,3.879567162,0.417902141,41436.39918
SPS,2035,Cobalt,Hydrogen technologies,16314.62302,4879.46545,0.219871724,0.065760422,1.26E-08,550.882507,4958.097888,998.2949299,5.992758906,0.000219106,0.013438584,0.007317758,0.006617034,4.45E-06,5.39E-05,685.9009526,1316.930101,5905.074706,640.9920143,0.005163873,0.006207097,34.68576123,2.18E-06,0.089490918,1141.395621,0.00011453,4532.37912,188.4917884,226.5590234,5.652602295,0.302600367,0.022298572,4.057122965,0.425184698,42389.7896
SPS,2040,Cobalt,Hydrogen technologies,11420.55099,3410.781855,0.15391445,0.045967013,9.39E-09,399.5079445,3591.439212,655.541966,4.426884299,0.00015858,0.009926854,0.005334027,0.004895794,3.27E-06,3.95E-05,537.1778165,973.6071168,4133.975122,448.7403618,0.003808265,0.004620868,24.65180372,1.66E-06,0.062182947,776.1982659,7.77E-05,3242.927834,139.0090175,168.6616868,4.180539991,0.220149446,0.016454976,2.929992288,0.298953463,29934.53717
SPS,2045,Cobalt,Hydrogen technologies,9705.930564,2893.541983,0.130806558,0.038996186,9.42E-09,351.3314236,3152.732068,509.5419332,3.957833519,0.000138469,0.008877974,0.004687908,0.00436714,2.91E-06,3.51E-05,504.2103008,869.4662645,3513.699375,381.4098262,0.003397571,0.00416213,21.40314481,1.48E-06,0.053205895,657.5960203,6.57E-05,2826.841896,124.017584,151.9177546,3.788842526,0.194632327,0.014708707,2.570267755,0.255891065,25674.15944
SPS,2050,Cobalt,Hydrogen technologies,11890.44252,3539.193835,0.160247166,0.047697618,1.15E-08,445.6261721,4070.625158,574.2185594,5.080451719,0.000175919,0.011401742,0.005993878,0.005627023,3.71E-06,4.49E-05,681.8391543,1123.182602,4304.435611,467.2438218,0.004368634,0.005440203,26.88254818,1.91E-06,0.065693344,803.2327562,8.01E-05,3555.102159,159.4629105,198.5674168,5.013160573,0.249365805,0.019079959,3.279673456,0.316043508,31853.68789
SPS,2022,Copper,Solar PV,2830549385,871961212.7,38147.23594,11751.39725,0.002415496,2148702329,28531929432,386325502.3,948783.1132,2978.180998,6403.57142,103579.4825,71985.15595,1.73878426,21.89123684,849971692,1643750819,1010444179,109683340.7,24034.98963,30096.533,35503580.6,0.129231281,62641.39886,683745170.5,69.81144155,10575020322,877310239.3,1098523442,4846414.495,90728.62038,6101.410958,512938.176,303679.6648,51659873452
SPS,2030,Copper,Solar PV,3205042926,993162750.4,43194.27506,13384.82703,0.004405188,2905521519,40223899269,489811175.1,1336680.818,4202.307936,9061.446869,146169.98,101712.6852,2.283175579,28.28967465,1198093043,2330015125,1139928069,123737974.2,33729.60085,42394.28545,49080778.36,0.169377555,84040.2694,930606134.6,94.98662491,14564388328,1231176794,1547391401,6507010.338,121254.5665,8552.322486,621214.7121,410441.5583,70940517296
SPS,2035,Copper,Solar PV,2849341014,886268200,38400.49021,11944.21212,0.004408736,2923964780,40620753632,464980060.7,1355076.377,4249.795742,9188.475104,147885.395,102927.156,2.168471257,26.47674746,1212949198,2361638557,1010828115,109723927.6,34321.94884,43047.54155,49219858.53,0.161806752,83506.32344,926745140.2,94.59080948,14665098001,1252797825,1571235248,6390330.703,118729.0746,8612.515284,582424.8689,406835.5909,70914067205
SPS,2040,Copper,Solar PV,2405115167,750799928.8,32413.67073,10118.50996,0.004323592,2811571131,39144954809,416485177.7,1313931.212,4100.856849,8881.707108,142760.3526,99372.57572,1.956553576,23.60262644,1182318499,2282470483,850741659.7,92346443.84,33326.08222,41708.75835,47190799.14,0.157366097,79443.68743,883610914.6,90.19719964,14103890519,1216446883,1522369662,6087590.33,111942.4563,8286.217621,525718.8074,385491.5339,67718426016
SPS,2045,Copper,Solar PV,2157782994,675651131.6,29080.38186,9105.731688,0.004918205,2864447827,39899706351,393052778.7,1348128.879,4190.960775,9086.623402,146033.2223,101600.6001,1.856778957,22.1709823,1224507023,2332780079,760975764.2,82602176.31,34705.34233,43085.57049,47899665.7,0.152496902,80253.5811,892857531.7,91.15446047,14370359913,1266790680,1572623305,6163559.428,112099.5895,8430.836409,511273.1097,387895.4142,68550249786
SPS,2050,Copper,Solar PV,2080285116,652650986.9,28035.9451,8795.75937,0.004986787,3058874349,42661111701,392775039.2,1450416.542,4491.840015,9743.365783,156666.545,108928.851,1.866426191,22.15904363,1333158026,2498234625,731711901.1,79425378.16,37930.25322,46698.09004,51025288.44,0.158229801,85374.6643,947976284.2,96.79572227,15359605475,1384503066,1704480267,6558429.542,118116.8304,8995.906955,533495.264,411151.9891,72944562284
SPS,2022,Copper,Wind,1175152513,362010080.5,15837.49799,4878.799887,0.001002836,892071679,11845533862,160389847.8,393904.0478,1236.444382,2658.555646,43002.84951,29885.90745,0.721886961,9.088533179,352880743.1,682432151.5,419503727.3,45536973.91,9978.549967,12495.10664,14739937.84,0.053652646,26006.68185,283868870.1,28.98345157,4390406250,364230823.3,456071387,2012074.478,37667.58738,2533.1084,212955.333,126077.9703,21447507843
SPS,2030,Copper,Wind,1522877706,471901764.1,20523.78081,6359.807079,0.002093127,1380559964,19112405312,232734018.2,635124.541,1996.728661,4305.55089,69452.73714,48328.83186,1.084851988,13.44185268,569274492.3,1107107820,541637376.5,58794158.67,16026.63626,20143.66536,23320755.72,0.080479828,39931.7749,442177957.7,45.13294105,6920276202,584994252.7,735243777.2,3091809.129,57614.16627,4063.640191,295170.4728,195021.5062,33707421316
SPS,2035,Copper,Wind,1140948603,354884325.9,15376.53284,4782.766286,0.00176537,1170829857,16265582778,186189841.2,542607.0422,1701.726292,3679.299103,59217.07303,41214.6508,0.868311038,10.60196301,485695705.4,945660137.1,404761283.6,43936251,13743.38115,17237.33038,19708883.06,0.064791539,33438.05555,371092322.1,37.87656565,5872278186,501652108.8,629162551.4,2558850.925,47542.14087,3448.670144,233217.7291,162907.3168,28395795920
SPS,2040,Copper,Wind,828227016.7,258545949.8,11161.99265,3484.416644,0.001488875,968194456,13479981994,143421105.6,452466.2034,1412.173721,3058.510413,49161.04749,34220.00454,0.673760057,8.12781573,407143964.1,785993013.8,292961949,31800481.22,11476.19126,14362.85504,16250654.16,0.054190691,27357.27966,304280826.9,31.06036609,4856824875,418896436.4,524244203,2096326.549,38548.57676,2853.447267,181036.8691,132748.1143,23319561048
SPS,2045,Copper,Wind,762227276.1,238670766.8,10272.51596,3216.559349,0.001737334,1011853495,14094394375,138844151.5,476220.5495,1480.438313,3209.809431,51585.58835,35889.96153,0.655898935,7.831801203,432551677.2,824044220.5,268811315,29178852.57,12259.50831,15219.78676,16920344.55,0.053868854,28349.22172,315397964.6,32.19990903,5076265929,447488191.5,555522210.3,2177250.042,39598.68299,2978.155584,180604.9593,137022.3354,24215071822
SPS,2050,Copper,Wind,854386164.8,268047860.1,11514.53877,3612.473626,0.002048105,1256298910,17521186562,161315175.9,595695.1849,1844.826911,4001.661532,64343.93415,44737.76338,0.766552961,9.100858414,547536375.8,1026040654,300518674.2,32620501.74,15578.19327,19179.19892,20956406.49,0.064985973,35063.91093,389339814.9,39.75461118,6308286454,568624106.5,700040752.9,2693588.211,48511.32424,3694.675497,219109.8562,168862.7047,29958789949
SPS,2022,Copper,Other low emissions power generation,194029084.8,59771377.6,2614.924621,805.53721,0.000165578,147289691.8,1955812601,26481920.45,65037.38113,204.1489672,438.9533385,7100.187796,4934.453362,0.119190543,1.500605032,58264035.39,112676171.2,69264136.65,7518596.328,1647.555441,2063.063371,2433706.788,0.008858573,4293.955568,46869505.4,4.785449138,724898680.8,60138043.78,75301812.16,332213.0235,6219.28424,418.2407806,35160.9922,20816.69649,3541191693
SPS,2030,Copper,Other low emissions power generation,233397427.5,72324033.23,3145.49069,974.709004,0.000320794,211585699.1,2929182177,35668997.55,97339.68359,306.0201953,659.8720947,10644.38078,7406.914547,0.166265264,2.060108848,87247453.65,169676209.9,83011767.69,9010838.714,2456.2548,3087.233899,3574157.25,0.012334401,6119.975034,67768539.43,6.917109823,1060606940,89656676.43,112684036,473853.0838,8829.992156,622.796672,45238.05737,29889.14847,5166025738
SPS,2035,Copper,Other low emissions power generation,133491839.3,41521731.35,1799.065834,559.5872297,0.00020655,136987968.3,1903085341,21784350.56,63485.42945,199.1032479,430.4807447,6928.4418,4822.144944,0.10159304,1.240437596,56826760.51,110642942.8,47357372.67,5140574.202,1607.985866,2016.780536,2305954.047,0.007580658,3912.277488,43418079.01,4.431586487,687060936.3,58693671.62,73612488.7,299387.4706,5562.466011,403.4969841,27286.64859,19060.27781,3322329344
SPS,2040,Copper,Other low emissions power generation,118339772.9,36941887.15,1594.861853,497.8647955,0.000212735,138338776.4,1926063719,20492474.55,64649.8444,201.7759793,437.0099264,7024.290536,4889.465671,0.096269031,1.161328776,58174055.27,112305241.1,41859357.17,4543756.3,1639.755574,2052.211495,2321946.379,0.007742942,3908.897195,43476635.3,4.438006241,693958952.2,59853286.78,74905718.69,299529.9631,5507.946164,407.7098365,25867.13732,18967.48281,3331974812
SPS,2045,Copper,Other low emissions power generation,131189428.1,41078405.86,1768.036302,553.6125441,0.000299018,174153412.7,2425832289,23896920.78,81963.87549,254.8030775,552.4507938,8878.564239,6177.138599,0.11288891,1.347956906,74447883.12,141828944.5,46265994.13,5022067.698,2110.024051,2619.52725,2912215.811,0.009271545,4879.277221,54284174.69,5.542031601,873692722.8,77018655.43,95612743.55,374733.6219,6815.458773,512.5800927,31084.50992,23583.36205,4167735168
SPS,2050,Copper,Other low emissions power generation,110253996,34590152.47,1485.890062,466.1705318,0.000264297,162118700.8,2261016053,20816866.54,76871.29925,238.065113,516.3931638,8303.242905,5773.170716,0.098919588,1.174417434,70656660.77,132405096,38780338.54,4209502.468,2010.283089,2474.97374,2704312.936,0.008386095,4524.811445,50242234.92,5.130121395,814050857,73377920.39,90336540.52,347593.2502,6260.128699,476.7782466,28274.96302,21790.83503,3866022701
SPS,2022,Copper,Electric vehicles,927601556.7,285751092.2,12501.26058,3851.059601,0.000791584,704152923.7,9350220950,126603033,310926.4574,975.9820283,2098.519408,33944.11337,23590.31186,0.569818352,7.173994379,278544889.2,538674868.9,331133453.8,35944413.51,7876.525283,9862.958412,11634906.22,0.042350484,20528.2619,224070665.6,22.87796221,3465548196,287504025.9,359997977.9,1588222.292,29732.74728,1999.498166,168095.3716,99519.10091,16929497607
SPS,2030,Copper,Electric vehicles,3116747800,965802296.4,42004.32409,13016.09095,0.00428383,2825477853,39115778627,476317459.1,1299856.849,4086.539344,8811.814772,142143.1707,98910.62153,2.220276804,27.51032772,1165087003,2265825976,1108524404,120329140,32800.39041,41226.37325,47728661.22,0.164711404,81725.05981,904969041.1,92.36985623,14163156731,1197259336,1504762606,6327749.933,117914.1472,8316.716161,604100.9847,399134.3809,68986190317
SPS,2035,Copper,Electric vehicles,4278382030,1330761717,57659.63655,17934.63901,0.006619866,4390432142,60993437265,698183308.4,2034693.072,6381.212233,13796.80655,222054.929,154548.6105,3.256033032,39.75573299,1821284300,3546080275,1517792648,164754193.3,51535.56855,64637.34151,73905284.5,0.242958319,125387.5727,1391539214,142.0313039,22020141305,1881118362,2359262938,9595297.969,178275.7265,12931.98338,874530.6654,610877.4179,1.0648E+11
SPS,2040,Copper,Electric vehicles,4471937146,1395995559,60268.17351,18813.79369,0.008039045,5227678722,72783948113,774389336,2443050.494,7624.904756,16514.15138,265440.6461,184767.831,3.637906715,43.88540864,2198337147,4243898453,1581821645,171703832.8,61964.6606,77550.94158,87743942.81,0.292597753,147713.1664,1642936906,167.7076479,26223988269,2261793562,2830609335,11318926.3,208139.5666,15406.9314,977492.2615,716761.4814,1.25912E+11
SPS,2045,Copper,Electric vehicles,4000469399,1252638326,53914.21569,16881.77221,0.009118214,5310606261,73972941098,728708873,2499393.285,7769.924216,16846.34598,270741.5152,188364.6746,3.442416323,41.1043819,2270201818,4324909107,1410827811,153142127.6,64342.7353,79879.44422,88804642.28,0.282724996,148787.8977,1655332925,168.9978236,26642245887,2348594537,2915599681,11427067.02,207829.5077,15630.53521,947886.0646,719147.2633,1.2709E+11
SPS,2050,Copper,Electric vehicles,3685540733,1156270253,49669.93076,15583.02234,0.008834849,5419260046,75580632538,695860579.4,2569632.982,7957.976153,17261.85089,277558.5561,192983.9879,3.306657198,39.25810807,2361891729,4426001707,1296338659,140714109,67199.19891,82732.75221,90399040.77,0.280328101,151254.1721,1679483828,171.4883092,27211871680,2452857259,3019745422,11619253.07,209261.8875,15937.61416,945167.8097,728418.1346,1.29232E+11
SPS,2022,Copper,Grid battery storage,92763904.02,28576263.92,1250.176574,385.1215219,7.92E-05,70418137.8,935059878.5,12660814.9,31093.90217,97.60214669,209.8604207,3394.548503,2359.126512,0.056984138,0.717428427,27855614.49,53869663.63,33114683.46,3594586.6,787.6843567,986.3356966,1163537.637,0.00423522,2052.909143,22407972.01,2.287888669,346568823.6,28751564.37,36001252.51,158828.647,2973.394875,199.9578964,16810.21641,9952.312239,1693018171
SPS,2030,Copper,Grid battery storage,333067254.3,103209223.1,4488.738194,1390.947857,0.000457786,301941065,4180057489,50901054.05,138907.5342,436.7027831,941.6632782,15189.94754,10569.95665,0.237267032,2.93985587,124505527.5,242134585.4,118461038,12858819.14,3505.171632,4405.603475,5100462.135,0.017601673,8733.443647,96708355.31,9.870986156,1513527570,127943582.6,160804525,676206.8768,12600.74403,888.7552004,64556.47655,42652.98345,7372120705
SPS,2035,Copper,Grid battery storage,429269750.9,133521445,5785.256586,1799.464836,0.000664202,440512254.1,6119752148,70051943.18,204150.1161,640.2563788,1384.297071,22279.79255,15506.57306,0.326692773,3.988875579,182737832.2,355794547,152287118.7,16530546.13,5170.800671,6485.361825,7415257.179,0.024377126,12580.71199,139619530.8,14.25065411,2209382076,188741258.9,236715703.8,962740.3864,17887.22376,1297.525383,87745.68475,61292.14156,10683615550
SPS,2040,Copper,Grid battery storage,543698537.5,169725270.9,7327.410186,2287.382801,0.000977388,635581669.2,8849079236,94150328.08,297026.3082,927.0366352,2007.792073,32272.29864,22464.09022,0.44229704,5.335592098,267274036.5,515973571.9,192318023.9,20875768.1,7533.669246,9428.65075,10667916.79,0.035574062,17958.98062,199748423.1,20.38991156,3188314953,274989073.4,344145748.4,1376156.122,25305.62803,1873.176164,118843.6008,87143.92812,15308376789
SPS,2045,Copper,Grid battery storage,552951974.4,173141890.7,7452.118499,2333.428491,0.001260336,734041414.7,10224671095,100723432.6,345470.572,1073.972704,2328.531815,37422.37233,26036.09935,0.475816889,5.681520557,313791321.1,597796606.1,195007121.9,21167576.45,8893.566972,11041.07843,12274735.13,0.03907875,20565.72707,228803052.2,23.35917886,3682538471,324626901.7,402999358.1,1579469.467,28726.5631,2160.480295,131018.4927,99401.80999,17566639497
SPS,2050,Copper,Grid battery storage,578440010.8,181474857,7795.620062,2445.731648,0.001386616,850544619.1,11862265286,109214259.2,403299.987,1248.99225,2709.221234,43562.39309,30288.54328,0.518974816,6.161500333,370695313.4,694654234,203458380.2,22084865.32,10546.81203,12984.77959,14187991.91,0.043997069,23739.11219,263592431.6,26.91482923,4270861859,384972214.9,473944449.6,1823624.092,32843.33487,2501.384294,148342.6497,114324.118,20282822328
SPS,2022,Copper,Electricity networks,9707029923,2990286490,130821.3744,40300.00868,0.008283655,7368717152,97846832940,1324857016,3253737.992,10213.31485,21960.28083,355213.4231,246864.4662,5.962952257,75.07337348,2914876064,5637046460,3465197230,376145873.2,82425.11676,103212.4534,121755275.2,0.443183192,214821.1709,2344822127,239.4099731,36265764965,3008630335,3767254505,16620197.75,311142.9314,20924.05773,1759060.008,1041433.02,1.77161E+11
SPS,2030,Copper,Electricity networks,11567931158,3584612934,155900.689,48309.72979,0.015899603,10486871374,1.4518E+11,1767870848,4824469.45,15167.35034,32705.3946,527569.9282,367110.6339,8.240644052,102.1056555,4324265902,8409701581,4114331611,446606301.6,121739.9297,153013.2941,177146789.7,0.611332809,303325.7506,3358827932,342.8343281,52567109226,4443674773,5584985168,23485690.95,437642.9615,30867.81677,2242144.393,1481402.84,2.56045E+11
SPS,2035,Copper,Electricity networks,10172813386,3164184618,137098.7253,42643.62895,0.015740217,10439237674,1.45026E+11,1660087495,4837939.384,15172.76409,32805.00371,527985.425,367474.0037,7.741949218,94.52817675,4330512136,8431601628,3608892628,391740067,122537.3793,153689.7847,175726398.9,0.577687924,298137.0923,3308696755,337.7112982,52357827484,4472781046,5609677076,22814974.2,423890.5466,30748.69254,2079392.91,1452498.148,2.5318E+11
SPS,2040,Copper,Electricity networks,8748290956,2730936263,117900.4758,36804.7528,0.015726498,10226721215,1.42385E+11,1514910206,4779252.446,14916.32891,32306.04465,519272.0576,361454.7101,7.116707005,85.85145788,4300528463,8302187004,3094461201,335898077,121219.2529,151710.1378,171650342.2,0.572398537,288965.9929,3214018804,328.0804831,51301051849,4424665982,5537419967,22142811.36,407176.002,30140.02975,1912233.207,1402174.892,2.46317E+11
SPS,2045,Copper,Electricity networks,7682458655,2405553246,103536.2833,32419.57482,0.017510521,10198431475,1.42057E+11,1399404727,4799808.138,14921.27938,32351.54267,519929.1106,361733.5068,6.610779494,78.93641546,4359671296,8305509200,2709338642,294092504.3,123563.1008,153399.6305,170539485.4,0.542942059,285730.6877,3178883647,324.5416132,51163484103,4510215835,5599086449,21944417.31,399113.5642,30016.71268,1820310.262,1381042.714,2.44063E+11
SPS,2050,Copper,Electricity networks,6461622465,2027214562,87083.10765,27320.7148,0.015489575,9501241471,1.32511E+11,1220007776,4505172.892,13952.20979,30264.09734,486625.6355,338346.463,5.797350236,68.82872594,4140953462,7759825255,2272787525,246705032.9,117816.0505,145050.0344,158490847.1,0.4914813,265184.2503,2944531405,300.6594667,47708831376,4300437498,5294326198,20371292.06,366885.4617,27942.39792,1657102.172,1277088.852,2.26575E+11
SPS,2022,Copper,Hydrogen technologies,4973.345293,1532.057422,0.067025637,0.020647496,4.24E-09,3775.323148,50131.30585,678.7834646,1.667035401,0.005232738,0.011251233,0.181991713,0.1264797,3.06E-06,3.85E-05,1493.42129,2888.110854,1775.37542,192.716343,0.042230071,0.052880353,62.38066943,2.27E-07,0.110062487,1201.357179,0.00012266,18580.57232,1541.455794,1930.132863,8.515270162,0.159412431,0.01072033,0.901245065,0.533572684,90767.67565
SPS,2030,Copper,Hydrogen technologies,22603.66577,7004.311451,0.30462898,0.094396913,3.11E-08,20491.28165,283680.3114,3454.408677,9.426983396,0.029636909,0.063906138,1.030868369,0.717331903,1.61E-05,0.000199514,8449.588766,16432.50476,8039.378461,872.6659448,0.237879068,0.298987028,346.143729,1.19E-06,0.592696636,6563.128956,0.000669896,102715.8056,8682.912959,10913.02639,45.89089453,0.855151634,0.060315523,4.381136244,2.894651965,500310.2235
SPS,2035,Copper,Hydrogen technologies,21717.96662,6755.22624,0.292692437,0.091039998,3.36E-08,22286.75654,309615.5101,3544.125251,10.32852978,0.032392375,0.070035491,1.127197502,0.784521237,1.65E-05,0.000201808,9245.22199,18000.64896,7704.634564,836.3269211,0.26160538,0.328112734,375.158761,1.23E-06,0.636493679,7063.745589,0.000720981,111778.8665,9548.952267,11976.11465,48.70774969,0.904965066,0.065645466,4.439301508,3.100942197,540514.223
SPS,2040,Copper,Hydrogen technologies,14853.70745,4636.85176,0.200183005,0.062490723,2.67E-08,17363.93152,241754.6215,2572.163309,8.114684115,0.025326408,0.054852375,0.881671091,0.613713301,1.21E-05,0.000145767,7301.859527,14096.26835,5254.080097,570.3207396,0.205817951,0.25758837,291.4448066,9.72E-07,0.490634839,5457.076736,0.000557047,87103.96349,7512.632397,9401.975384,37.5962395,0.6913434,0.051174702,3.246777316,2.380750223,418221.0078
SPS,2045,Copper,Hydrogen technologies,12177.75469,3813.133093,0.164119264,0.05138949,2.78E-08,16165.91801,225179.6579,2218.249164,7.608356739,0.023652282,0.051281649,0.824159224,0.573397412,1.05E-05,0.000125125,6910.679246,13165.37559,4294.674772,466.1771102,0.195864527,0.243159534,270.3285644,8.61E-07,0.45292248,5038.968252,0.000514443,81101.16653,7149.313067,8875.322908,34.78492276,0.632649949,0.047580622,2.885442387,2.189142845,386873.0677
SPS,2050,Copper,Hydrogen technologies,14545.58802,4563.409267,0.196030488,0.061500941,3.49E-08,21387.99424,298291.3017,2746.327347,10.14147595,0.031407452,0.068126712,1.095430142,0.761642805,1.31E-05,0.000154939,9321.59119,17467.9381,5116.212091,555.3511968,0.265212606,0.326518309,356.7745683,1.11E-06,0.596949276,6628.357034,0.000676807,107396.0928,9680.6015,11917.91816,45.85727862,0.825886192,0.062900395,3.730259021,2.874821052,510036.6017
SPS,2022,Dysprosium,Wind,160193850.7,49362177.99,2158.928105,665.2527135,6.73E-05,5885405.276,154127553.1,17043908.07,249956.926,3.799312728,171.8713062,134.1924197,153.9310385,1.85943045,10.40915493,111173054.3,187253903.3,57675849.29,6260753.112,353.9361284,272.9782183,193681912.9,0.019828189,456.9382777,8219459.877,0.828240093,42969479.35,12919841.91,9963704.917,71484.1147,2362.497125,115.9582558,293060.5904,3872.128655,1017348350
SPS,2030,Dysprosium,Wind,240445365.8,74246193.02,3240.475559,1000.613899,0.000144746,9055784.275,252761642.4,26064349.18,415434.5625,6.131099443,286.2043697,218.3239483,256.0323916,3.084599131,17.20534807,184918176.2,311536232.3,86509558.11,9390655.278,587.5123511,454.0076067,321960553.6,0.03258033,661.2958504,12615902.85,1.268569469,66544048.78,21446136.64,16571277.55,109683.9405,3715.731057,192.1357641,483318.022,5879.719384,1635079078
SPS,2035,Dysprosium,Wind,192533857.5,59526332.56,2594.773483,802.2347448,0.000121578,7371663.653,213168855,20967228.42,352994.9259,5.116678991,243.6376806,183.0585992,217.2568276,2.617202607,14.56311415,157250961.8,264766553.2,69241656.37,7516211.387,498.6955127,386.0184876,273531928.2,0.027465598,524.8721881,10314130.64,1.036244916,54366252.27,18204024.33,14089674.72,89828.39984,3068.420336,163.1334715,409002.5907,4749.710503,1363705116
SPS,2040,Dysprosium,Wind,151462247.8,46865368.69,2041.252533,631.6032833,0.000102665,5967975.348,176187811.6,16359191.87,293717.297,4.194266391,202.8871868,150.662952,180.5699285,2.174568849,12.07595738,131072072.9,220304112.4,54450532.14,5910626.482,414.5265948,321.4191827,227530990.6,0.02299197,413.4504573,8315654.16,0.834986537,44042310.7,15131578.23,11731800.1,74172.57349,2501.185523,135.7073636,339194.7121,3773.26191,1116042600
SPS,2045,Dysprosium,Wind,156157278.2,48331632.17,2104.527329,651.3640759,0.000123832,6341502.662,189919542.3,16504542.6,318748.0926,4.471169722,220.2350591,161.1923121,195.1154312,2.357144829,13.06729401,142561268.9,239056283.9,56122197.1,6092084.204,449.2945206,348.9390748,246886928.9,0.024800964,427.3349979,8785791.156,0.881905642,46838700.98,16400717.49,12736276.16,80567.91859,2669.40456,147.1182236,367279.9883,3925.332603,1193504816
SPS,2050,Dysprosium,Wind,195791426.9,60598845,2638.675657,816.6889654,0.000152723,8102466.493,246627257.7,20180181.71,415653.4207,5.745830406,287.1541048,207.7753276,253.4591842,3.071175554,17.00608311,186352877.6,311655733.5,70351163.13,7636642.632,585.2555348,455.3401965,321913583,0.032308542,537.4029772,11239669.88,1.128038095,60087513.44,21363735.26,16619917.08,105518.003,3441.907784,191.7005019,478270.7411,4956.768984,1539524946
SPS,2022,Dysprosium,Electric vehicles,106128426.1,32702442.92,1430.28987,440.7299227,4.46E-05,3899080.995,102109503.9,11291589.09,165596.4634,2.517044682,113.8647403,88.90247805,101.979313,1.231872673,6.896065141,73652148.51,124055710.9,38210250.15,4147748.937,234.482685,180.8480697,128314267.3,0.013136175,302.721609,5445392.169,0.548709062,28467280.07,8559395.264,6600954.507,47358.22599,1565.154345,76.82234446,194152.6411,2565.285234,673993282.1
SPS,2030,Dysprosium,Electric vehicles,319991201.1,98808843.34,4312.512585,1331.644061,0.000192633,12051682.83,336382035.4,34687141.39,552871.5606,8.159433094,380.8885221,290.5514199,340.7348369,4.105068016,22.89734292,246094114.1,414600850.6,115129261.5,12497338.23,781.8773394,604.2056119,428473819.5,0.043358785,880.0704174,16789585,1.688246587,88558621.3,28541099.14,22053504.71,145970.3569,4944.995466,255.6994755,643212.706,7824.889706,2176007495
SPS,2035,Dysprosium,Electric vehicles,420848343.3,130115080.9,5671.761508,1753.557363,0.00026575,16113282.5,465953160.8,45831021.41,771590.6788,11.18424523,532.5531603,400.1369381,474.8888179,5.720788,31.83264774,343725553.6,578737510.1,151351231.2,16429240.82,1090.068952,843.7749243,597897223.6,0.060035421,1147.286995,22545046.63,2.26506632,118835967.3,39791097.43,30797784.57,196350.5731,6707.07808,356.5837829,894014.5124,10382.11057,2980842156
SPS,2040,Dysprosium,Electric vehicles,452775442.8,140097538.3,6102.042146,1888.090666,0.000306902,17840436.94,526689096.4,48903541.66,878027.2388,12.53817932,606.5031861,450.3860585,539.7888289,6.500572837,36.0994045,391821834.9,658568676.4,162772335.4,17669000.44,1239.169927,960.8381951,680172429.3,0.068731316,1235.952963,24858498.07,2.496076775,131658396.9,45233760.46,35070593.93,221728.6505,7476.948211,405.6783953,1013975.682,11279.64465,3336255007
SPS,2045,Dysprosium,Electric vehicles,456224205,141204180.3,6148.521019,1903.004849,0.000361783,18527135.23,554862976.5,48219153.88,931244.4274,13.06282919,643.4318393,470.9344019,570.0431225,6.886560382,38.17699622,416502530.8,698419339.3,163964850.3,17798442.09,1312.644776,1019.449454,721297106,0.072457717,1248.488523,25668291.81,2.576547856,136842479.3,47915821.68,37209904.86,235384.7033,7798.848616,429.8159865,1073033.691,11468.12858,3486906228
SPS,2050,Dysprosium,Electric vehicles,457828073.5,141701058.6,6170.136311,1909.701265,0.000357118,18946369.02,576699828.1,47188244.45,971941.4575,13.43573877,671.4656135,485.8505781,592.6752352,7.181470657,39.76610413,435757480.8,728758895.7,164505351.4,17857111.72,1368.52986,1064.742865,752745295.7,0.075548546,1256.634029,26282235.59,2.637743215,140505388.6,49955801.99,38863114.37,246737.5859,8048.370833,448.2620759,1118362.41,11590.64026,3599941790
SPS,2022,Gallium,Solar PV,1250524.078,387975.3168,16.85327848,5.228732661,5.51E-07,18604.44807,206650.7938,117448.1238,1199.752661,0.010867536,0.328646278,0.346201442,0.162105796,0.000205779,0.00346044,24287.15574,41378.67182,451176.6348,48975.79568,0.18059166,0.368264879,50742.73002,0.000126592,2.194441599,37501.39887,0.0036374,124550.6755,6592.196431,13441.66775,479.2351378,8.571126784,0.478619409,202.8555646,25.6101176,2781740.671
SPS,2030,Gallium,Solar PV,11485611.61,3572577.779,154.7912707,48.14753236,7.34E-06,166889.5497,1920571.079,1073773.964,12314.28256,0.101961879,3.392379141,3.302646154,1.661602598,0.001830506,0.030662598,252769.2986,438935.2549,4142059.003,449625.1649,1.807085027,3.791064685,519612.4984,0.001280126,17.73375379,334082.5057,0.032081495,1103257.63,65963.94607,138373.8577,4443.939159,77.06285256,4.882818876,1904.622322,234.0779894,25682848.84
SPS,2035,Gallium,Solar PV,54679546.74,17032107.49,736.9147422,229.5412437,3.69E-05,793655.217,9205982.365,5040143.799,62484.48695,0.492458404,17.3300967,16.10509674,8.376311002,0.008359034,0.139077641,1307803.578,2260362.313,19714107.54,2139987.782,9.024625383,19.32337446,2633521.381,0.006428748,80.03836247,1579630.91,0.150930387,5215117.033,329423.7063,705303.1504,21539.93851,364.6007028,24.74644877,9260.01011,1113.841195,122730371.3
SPS,2040,Gallium,Solar PV,277575523.1,86558824.17,3740.877663,1166.55089,0.000202667,4083008.745,47175366.86,24808206.03,337966.3501,2.543038873,94.05190931,83.95699045,45.08337423,0.040962498,0.678457171,7408277.733,12374213.37,100054350.7,10861006.69,48.14736236,105.0411381,14227965.29,0.034994272,388.9516382,8017512.166,0.762488495,26507969.69,1757501.638,3834001.445,115824.3741,1874.586733,133.8121622,48094.11655,5657.303598,625747644.8
SPS,2045,Gallium,Solar PV,273416184,85319167.25,3684.822365,1149.844067,0.000235324,4063851.101,46763204.82,23251407.53,353499.4477,2.520896933,98.50377468,83.90979591,46.10760474,0.038968835,0.644031442,8144063.166,12985638.11,98539165.38,10696529.5,49.45766832,110.2273525,14870161.02,0.036371411,365.0007711,7904201.561,0.748425319,25986290.02,1805321.497,4023298.266,121912.2409,1882.445472,139.7826832,48614.70754,5571.920779,618294556.4
SPS,2050,Gallium,Solar PV,286187061.1,89328663.59,3856.935124,1203.879939,0.000243817,4251166.945,49344671.14,23083119.85,387178.2164,2.640849981,107.863042,88.5200357,49.46680523,0.039729678,0.657711455,9367389.878,14141644.04,103131224.7,11195002.38,53.24845286,121.1902245,16279675.28,0.039873099,366.7815239,8288725.455,0.782149283,26998422.21,1943686.585,4423443.082,134715.3419,2013.695534,152.9864178,51989.09284,5830.553462,648539972.1
SPS,2022,Graphite (battery-grade),Electric vehicles,2389191217,827099550.7,32199.06409,11146.79783,0.000331746,38128016.57,682900430.2,571747373.9,776243.5792,24.21776938,2898.203794,777.7030961,306.0709758,0.300416593,5.422123686,95703513.94,144886216,843165753.6,91525649.75,615.2621258,497.8925609,7754755.756,0.073763256,8211.974002,117023015,11.91811361,338232699.6,22458615.26,18173078.2,1829431.645,13604.80712,296.8038504,1685590.887,55878.2492,6192295860
SPS,2030,Graphite (battery-grade),Electric vehicles,7833105946,2782301677,105566.5527,37497.00293,0.001931233,131182169.9,2496780390,2071821708,3113798.187,85.68081195,11795.50267,2811.701656,1219.055098,1.457657439,26.24374646,387996458.2,613851240.7,2748256566,298321543.5,2493.963514,2027.673924,29052058.97,0.296751929,24329.39839,409650509,41.59455688,1147400803,91034546.76,74010097.08,6604718.502,38399.08086,1158.252048,6652625.945,184531.2805,21131179721
SPS,2035,Graphite (battery-grade),Electric vehicles,9327170566,3377892888,125702.0203,45523.76922,0.002782066,165507564.5,3228938038,2638932384,4240782.639,108.6517577,16177.38676,3621.452499,1663.7105,2.17332354,38.95299974,547366218.6,858741625.3,3257653270,353615049.1,3420.233852,2811.245754,38247401.96,0.40649598,28729.85701,519148374.1,52.63844162,1427332383,124844215.3,102610468.4,8645999.07,42220.45223,1572.770387,8964884.202,223191.6153,25989900473
SPS,2040,Graphite (battery-grade),Electric vehicles,7597929327,2822656402,102397.0838,38040.86239,0.00284519,147790453.4,2920855736,2320252934,4053062.532,95.86250625,15542.43935,3255.109726,1595.635305,2.295411359,40.9848731,554841489.9,843651911.6,2637387854,286284662.6,3294.190378,2738.321738,35310895.81,0.429302712,23982.18678,460542375.4,46.62154938,1242791881,120242434,99948741.77,8371418.515,33303.13349,1507.574936,8461040.297,186504.7895,22111411857
SPS,2045,Graphite (battery-grade),Electric vehicles,4718275813,1813946788,63588.07292,24446.51075,0.002375053,103445675.4,2062378588,1578324731,3036234.525,65.29590598,11705.171,2264.951533,1186.884645,1.868075809,33.28343193,447289445.1,645151639.1,1623749801,176254606.5,2482.968705,2089.186191,25536023.05,0.325947263,15592.03207,319457682.5,32.28018863,841968598.9,90631000.31,76255294.68,6483226.447,20967.30307,1131.751833,6261114.028,120046.5595,14538471720
SPS,2050,Graphite (battery-grade),Electric vehicles,3133733020,1251930085,42233.23343,16872.22716,0.00184721,77979484.81,1570387002,1149281470,2420427.538,47.95986227,9363.01284,1697.747194,941.1461516,1.586692436,28.25775896,387623056.5,520399593.4,1067576061,115882312.8,1989.426334,1698.837313,19587918.21,0.260953164,10931.90025,234599741.5,23.65675919,613187885.2,72615725.98,62007560.83,5410153.465,15390.63438,908.9506519,4941596.899,83048.35241,10289582104
SPS,2022,Graphite (battery-grade),Grid battery storage,301865906.5,104501119,4068.238491,1408.358698,4.19E-05,4817340.783,86282067.33,72238269.63,98075.64587,3.059829978,366.1778553,98.2600507,38.67099122,0.03795658,0.685066256,12091802.36,18305863.77,106531027.2,11563943.91,77.73620547,62.90697378,979786.1132,0.009319728,1037.55403,14785446.33,1.505811734,42734511.89,2837567.042,2296104.509,231142.2536,1718.919526,37.50012252,212968.4797,7060.020241,782374801.2
SPS,2030,Graphite (battery-grade),Grid battery storage,851444688.2,302431245,11474.89656,4075.857544,0.000209922,14259268.61,271395588.8,225203335.7,338464.3263,9.313351909,1282.150167,305.6269705,132.5091215,0.158444772,2.852648576,42174525.1,66724538.37,298730602,32427021.32,271.0893994,220.4045501,3157907.152,0.032256407,2644.562344,44528281.93,4.521254373,124720427,9895293.363,8044765.955,717921.1572,4173.911811,125.8999382,723128.6111,20058.22207,2296921662
SPS,2035,Graphite (battery-grade),Grid battery storage,1000244933,362244929.6,13480.27335,4881.964917,0.000298349,17749016.33,346271024.8,282998871.5,454781.1488,11.65180473,1734.861501,388.3642404,178.4161644,0.233067021,4.177316189,58699504.06,92091374.67,349350443.8,37921646.07,366.7855707,301.4777419,4101647.947,0.043592592,3080.987282,55673424.95,5.644941746,153066996.4,13388282.42,11003937.4,927196.1628,4527.7175,168.6637549,961393.3757,23935.04875,2787154590
SPS,2040,Graphite (battery-grade),Grid battery storage,1117750127,415247946.7,15063.88762,5596.285112,0.000418563,21741818.19,429694292.9,341338133.1,596256.0279,14.10256978,2286.486596,478.867222,234.7378461,0.337683628,6.029385791,81624100.36,124111714,387992633.6,42116042.97,484.6164732,402.8412662,5194672.994,0.063155781,3528.078661,67751524.99,6.858611143,182830179.5,17689161.11,14703705.97,1231540.03,4899.306125,221.783068,1244724.511,27437.17969,3252864346
SPS,2045,Graphite (battery-grade),Grid battery storage,1020336945,392269760.7,13751.05285,5286.608729,0.00051361,22370342.18,445993653.6,341316001.5,656592.0228,14.1203753,2531.267542,489.8004736,256.6662699,0.403975274,7.197611291,96727271.59,139515382,351139267.3,38115424.75,536.94714,451.7908535,5522218.027,0.070486773,3371.809323,69083387.41,6.980657843,182077458.4,19599142.07,16490365.87,1402011.186,4534.222841,244.7436846,1353978.914,25960.31784,3143974708
SPS,2050,Graphite (battery-grade),Grid battery storage,957705183.9,382604365.1,12906.96633,5156.348454,0.000564529,23831435.66,479928495.1,351233756.7,739710.7492,14.65709058,2861.4454,518.851248,287.6251877,0.484911625,8.635899122,118462105.2,159040156,326263635.4,35414979.84,607.9917787,519.1844011,5986295.16,0.079750316,3340.915603,71696403.98,7.229780192,187397334.9,22192208.71,18950230.31,1653405.694,4703.556505,277.7858693,1510209.369,25380.54043,3144615721
SPS,2022,Hafnium,Other low emissions power generation,82507.57031,24906.4379,1.111952248,0.335663378,6.23E-08,2693.148277,27638.84605,6663.696209,17.0822243,0.0011379,0.051682609,0.034578337,0.012709708,0.002197847,0.012264489,5996.028171,15829.7593,33970.25517,3686.759657,0.034182102,0.032528477,161.1908962,1.11E-05,0.290657547,3935.086922,0.000397616,16948.23435,1247.72005,1187.289387,42.24561306,0.817387685,0.034386284,37.09868466,1.885441253,227469.3379
SPS,2030,Hafnium,Other low emissions power generation,110741.5031,33543.09642,1.49246018,0.452059387,1.30E-07,3641.527169,41377.1025,9624.079546,27.77584471,0.001630236,0.084239506,0.050458646,0.020442663,0.003559782,0.019721711,10096.6259,25866.51312,46730.4204,5071.4097,0.054126191,0.053048561,233.735968,1.76E-05,0.40563836,5549.423096,0.000559013,22403.226,1975.713424,1936.272437,63.08831741,1.160737064,0.055147219,56.4514777,2.58237454,318939.2393
SPS,2035,Hafnium,Other low emissions power generation,62296.23354,18904.91202,0.83956462,0.254780979,8.11E-08,2088.445921,25023.62672,5568.115913,17.54179884,0.000966695,0.053436199,0.030242788,0.012837464,0.002245231,0.012381328,6354.925546,16403.87617,26742.32848,2902.129923,0.033634387,0.033715908,140.1794614,1.08E-05,0.23444774,3275.628752,0.000329749,12728.31695,1227.719255,1230.630607,38.10719921,0.679073646,0.034692548,34.60580298,1.473690942,184978.0747
SPS,2040,Hafnium,Other low emissions power generation,43365.23902,13172.89243,0.584432129,0.177530709,6.36E-08,1538.968683,18697.96454,3871.515656,13.62338273,0.000714863,0.041493683,0.022563604,0.009928436,0.001736521,0.009536515,5018.138978,12747.86117,18943.23704,2055.704296,0.025682851,0.026291293,104.3485186,8.29E-06,0.172579676,2406.440427,0.000242261,9316.352329,937.471187,959.6321771,28.9542572,0.498855552,0.026825405,26.23888262,1.045855566,133205.137
SPS,2045,Hafnium,Other low emissions power generation,64130.98168,19474.96689,0.86429147,0.262463593,1.15E-07,2438.982746,29448.82878,5486.817271,22.09412628,0.001119234,0.067305357,0.035515914,0.015867703,0.002808838,0.015371603,8326.682424,20671.92205,28473.3157,3089.828435,0.04097728,0.042847321,164.338756,1.31E-05,0.27023697,3755.974238,0.000378479,14663.31999,1495.743395,1563.927168,46.17035547,0.773862677,0.043363795,42.07120371,1.575927199,203296.828
SPS,2050,Hafnium,Other low emissions power generation,44272.67306,13432.23007,0.596661593,0.181025795,7.90E-08,1744.018328,21213.07734,3595.15845,16.22196025,0.000799988,0.049350797,0.02548044,0.011472625,0.002056193,0.011225478,6314.970735,15114.5556,19881.73287,2157.46475,0.029587288,0.031546986,117.7424768,9.51E-06,0.192852874,2674.3332,0.000269599,10485.99876,1079.987443,1151.464978,32.73800159,0.547872697,0.031739963,30.64254377,1.100888661,143315.6233
SPS,2022,Indium,Solar PV,2143126.646,642840.7362,28.88285866,8.663546912,5.65E-07,106267.1743,2611307.132,209453.1834,213.1536107,0.182354971,29.23307424,10.47968406,8.430574954,0.002344055,0.030668257,205618.0922,314111.8328,773868.195,84004.67025,0.628627025,1.058434603,12651.46635,0.000141599,5.647394117,295761.3445,0.029918288,648998.5277,22950.39599,38632.86239,2072.450388,71.77103389,5.17563386,1017.760503,96.75585114,8112969.131
SPS,2030,Indium,Solar PV,2089429.522,630414.4466,28.159184,8.496078149,1.04E-06,121271.0837,3387751.772,256201.9029,288.5070061,0.236661113,38.98977628,13.80943358,11.24445906,0.002324865,0.030296849,276159.3226,428080.2466,752782.391,81715.54139,0.780169825,1.41349754,15780.88918,0.000163723,5.691843897,362285.6763,0.036595091,752721.7425,28483.22589,51592.65932,2551.553838,88.83528394,6.831943569,1215.598951,113.526437,9238817.156
SPS,2035,Indium,Solar PV,1934455.02,586064.6435,26.07059691,7.898377073,1.21E-06,126169.936,3754189.5,270586.2781,327.6470468,0.262469929,43.87475583,15.43543831,12.63715824,0.002064483,0.02670277,310445.0323,488615.0858,695703.5009,75519.41181,0.835854792,1.596950091,17231.44505,0.000159882,5.516098638,392338.744,0.0396157,794496.4541,30516.41,58288.6773,2723.263877,95.50847266,7.633089536,1301.768036,119.3944647,9539070.8
SPS,2040,Indium,Solar PV,2360724.585,717176.6744,31.81542008,9.665370306,1.82E-06,175536.2526,5365454.032,364033.6734,480.8296487,0.375676317,63.38591341,22.20379055,18.23982494,0.002267101,0.029051989,457868.568,714404.5179,847573.6106,92004.94103,1.157536582,2.321730259,24408.67525,0.000204095,7.269634969,553040.9227,0.055844999,1108445.225,42260.99717,84743.15295,3808.121305,133.6241345,10.98081047,1826.7459,164.0215448,12913928.68
SPS,2045,Indium,Solar PV,2029813.927,617335.9576,27.35574627,8.319819712,1.99E-06,172151.3251,5311630.819,333731.1032,486.1495794,0.371999609,63.39095762,22.09430517,18.18904035,0.001662109,0.021001655,469354.0813,718495.1682,727682.2211,78990.48819,1.103895772,2.332560711,24043.51243,0.000172859,6.78830312,543704.3713,0.054922249,1082341.429,40302.90821,85138.4644,3689.559694,130.0040006,10.94010886,1802.70821,157.5263802,12240827.68
SPS,2050,Indium,Solar PV,1843247.944,560189.5825,24.84140167,7.549659588,1.90E-06,169067.7368,5278116.173,307167.4059,490.0911495,0.369054145,63.39327584,22.00431422,18.13990152,0.001223748,0.015243673,479146.3993,718677.6714,660192.236,71664.33778,1.05266507,2.344376498,23819.64804,0.000162826,6.436676961,537918.2987,0.054353257,1062477.705,38432.85631,85569.74058,3518.529792,126.7819807,10.90286935,1793.801962,153.7069158,11841620.38
SPS,2022,Indium,Other low emissions power generation,1071563.323,321420.3681,14.44142933,4.331773456,2.83E-07,53133.58715,1305653.566,104726.5917,106.5768054,0.091177485,14.61653712,5.23984203,4.215287477,0.001172028,0.015334129,102809.0461,157055.9164,386934.0975,42002.33513,0.314313513,0.529217302,6325.733177,7.08E-05,2.823697059,147880.6722,0.014959144,324499.2639,11475.19799,19316.43119,1036.225194,35.88551695,2.58781693,508.8802515,48.37792557,4056484.565
SPS,2030,Indium,Other low emissions power generation,1044714.761,315207.2233,14.079592,4.248039075,5.20E-07,60635.54183,1693875.886,128100.9514,144.253503,0.118330557,19.49488814,6.904716789,5.622229532,0.001162432,0.015148425,138079.6613,214040.1233,376391.1955,40857.77069,0.390084912,0.70674877,7890.444592,8.19E-05,2.845921949,181142.8382,0.018297546,376360.8713,14241.61295,25796.32966,1275.776919,44.41764197,3.415971784,607.7994757,56.76321848,4619408.578
SPS,2035,Indium,Other low emissions power generation,644818.3399,195354.8812,8.690198971,2.632792358,4.03E-07,42056.64535,1251396.5,90195.42602,109.2156823,0.087489976,14.62491861,5.145146102,4.212386079,0.000688161,0.008900923,103481.6774,162871.6953,231901.167,25173.13727,0.278618264,0.532316697,5743.815016,5.33E-05,1.838699546,130779.5813,0.013205233,264832.1514,10172.13667,19429.5591,907.7546258,31.83615755,2.544363179,433.9226786,39.79815489,3179690.267
SPS,2040,Indium,Other low emissions power generation,363188.3977,110334.873,4.894680012,1.486980047,2.80E-07,27005.57732,825454.4665,56005.18053,73.97379211,0.057796357,9.751678986,3.415967777,2.806126914,0.000348785,0.004469537,70441.31816,109908.3874,130395.9401,14154.60631,0.178082551,0.357189271,3755.180808,3.14E-05,1.11840538,85083.21888,0.008591538,170530.0346,6501.691873,13037.40815,585.8648161,20.55755915,1.689355457,281.0378308,25.23408382,1986758.258
SPS,2045,Indium,Other low emissions power generation,468418.5985,142462.1441,6.312864524,1.919958395,4.58E-07,39727.22887,1225760.958,77014.86998,112.1883645,0.085846064,14.62868253,5.098685809,4.197470849,0.000383564,0.004846536,108312.4803,165806.5773,167926.6664,18228.5742,0.254745178,0.538283241,5548.502869,3.99E-05,1.566531489,125470.2395,0.012674365,249771.0989,9300.671126,19647.33794,851.4368525,30.00092321,2.524640505,416.0095869,36.35224158,2824806.387
SPS,2050,Indium,Other low emissions power generation,283576.6068,86183.01269,3.821754103,1.161486091,2.92E-07,26010.42105,812017.8728,47256.52399,75.39863839,0.056777561,9.752811667,3.385279111,2.79075408,0.000188269,0.00234518,73714.83065,110565.7956,101568.0363,11025.28274,0.161948472,0.360673307,3664.561237,2.51E-05,0.990257994,82756.66133,0.00836204,163458.1084,5912.747124,13164.57547,541.3122756,19.5049201,1.677364515,275.9695326,23.64721781,1821787.751
SPS,2022,Iridium,Hydrogen technologies,21232860.36,6578729.66,286.1546731,88.66135845,7.81E-06,1123715186,5703962.189,1416378.812,2962.7202,0.596253831,6.109427166,20.33720252,7.096991218,0.013287037,0.199123261,671816.1341,1136826.347,7596072.216,824561.0285,51.8837949,38.9530526,49123.22373,0.001111264,11065.03931,828166.1033,0.078824974,2540368850,1893772.661,1421786.427,13543.27286,293.7632041,7.873895442,3601.060915,11482.14817,3713458488
SPS,2030,Iridium,Hydrogen technologies,47786103.99,14867222.15,644.0120047,200.3651434,2.46E-05,2778560442,13507473.47,3335123.39,7334.490388,1.42871071,15.23236656,49.14378842,17.58829477,0.024801052,0.371447888,1665394.703,2794144.204,17069291,1852885.489,128.3327137,96.81780581,117273.6315,0.002722778,27351.28887,1870452.182,0.176599736,6280803002,4684176.027,3533849.928,27844.29658,642.9354661,19.4464304,7985.333833,28299.05638,9172490634
SPS,2035,Iridium,Hydrogen technologies,40506273.89,12637279.94,545.9019354,170.3122737,2.16E-05,2491165201,11774434.72,2904676.874,6626.589106,1.254314405,13.79792278,43.38583031,15.73652728,0.01732471,0.259058257,1517876.061,2482700.66,14454469.34,1569043.935,114.7601845,86.97177806,103569.6974,0.002429119,24517.66308,1595420.215,0.149924689,5630885889,4188773.846,3174469.913,22064.22624,529.3833757,17.48087675,6680.360932,25325.94417,8218995973
SPS,2040,Iridium,Hydrogen technologies,23048797.41,7206437.034,310.6280066,97.12095341,1.32E-05,1512813694,6969645.66,1682756.004,4066.2149,0.748781792,8.412164423,26.0266346,9.551824962,0.008345987,0.124439261,952473.1857,1491099.379,8216144.321,891868.6897,69.47261594,52.89008857,62042.33716,0.001501564,14885.63567,914265.384,0.085649899,3419292323,2535766.173,1930488.241,12429.02899,300.6437847,10.64437952,3832.334471,15348.98,4988028425
SPS,2045,Iridium,Hydrogen technologies,14478461.95,4534677.205,195.1258321,61.11371978,9.98E-06,1018457335,4590386.83,1067032.568,2768.581467,0.495251864,5.670086571,17.29032007,6.388628598,0.004532128,0.067288673,666328.6078,993415.3403,5155378.966,559620.0684,46.65019992,35.67244898,41134.24408,0.00099072,10019.58243,568481.9252,0.053049153,2301840912,1702742.438,1302044.393,7982.41797,190.7317634,7.175935369,2455.159258,10312.96353,3355971345
SPS,2050,Iridium,Hydrogen technologies,10426030.26,3272806.662,140.511322,44.10752523,7.37E-06,796316000.3,3530987.452,783716.466,2185.488114,0.380030709,4.430257944,13.33080532,4.9661106,0.002966702,0.043850019,542436.7565,769498.0951,3707099.275,402408.0218,36.40638408,27.96874352,31890.90909,0.000756257,7833.397168,417841.4045,0.038973111,1799747298,1328840.689,1020859.143,6053.328567,138.4153457,5.611361609,1803.931476,8046.81816,2622307892
SPS,2022,Lanthanum,Other low emissions power generation,23213.35598,7130.905343,0.312845758,0.096103015,9.40E-09,726.6987462,19447.43019,2566.440961,27.5761452,0.000445703,0.018479139,0.016125051,0.019292795,0.000173462,0.000978756,10802.66931,17881.59111,8369.531962,908.5201701,0.036308185,0.029975206,18056.84266,2.37E-06,0.064997783,1564.876904,0.000158854,5636.799978,1325.36526,1094.095011,8.900926026,0.261502637,0.012821364,29.32579187,0.542250592,118791.2548
SPS,2030,Lanthanum,Other low emissions power generation,36030.18493,11081.54997,0.485577808,0.149345744,2.06E-08,1147.794954,32561.85291,4036.195206,46.81307784,0.000733809,0.031442781,0.026787763,0.032779365,0.000293886,0.001652081,18383.72426,30394.50285,12985.07869,1409.539939,0.061551625,0.050928226,30657.2719,3.99E-06,0.096428385,2522.630933,0.000255836,8981.849401,2246.830167,1858.880241,13.88048882,0.416347926,0.021697769,49.31954783,0.846705329,194408.4293
SPS,2035,Lanthanum,Other low emissions power generation,27357.63,8420.300816,0.368698024,0.113480162,1.62E-08,883.6545075,25860.7304,3075.271919,37.4796737,0.000576176,0.025223098,0.021144734,0.026194793,0.000234843,0.001316829,14789.19858,24330.8835,9856.898994,1069.97323,0.049211339,0.04080268,24531.10084,3.17E-06,0.072472671,1969.2725,0.000199664,6946.657287,1796.369787,1489.297812,10.70127964,0.322466079,0.017356351,39.28323109,0.646665668,152465.1176
SPS,2040,Lanthanum,Other low emissions power generation,20587.07394,6339.069192,0.277451427,0.085431461,1.31E-08,682.5605331,20360.47106,2301.304646,29.73625685,0.00044924,0.020016225,0.016565308,0.020739314,0.000185892,0.001040289,11846.63773,19286.95731,7415.705167,804.9797227,0.038977357,0.032394428,19439.79144,2.53E-06,0.054597434,1528.797636,0.000154993,5371.936086,1422.796509,1182.396629,8.446751234,0.249618363,0.013759782,31.02012851,0.490208001,118640.0023
SPS,2045,Lanthanum,Other low emissions power generation,18895.15484,5818.606048,0.25464948,0.078417194,1.41E-08,644.8981658,19521.04,2081.693472,28.74748066,0.000424743,0.019331055,0.015736415,0.019928533,0.000179252,0.001001474,11619.43644,18615.1768,6804.931608,738.6795791,0.037591369,0.031322588,18764.15162,2.42E-06,0.050354838,1449.088279,0.000146931,5081.958877,1372.203137,1143.274469,8.210857136,0.236392719,0.013272876,29.86972459,0.453265961,112617.4272
SPS,2050,Lanthanum,Other low emissions power generation,24873.45036,7659.138918,0.335218804,0.103222004,1.83E-08,864.0305124,26698.61109,2697.477328,39.55835284,0.000573295,0.026546816,0.021328379,0.027257981,0.000245996,0.001373006,16286.15814,25554.2518,8956.62043,972.2465147,0.051595239,0.04312029,25765.55224,3.31E-06,0.066387295,1889.758438,0.000191444,6792.474545,1883.387998,1573.890563,11.42516367,0.320739304,0.018223153,40.96796354,0.600325491,152559.4166
SPS,2022,Lead,Solar PV,980812.66,297925.7892,13.21838515,4.015137661,7.77E-07,127037.692,1389018.684,113087.078,350.7962085,0.35569679,11.15302017,26.98560972,7.553178339,0.000368544,0.004998313,98426.51505,123768.2237,355983.575,38641.5185,0.377104375,0.512156395,5184.502608,0.000104185,6.756604553,71712.9142,0.007286781,767122.4056,13765.91874,18693.708,589.8164525,13.60714915,0.850805458,325.0339594,70.90082754,4402461.33
SPS,2030,Lead,Solar PV,1195398.264,363762.3697,16.11034942,4.902415444,1.41E-06,175639.0863,1945309.031,147464.3756,497.8123305,0.503134625,15.8179412,38.23459302,10.71449997,0.000414854,0.005659539,139981.5168,178504.3467,433941.8278,47103.5026,0.525570556,0.729089452,7063.781819,0.000143303,8.960598981,92529.58208,0.009390808,1061460.623,19185.51051,26611.76439,753.7625191,17.37208573,1.183634632,433.6642749,96.44236153,5835659.448
SPS,2035,Lead,Solar PV,1122583.829,341893.843,15.12903129,4.607693912,1.42E-06,177980.8202,1979667.003,142837.5805,511.0537796,0.514716985,16.21047286,39.1542735,10.97554337,0.00035973,0.004908982,143621.1633,184389.5385,407566.0565,44240.36068,0.533478774,0.751526005,7115.291972,0.000143819,8.914878282,90777.03735,0.009211006,1076048.922,19474.16201,27430.69855,726.0129035,16.70018676,1.199046226,432.2159154,96.71992084,5767313.572
SPS,2040,Lead,Solar PV,1020122.843,310753.4748,13.7481674,4.188016027,1.42E-06,174368.1424,1942484.335,131993.6548,506.2127311,0.507074203,15.99119884,38.60358344,10.82416058,0.000299587,0.004094502,145346.7285,182826.1208,370445.8651,40210.98256,0.522863645,0.747588079,6933.267503,0.000145047,8.595304987,86644.58146,0.008792887,1053184.791,19086.6349,27286.96424,697.1098222,15.75062744,1.175709274,417.7703803,93.64624779,5513326.496
SPS,2045,Lead,Solar PV,993453.2963,302453.4371,13.38874266,4.076156647,1.68E-06,181677.8358,2025276.165,128358.1074,532.7067077,0.530788418,16.76966646,40.45316141,11.33790459,0.000264477,0.003622516,157408.4471,191724.6659,360878.1309,39172.36639,0.543157787,0.788341503,7198.113867,0.000149947,8.827591839,88535.4802,0.008988436,1095750.107,19827.42681,28774.46419,716.1584217,15.88404767,1.225070135,432.5333205,96.62184368,5622186.653
SPS,2050,Lead,Solar PV,1030559.971,313476.0425,13.88882829,4.224707996,1.74E-06,197877.6525,2212941.845,131688.1237,586.0653518,0.580904923,18.3806943,44.31308352,12.41399091,0.000249975,0.003445783,179095.5953,209464.4188,374460.1448,40646.63078,0.590452066,0.870192354,7838.069671,0.000163758,9.53205115,95356.61356,0.009684645,1193423.158,21553.84091,31762.02019,767.7039478,16.85740338,1.334464353,471.4074845,104.6820203,6041987.616
SPS,2022,Lead,Other low emissions power generation,5123648.224,1556328.75,69.0512657,20.97459972,4.06E-06,663629.7344,7256067.753,590753.3926,1832.517507,1.858117561,58.26204567,140.969603,39.45690177,0.001925232,0.026110589,514168.3622,646550.4221,1859615.69,201858.6788,1.969948225,2.675443854,27083.22258,0.00054425,35.29569543,374619.7011,0.038065274,4007355.85,71911.51578,97653.6985,3081.130722,71.08212243,4.444506121,1697.938594,370.3774573,22997932.32
SPS,2030,Lead,Other low emissions power generation,5704356.63,1735848.501,76.87745687,23.39398247,6.73E-06,838137.3941,9282878.185,703689.6519,2375.525507,2.40092312,75.48210538,182.4527948,51.12884194,0.001979656,0.027006922,667981.9748,851810.2158,2070739.95,224774.6089,2.507985813,3.4791637,33707.87114,0.00068383,42.75934952,441544.6724,0.044812275,5065215.604,91551.90981,126989.4722,3596.901845,82.89837401,5.6482214,2069.415487,460.2161813,27847357.37
SPS,2035,Lead,Other low emissions power generation,3690686.563,1124034.552,49.73928095,15.14858272,4.67E-06,585142.4225,6508494.255,469603.0045,1680.17681,1.692220224,53.29470531,128.7263786,36.08397819,0.001182673,0.016139119,472179.1669,606212.1813,1339943.2,145447.7611,1.753902818,2.470770426,23392.74073,0.000472831,29.30918887,298445.0543,0.03028276,3537695.087,64024.64222,90183.11851,2386.891737,54.90472359,3.942069785,1420.983831,317.9833014,18961030.92
SPS,2040,Lead,Other low emissions power generation,3577514.138,1089795.172,48.2140593,14.68713954,4.99E-06,611499.3882,6812184.646,462894.4145,1775.259925,1.77828106,56.08024593,135.3806225,37.9597298,0.001050636,0.014359192,509722.902,641161.0485,1299133.069,141017.6819,1.833653756,2.621749859,24314.58395,0.000508671,30.14325707,303857.7336,0.030836167,3693460.552,66935.76823,95693.86766,2444.725418,55.23657541,4.123147106,1465.097514,328.4121884,19334929.73
SPS,2045,Lead,Other low emissions power generation,4736995.85,1442162.084,63.84036233,19.43597871,8.00E-06,866278.4225,9656945.954,612038.6578,2540.058474,2.530911662,79.9613235,192.8892464,54.06153183,0.001261084,0.017272922,750556.8337,914183.8374,1720743.406,186782.1444,2.589891435,3.758979351,34322.13234,0.000714979,42.09182864,422155.9321,0.04285877,5224768.724,94541.37286,137202.7432,3414.795123,75.73850544,5.841394019,2062.410535,460.7134268,26807777.42
SPS,2050,Lead,Other low emissions power generation,4421133.412,1344821.693,59.58349298,18.12412494,7.45E-06,848901.1075,9493587.37,564946.0293,2514.238065,2.49209967,78.85373384,190.1044671,53.25639606,0.0010724,0.014782511,768325.5144,898608.6847,1606445.334,174375.274,2.533057202,3.733151489,33625.55569,0.000702525,40.89278741,409082.753,0.041547419,5119821.405,92466.62868,136260.0262,3293.47313,72.31876977,5.724892391,2022.35235,449.0890298,25920309.41
SPS,2022,Lithium,Electric vehicles,229025494.9,69180439.59,3086.570274,932.3428803,0.00011609,3291291.417,35764551.56,18896678.28,44131.71665,1.804262454,30.80053455,55.61114185,25.01225622,0.019900419,0.312878802,5397543.79,6321783.091,83102673.91,9020892.005,30.18922056,55.13273058,464151.2254,0.016310744,359.6617824,8151673.804,0.79824835,23816121.41,1101977.168,2012344.614,91952.55954,3415.666195,120.5616399,13733.17434,4613.492206,495700939.5
SPS,2030,Lithium,Electric vehicles,880837856.5,265731606.3,11871.02748,3581.257545,0.000600417,12535929.19,138382252.7,70500097.41,183280.6593,7.065427531,129.7636077,219.9273425,104.1385651,0.078823526,1.271502167,22343133.79,27459352.25,319700482.9,34703824.32,124.1968018,229.966258,1834725.956,0.067170622,1231.099407,30946246.98,3.014501295,89813701.85,4533428.572,8393768.196,344220.351,13469.95818,494.7139804,48994.15182,17643.34652,1908306743
SPS,2035,Lithium,Electric vehicles,1369015976,412642366.5,18450.19052,5561.169818,0.000944058,19603749.77,216371649.2,106711154.3,297801.2941,11.08990499,213.7883629,347.1628483,168.4693146,0.12346487,2.015864273,36285636.72,45420550.79,496969802.8,53946581.99,200.9876912,375.7315301,2914226.86,0.108391064,1820.126624,48191651.61,4.683610525,139453680.6,7336408.63,13714200.49,529786.5398,21249.88542,796.7468212,73222.35982,27375.55206,2969500300
SPS,2040,Lithium,Electric vehicles,1743146721,524814895.3,23492.34024,7072.915901,0.001281115,25394444.23,277962287.5,130591950.2,397312.8943,14.26849831,287.1781374,449.2649163,223.7748729,0.163602963,2.693850953,50635358.82,61238297.06,632912042.5,68703244.7,267.4172287,504.1560556,3803511.778,0.145784079,2235.182402,61779062.51,5.991551807,178494663.4,9761153.003,18401695.54,696891.9112,27733.71918,1056.66717,89359.8104,34840.4233,3788851432
SPS,2045,Lithium,Electric vehicles,1637947721,492448092.2,22074.57623,6636.709386,0.001464403,24188844.01,262805606.5,116298818.9,390256.9192,13.38966693,283.0299262,423.6245661,215.3414782,0.160671324,2.663361938,52662566.61,60188672.52,594859681.1,64572614.29,261.3906361,497.6760974,3660898.727,0.142442595,2015.162565,58555647.9,5.667903662,167804879.7,9541123.092,18165177.07,684441.6521,26766.99137,1032.516496,80380.60247,32702.824,3564882983
SPS,2050,Lithium,Electric vehicles,1385988579,416155199.5,18678.92982,5608.512172,0.001203,20608249.69,224874508.9,93250455.08,341962.5187,11.29524977,248.0066274,358.9087003,185.3055783,0.141501743,2.361380355,49278075.17,52277561.17,503458394.8,54650914.76,228.1616395,438.7263946,3156513.46,0.124461771,1643.731126,49920298.15,4.824799576,141826011.7,8328186.412,16013512.97,604952.0352,23174.36298,900.3515098,66075.05392,27642.35141,3020823320
SPS,2022,Lithium,Grid battery storage,25485159.71,7698158.462,343.4627941,103.7478697,1.29E-05,366243.45,3979754.781,2102756.569,4910.823781,0.200772044,3.427376252,6.188214252,2.783276791,0.002214449,0.034816064,600619.8811,703466.0128,9247376.227,1003813.456,3.359351359,6.134978311,51649.1324,0.001815003,40.02191096,907089.8804,0.088826297,2650175.073,122624.1827,223926.7026,10232.16069,380.0834423,13.41567955,1528.179828,513.3733506,55159874.74
SPS,2030,Lithium,Grid battery storage,88433900.18,26678783.36,1191.821232,359.5492291,6.03E-05,1258575.687,13893229.31,7078032.048,18400.91614,0.709351112,13.02793908,22.08015074,10.4552494,0.007913683,0.127655612,2243194.305,2756849.74,32097122.52,3484176.472,12.4690458,23.08803255,184201.8606,0.006743761,123.5992768,3106925.181,0.30264833,9017069.244,455144.7997,842713.166,34558.85545,1352.349843,49.66803645,4918.889327,1771.347511,191589186.1
SPS,2035,Lithium,Grid battery storage,106772854.5,32182972.41,1438.974814,433.7290335,7.36E-05,1528943.679,16875346.26,8322660.042,23226.24046,0.864928411,16.67386954,27.07606701,13.13932777,0.009629323,0.157222112,2830004.236,3542458.195,38759872.34,4207423.912,15.67551431,29.30420734,227287.5745,0.00845368,141.9560609,3758583.024,0.36528607,10876328.55,572184.1858,1069603.54,41319.32873,1657.329765,62.14020432,5710.788269,2135.085265,231598483.3
SPS,2040,Lithium,Grid battery storage,128078864.2,38561123.34,1726.115318,519.6871981,9.41E-05,1865873.673,20423463.87,9595330.36,29192.82905,1.0483874,21.10060457,33.01003841,16.44200756,0.012020836,0.19793249,3720466.653,4499524.59,46503633.1,5048016.58,19.64865866,37.04320136,279465.5565,0.010711582,164.231513,4539257.69,0.440233252,13115014.06,717207.2064,1352076.814,51204.59649,2037.753455,77.63932285,6565.771478,2559.923265,278388377.9
SPS,2045,Lithium,Grid battery storage,123088862.2,37006599.51,1658.865198,498.7369233,0.000110047,1817748.667,19749374.58,8739649.687,29327.11436,1.006209689,21.26919628,31.83463376,16.18252963,0.012074165,0.200146919,3957498.35,4523071.842,44702648.54,4852517.28,19.64304206,37.39947482,275110.0374,0.010704308,151.4358877,4400352.942,0.425932894,12610238.68,716998.4549,1365080.795,51434.57455,2011.491862,77.59178085,6040.459516,2457.559142,267894624.7
SPS,2050,Lithium,Grid battery storage,110145907.9,33072272.73,1484.433361,445.7141095,9.56E-05,1637758.353,17871003.64,7410707.558,27176.10568,0.897644872,19.70933639,28.52283579,14.72642089,0.011245286,0.187661274,3916178.252,4154550.424,40010345.56,4343163.223,18.13223523,34.86602833,250851.3029,0.009891102,130.6289676,3967216.359,0.38343168,11271055.96,661849.3597,1272610,48076.14736,1841.68996,71.55184104,5251.051065,2196.765499,240067870.9
SPS,2022,Magnesium,Other low emissions power generation,73011718.34,22849861.1,983.9769128,307.9469489,1.26E-05,840610.2564,20548737.4,11648336.95,4102.196091,0.35683413,155.6606962,11.36476333,4.581196074,0.008927536,0.14589842,1169574.622,1479503.703,26458587.78,2872099.585,7.060947982,6.353490519,125351.7003,0.002599209,848.3377255,2888327.637,0.295291807,7101222.83,257752.4679,231902.4002,23966.24769,212.8342905,3.708341251,10315.76005,2316.377202,171522198
SPS,2030,Magnesium,Other low emissions power generation,63407369.99,19900553.11,854.5393753,268.1992063,1.60E-05,655610.2272,18680288.19,10483076.78,3823.805287,0.292878052,149.5966229,9.575877105,4.315816772,0.008390703,0.13485621,1113581.755,1474902.473,22980230.27,2494517.118,6.626119582,6.098399854,110869.348,0.002428658,774.7606862,2504308.776,0.255706191,5795113.091,241875.8579,222591.5909,20521.03145,152.3456506,3.438488129,9039.221674,2065.111936,150098438.4
SPS,2035,Magnesium,Other low emissions power generation,78796159.53,24773317.87,1061.933667,333.8693228,2.11E-05,762030.7683,23887922.14,13260804.17,4979.251153,0.353229446,197.2446806,11.75548836,5.63699076,0.010719359,0.170102572,1489979.721,1983947.887,28559333.93,3100129.872,8.624699589,8.126540292,140576.7277,0.003153054,999.8941963,3140106.446,0.320495414,7005739.057,314828.2204,296618.7154,25734.45412,168.4731601,4.566002776,11339.88718,2615.747322,187553734.7
SPS,2040,Magnesium,Other low emissions power generation,88656827.17,27917328.34,1194.825613,376.2410653,2.59E-05,817716.0085,27721419.39,15102016.04,5891.606813,0.386212603,235.613163,13.1017663,6.693038278,0.012292861,0.194551296,1849744.945,2419385.436,32136632.14,3488445.362,10.19476702,9.83421111,162183.0502,0.003844595,1173.605939,3586097.419,0.365913042,7735050.837,372137.4084,358948.699,30623.50895,173.3971461,5.440147201,12897.13079,3006.471244,212373538.9
SPS,2045,Magnesium,Other low emissions power generation,89018127.2,28066373.18,1199.694843,378.2497385,3.07E-05,787300.2748,28691950.73,15246437.88,6190.208585,0.373030544,250.5856247,12.90379065,6.966628441,0.012391607,0.197036299,2055500.614,2602238.437,32272676.84,3503210.863,10.70054055,10.57856336,166925.6639,0.004057284,1230.669025,3659611.975,0.373358609,7622307.208,390596.3506,386117.5553,32983.13403,161.2431772,5.675569805,13121.64455,3085.692694,214521853.2
SPS,2050,Magnesium,Other low emissions power generation,99730256.02,31470181.71,1344.061908,424.1227723,3.42E-05,832928.2008,32992679.52,17084061.54,7178.623095,0.404030784,293.6344017,14.22197994,8.01688589,0.01384032,0.222329028,2525269.637,3056387.023,36161752.52,3925369.895,12.39311678,12.57105991,190905.4361,0.004757274,1429.01349,4160980.649,0.424479585,8398750.114,452376.8297,458843.678,39447.2848,173.6307927,6.523749328,14888.46653,3520.650773,241502456.8
SPS,2022,Manganese,Wind,30695866.6,9248981.94,413.6873469,124.6482751,1.70E-05,6921943.962,16395193.04,2826018.219,2071.170934,0.623178708,19.9701946,22.03111819,12.73671701,0.010897578,0.171605522,2172529.679,3655088.569,11092228.05,1204042.29,9.789265514,27.37368578,69381.82488,0.001977765,327.1674945,1913418.395,0.193118896,41912415.12,357363.4757,999139.5021,20018.56851,324.7100643,20.70829934,7543.116286,941.9393262,129493605.2
SPS,2030,Manganese,Wind,34712127.58,10461705.54,467.8143853,140.9921176,3.06E-05,9321891.145,21607154.51,3326022.321,2858.438145,0.809467558,27.6875868,29.15435178,17.67200678,0.013290603,0.202904062,3043000.917,5110716.472,12534913.95,1360631.833,13.19770066,37.86521574,82606.6818,0.002592128,422.5833207,2240136.529,0.225164507,56532547.12,481788.4743,1382080.334,25129.4949,393.4671887,28.80447548,9334.534406,1135.948372,162235090.1
SPS,2035,Manganese,Wind,27334354.69,8236173.487,368.3843438,110.9986834,2.72E-05,8214724.444,18782230.98,2645206.822,2583.516966,0.697325836,24.84680353,25.39789642,15.7404041,0.011096453,0.163853069,2787180.051,4584510.16,9866174.839,1070942.915,11.62699975,33.91258584,68901.36205,0.002230872,363.0587146,1847163.43,0.185361946,49845399.05,424448.1346,1237809.347,21327.9182,328.2900559,25.9923946,7889.466293,935.468012,136977394.1
SPS,2040,Manganese,Wind,21143408.58,6364142.436,284.9491339,85.76937246,2.45E-05,7171814.072,16184129.3,2021362.809,2330.062613,0.596123524,21.96834146,21.94522735,13.88043374,0.009044189,0.129962066,2572854.225,4058595.483,7628011.482,827994.1354,10.14535465,30.04367921,57512.35506,0.002100412,308.7877492,1522753.845,0.15264067,43499154.03,370359.0422,1096594.259,18425.61763,275.9338513,23.07167503,6624.46487,761.2527596,114546382
SPS,2045,Manganese,Wind,20679776.02,6211841.409,278.7007706,83.71681571,3.02E-05,7932697.391,17649541.27,1898478.609,2643.855594,0.638648607,24.54207542,23.76233224,15.26076935,0.009177894,0.128946229,3019229.295,4529389.735,7457667.731,809500.3502,11.16151894,33.64978536,61232.63655,0.002293717,333.16059,1605907.591,0.160902421,48083419.06,407453.4663,1228217.129,20238.25701,295.6070055,25.77694102,7105.607592,785.8510853,121604679.4
SPS,2050,Manganese,Wind,23270244.5,6972883.19,313.6124429,93.97335486,3.61E-05,9863986.084,21887151.34,2032345.93,3365.849116,0.776187031,30.78733966,29.13988528,18.9067511,0.010453292,0.144854628,3978624.216,5673944.719,8388747.485,910562.4909,13.82985378,42.42919955,74479.78213,0.002850842,409.0752396,1937846.438,0.194184881,59870154.03,504860.9378,1548665.738,24907.30696,360.0347646,32.27751883,8724.867162,928.8906095,146951910.6
SPS,2022,Manganese,Other low emissions power generation,6581198.686,1982983.201,88.69463305,26.72461002,3.64E-06,1484065.888,3515131.998,605898.7561,444.059378,0.133609614,4.281612903,4.723475248,2.730754155,0.002336442,0.036792251,465790.709,783651.5713,2378175.46,258146.8586,2.098820085,5.86892259,14875.4743,0.000424033,70.14476292,410237.2085,0.041404722,8986028.475,76618.78609,214215.6683,4291.984276,69.6178895,4.439862675,1617.245333,201.9519415,27763449.58
SPS,2030,Manganese,Other low emissions power generation,7702674.533,2321468.56,103.8087321,31.2863679,6.80E-06,2068541.992,4794660.84,738049.472,634.2918236,0.179622097,6.143918123,6.469395529,3.921445503,0.002949205,0.045024724,675246.5868,1134075.851,2781516.698,301926.2977,2.928590089,8.402349648,18330.54983,0.000575197,93.77188923,497089.7435,0.049964351,12544659.21,106909.6039,306685.7532,5576.273594,87.31097474,6.39175744,2071.347551,252.0686921,36000216.17
SPS,2035,Manganese,Other low emissions power generation,6895499.45,2077697.842,92.93045577,28.00107663,6.87E-06,2072287,4738098.441,667292.9503,651.7307621,0.175910863,6.267977495,6.406998913,3.970752154,0.002799246,0.041334385,703107.8189,1156511.198,2488890.041,270161.3542,2.933084437,8.554956561,17381.39822,0.000562771,91.58698623,465974.5787,0.046760321,12574246.79,107073.3848,312255.9053,5380.286086,82.81607248,6.556969963,1990.235771,235.9857854,34554594.62
SPS,2040,Manganese,Other low emissions power generation,7094984.804,2135582.525,95.61891438,28.78118691,8.22E-06,2406608.739,5430824.979,678298.315,781.8871195,0.200038103,7.371803286,7.364047001,4.657785716,0.003034912,0.043610702,863359.4514,1361921.999,2559692.556,277845.7308,3.404424448,10.08160282,19299.125,0.000704825,103.6183158,510982.6711,0.051220844,14596787.25,124279.4778,367978.492,6182.989683,92.59370242,7.742043253,2222.937584,255.4496708,38437739.89
SPS,2045,Manganese,Other low emissions power generation,6322128.301,1899056.273,85.20314863,25.59352913,9.25E-06,2425148.64,5395738.535,580394.3589,808.2676649,0.195244786,7.502893137,7.264513552,4.665453907,0.002805825,0.039420862,923025.228,1384704.699,2279924.704,247476.8135,3.41224947,10.28726134,18719.7668,0.000701225,101.8523602,490950.8606,0.049190366,14699847.05,124564.8448,375485.0278,6187.149091,90.37164687,7.880410707,2172.294459,240.2468664,37176436.75
SPS,2050,Manganese,Other low emissions power generation,6037015.135,1808979.762,81.36068635,24.37957047,9.36E-06,2559020.524,5678198.348,527252.8675,873.2044933,0.201366722,7.987180173,7.559779978,4.904991117,0.002711905,0.037579733,1032177.148,1471995.283,2176298.385,236227.8376,3.58788824,11.00743569,19322.33982,0.000739596,106.1266637,502736.801,0.050377514,15532154.21,130976.4116,401771.3908,6461.719347,93.40406041,8.373778355,2263.498139,240.9827137,38123832.72
SPS,2022,Manganese,Electric vehicles,17421847.89,5249382.877,234.7937632,70.74578856,9.63E-06,3928641.482,9305310.158,1603944.277,1175.520647,0.353693375,11.33434991,12.50405454,7.228893365,0.006185065,0.097397,1233048.153,2074494.196,6295541.755,683370.2369,5.556028015,15.53629993,39378.57873,0.001122507,185.6882687,1085986.093,0.109607201,23787949.39,202826.4,567074.9309,11361.80516,184.2935215,11.75327108,4281.196106,534.6102092,73495820.24
SPS,2030,Manganese,Electric vehicles,81527778.17,24571228.22,1098.747616,331.1457664,7.19E-05,21894165.71,50748352.89,7811771.531,6713.564603,1.901182557,65.02935983,68.47432556,41.50593897,0.031215411,0.476557288,7147044.018,12003452.05,29440537.23,3195692.628,30.997213,88.93338221,194016.8955,0.006088086,992.5141912,5261370.212,0.528840013,132777023,1131568.319,3246068.356,59021.2133,924.1296319,67.6525771,21923.86072,2667.982443,381038771.1
SPS,2035,Manganese,Electric vehicles,160607066.1,48392862.18,2164.496997,652.1892717,0.000159989,48266835.14,110357791.3,15542306.07,15179.83815,4.097241652,145.9910893,149.2291175,92.48508513,0.065198858,0.962743075,16376490.89,26936971.24,57970177.53,6292484.365,68.31616614,199.2584415,404840.1995,0.013107823,2133.205471,10853283.44,1.089121678,292874055,2493908.138,7272932.902,125315.3552,1928.917046,152.72218,46355.7325,5496.481424,804831049.8
SPS,2040,Manganese,Electric vehicles,230795533.5,69469198.55,3110.425035,936.2344769,0.000267239,78285516.19,176661428.2,22064630.97,25434.31168,6.507117633,239.80027,239.5479628,151.5149319,0.098723837,1.418629561,28084557,44302492.95,83265239.5,9038152.361,110.7438534,327.948398,627788.7795,0.022927513,3370.64069,16621955.01,1.666182852,474824597,4042735.702,11970116.18,201128.8878,3012.016732,251.8439506,72310.80541,8309.622173,1250356263
SPS,2045,Manganese,Electric vehicles,251728426.7,75614796.96,3392.537059,1019.058538,0.000368196,96562237.04,214842329.6,23109584.6,32182.82483,7.774069167,298.7429858,289.2514166,185.7645584,0.111719625,1.569621998,36752131.15,55134840.48,90779849.99,9853793.841,135.8656689,409.608282,745365.6774,0.027920701,4055.459358,19548209.37,1.958614695,585304377.6,4959803.237,14950701.85,246353.9543,3598.331353,313.7746174,86494.33235,9565.918758,1480255618
SPS,2050,Manganese,Electric vehicles,284026342,85107937.13,3827.815172,1146.997327,0.000440217,120395464.1,267144916.8,24805918.15,41082.06995,9.473796596,375.7766904,355.6685888,230.7674659,0.127588276,1.768031709,48561332.58,69253666.99,102389352.3,11113924.2,168.8010962,517.8720981,909067.3746,0.034796119,4992.99197,23652499.02,2.370135024,730748697,6162109.96,18902331.02,304007.6045,4394.425559,393.9651602,106491.8809,11337.62913,1793630214
SPS,2022,Manganese,Grid battery storage,812969.2664,244956.0445,10.95636437,3.301265869,4.49E-07,183325.2594,434220.9403,74846.10187,54.85423613,0.01650467,0.528903604,0.583486442,0.337327485,0.000288619,0.004544912,57538.68696,96803.73947,293773.7715,31888.63797,0.259265266,0.724982472,1837.55331,5.24E-05,8.664916403,50676.21543,0.005114686,1110035.622,9464.64638,26461.85947,530.1847694,8.599832227,0.548452049,199.7767906,24.94693286,3429592.741
SPS,2030,Manganese,Grid battery storage,965409.0546,290959.5568,13.01079118,3.921253939,8.52E-07,259259.1911,600935.2945,92502.88845,79.4984998,0.022512804,0.770043465,0.810836937,0.491491492,0.000369636,0.005643141,84631.53497,142138.5637,348619.3522,37841.71075,0.367052688,1.053102321,2297.445998,7.21E-05,11.75283086,62302.37787,0.006262245,1572275.648,13399.43668,38438.23361,698.8981549,10.94305689,0.801106224,259.6108238,31.59284437,4512060.651
SPS,2035,Manganese,Grid battery storage,673715.3925,202998.6409,9.07964375,2.735807097,6.71E-07,202469.982,462929.462,65196.94986,63.67646744,0.017187132,0.612404214,0.625987112,0.387956937,0.000273497,0.00403852,68696.19288,112995.3532,243173.6153,26395.74757,0.286573024,0.835850392,1698.225866,5.50E-05,8.948381887,45527.41226,0.004568654,1228549.675,10461.45939,30508.53841,525.6735323,8.091431692,0.64063983,194.4532783,23.05667011,3376109.656
SPS,2040,Manganese,Grid battery storage,0,0,0,0,0,0,0,0,0,0,0,0,0,0,0,0,0,0,0,0,0,0,0,0,0,0,0,0,0,0,0,0,0,0,0
SPS,2045,Manganese,Grid battery storage,0,0,0,0,0,0,0,0,0,0,0,0,0,0,0,0,0,0,0,0,0,0,0,0,0,0,0,0,0,0,0,0,0,0,0
SPS,2050,Manganese,Grid battery storage,0,0,0,0,0,0,0,0,0,0,0,0,0,0,0,0,0,0,0,0,0,0,0,0,0,0,0,0,0,0,0,0,0,0,0
SPS,2022,Molybdenum,Solar PV,573102.1866,179869.0121,7.723682354,2.424089721,4.98E-07,50282.88344,10516054.1,60891.20947,124.1623322,0.015372875,0.469691176,0.48972438,0.28955594,0.000221133,0.003297466,368831.3839,724723.7925,202857.0818,22020.05364,0.592184197,5.561507189,14060.04928,2.46E-05,4.519898443,220533.5192,0.022540398,382574.131,21616.02785,202995.0055,854.1085739,23.4286522,0.748475904,87.27914817,16.70635326,13541505.59
SPS,2030,Molybdenum,Solar PV,713765.609,226280.2191,9.619399415,3.049572277,1.02E-06,74654.48172,16558512.57,80540.90492,194.5515008,0.02301215,0.743501588,0.741286864,0.458086383,0.00030431,0.00449679,580318.6698,1145201.755,251145.9893,27261.60115,0.926450476,8.772060866,21939.38634,3.58E-05,6.383104215,340491.7226,0.034798063,576431.6514,33817.39564,320180.2107,1266.771017,35.36572393,1.164794255,112.7240045,22.22208779,20952161.31
SPS,2035,Molybdenum,Solar PV,637703.2467,203726.0455,8.594309059,2.7456103,1.05E-06,75209.02971,17222304.47,74244.71495,202.3649404,0.023151788,0.77754015,0.750133999,0.473606335,0.000285072,0.004166266,603033.7604,1193444.105,223309.6915,24239.88697,0.960010138,9.13396617,22729.94168,3.53E-05,6.289259865,350963.3318,0.035869287,586466.1925,35042.34527,333389.7538,1272.222564,35.91116008,1.204089072,104.3987946,20.89777136,21587431.53
SPS,2040,Molybdenum,Solar PV,528259.4257,170275.0435,7.119337704,2.294792067,1.04E-06,71655.15075,16817785.74,62433.06139,197.908852,0.021933449,0.761706976,0.714377581,0.460087729,0.000248032,0.003601288,589759.1948,1167197.367,183877.1291,19959.43546,0.934616179,8.929207521,22124.39278,3.45E-05,5.854160281,340144.5177,0.034765825,562259.922,34115.36661,325916.0634,1223.477402,34.48187692,1.171292,90.88134079,18.43608942,20897318.45
SPS,2045,Molybdenum,Solar PV,432905.0508,140784.8381,5.834249425,1.897353381,1.12E-06,67505.39144,16208988.29,49980.41916,190.5763379,0.020355665,0.734920994,0.665373801,0.434352945,0.000210297,0.003049196,569435.4501,1125896.625,149682.981,16247.63171,0.896884354,8.613532636,21264.19714,3.18E-05,5.403097199,325764.5313,0.033299313,532356.7549,32738.03717,314393.9305,1166.892877,32.76649152,1.122847884,79.76086289,16.14893162,19989423.66
SPS,2050,Molybdenum,Solar PV,401870.3278,131615.6511,5.41599532,1.7737805,1.11E-06,69525.15525,17079199.43,44355.08984,200.444619,0.020761404,0.774037983,0.680460408,0.448321819,0.000196758,0.002869606,601043.1263,1186445.556,138130.9962,14993.6152,0.941194929,9.081796068,22361.8412,3.29E-05,5.531726206,341829.0081,0.034943518,552948.3283,34355.42881,331485.5451,1217.676393,34.13885979,1.176373441,78.74709856,15.85930309,20951700.15
SPS,2022,Molybdenum,Wind,29294898.75,9194249.509,394.806542,123.9106473,2.55E-05,2570278.065,537542426.7,3112537.097,6346.726701,0.785805423,24.00890413,25.03292861,14.80104619,0.011303495,0.168554491,18853318.48,37045243.62,10369316,1125585.03,30.2703017,284.2840139,718698.5667,0.001259107,231.0407643,11272871.17,1.152183128,19555797.72,1104932.702,10376366.15,43658.92293,1197.587464,38.25936513,4461.39252,853.9679986,692192499.8
SPS,2030,Molybdenum,Wind,32259712.02,10227075.4,434.7632487,137.8300134,4.59E-05,3374121.772,748386921.9,3640167.537,8793.048181,1.040068788,33.6036744,33.50357662,20.70390421,0.013753754,0.2032392,26228376.56,51759118.6,11350921.35,1232129.135,41.87232503,396.4665064,991583.6182,0.001618983,288.4940115,15389036.37,1.57275089,26052696.91,1528428.144,14471026.99,57253.62455,1598.407173,52.64463116,5094.731208,1004.360736,946964495.8
SPS,2035,Molybdenum,Wind,24698176.14,7890287.186,332.8566383,106.3371829,4.06E-05,2912837.394,667017945.2,2875489.59,7837.571736,0.896666174,30.11404391,29.05260672,18.34272094,0.011040795,0.161359008,23355430.78,46221958.06,8648759.629,938808.1385,37.18108637,353.7574985,880328.1246,0.001366306,243.5823383,13592770.99,1.389213496,22713770.71,1357186.153,12912148.25,49273.03904,1390.835254,46.63423646,4043.353756,809.3683711,836078833.2
SPS,2040,Molybdenum,Wind,18440131.22,5943848.786,248.5171396,80.10508621,3.63E-05,2501290.688,587064159.8,2179372.082,6908.471526,0.765638356,26.58916417,24.9370209,16.06043865,0.008658127,0.125711373,20586924.55,40743754.99,6418661.409,696730.7939,32.62496444,311.6948802,772303.6943,0.001206017,204.3531616,11873540.23,1.213582456,19626998.09,1190876.691,11376862.74,42708.34128,1203.670591,40.88668773,3172.425835,643.5548359,729469793.9
SPS,2045,Molybdenum,Wind,17458077.59,5677532.803,235.2820299,76.51595303,4.50E-05,2722339.135,653671687.8,2015596.801,7685.510914,0.820897755,29.6376947,26.83301436,17.51646787,0.008480781,0.122967167,22964038.54,45404854.01,6036374.701,655230.0892,36.16930921,347.3642102,857536.7806,0.001284263,217.8946398,13137343.75,1.342885658,21468738.96,1320250.692,12678793.24,47058.13977,1321.398192,45.2819052,3216.574466,651.2497385,806128061
SPS,2050,Molybdenum,Wind,19316771.46,6326392.564,260.331596,85.26061809,5.34E-05,3341877.819,820948871.3,2132023.875,9634.806621,0.997942057,37.20581935,32.70780966,21.54956341,0.00945759,0.137933861,28890445.26,57029086.43,6639566.798,720700.7291,45.24058155,436.5362828,1074870.539,0.001582407,265.8944528,16430754.82,1.679636191,26578664.18,1651368.416,15933573.78,58530.26456,1640.958555,56.54494829,3785.150584,762.3119005,1007089042
SPS,2022,Molybdenum,Other low emissions power generation,34010043.88,10674105.14,458.3524228,143.8546209,2.95E-05,2983975.828,624062287.3,3613513.88,7368.260783,0.912284324,27.87324476,29.06209056,17.18334085,0.013122843,0.195684091,21887844.51,43007841.46,12038303.84,1306752.981,35.14244231,330.0407989,834376.3193,0.001461766,268.2278099,13087290.26,1.337632162,22703390.93,1282776.568,12046488.75,50686.02207,1390.344528,44.41738127,5179.473624,991.4179719,803603982.1
SPS,2030,Molybdenum,Other low emissions power generation,53580578.57,16986283.6,722.1039788,228.923676,7.63E-05,5604123.081,1243005649,6046001.979,14604.48899,1.727463884,55.8127833,55.64652959,34.38738589,0.02284379,0.337562651,43563054.45,85967398.57,18852894.06,2046459.432,69.54629352,658.4964175,1646934.23,0.002688991,479.1634853,25559852.23,2.61220257,43271265.8,2538586.339,24035118.42,95093.29552,2654.815427,87.43815798,8461.905848,1668.155912,1572825744
SPS,2035,Molybdenum,Other low emissions power generation,34482881.03,11016191.35,464.7248361,148.4649072,5.66E-05,4066819.539,931271212.8,4014675.613,10942.59156,1.251899445,42.04435937,40.56241139,25.60957781,0.01541484,0.225284792,32608178.69,64533764.43,12075148.69,1310736.84,51.91116018,493.9060142,1229088.732,0.001907597,340.0826338,18977834.72,1.939579807,31712311.41,1894864.154,18027568.9,68793.59566,1941.844058,65.10937563,5645.21387,1130.016771,1167309147
SPS,2040,Molybdenum,Other low emissions power generation,33398943.98,10765556.4,450.1166464,145.0871067,6.58E-05,4530361.881,1063296283,3947299.789,12512.69043,1.386731593,48.15855126,45.16617339,29.08882179,0.015681683,0.227689654,37287236.82,73795483.02,11625541.61,1261925.551,59.09065107,564.5447809,1398803.919,0.00218435,370.1264223,21505470.87,2.198052279,35548608.73,2156927.379,20605883.8,77353.7607,2180.099814,74.05436418,5745.928349,1165.612742,1321222744
SPS,2045,Molybdenum,Other low emissions power generation,28477019.38,9260997.431,383.7840045,124.810207,7.34E-05,4440586.537,1066246912,3287772.602,12536.34268,1.339020357,48.34399447,43.76909577,28.57226362,0.01383356,0.20057984,37458154.67,74062845.76,9846328.067,1068788.923,58.99814079,566.6086256,1398784.683,0.002094845,355.422288,21429186.04,2.19046918,35019073.12,2153547.798,20681214.13,76759.62898,2155.41956,73.86229586,5246.766316,1062.296311,1314928537
SPS,2050,Molybdenum,Other low emissions power generation,22962168.55,7520288.401,309.460512,101.3507194,6.35E-05,3972545.925,975875621.4,2534372.354,11453.05539,1.186270374,44.22717826,38.8803191,25.61632559,0.011242395,0.163964282,34342554.34,67791426.61,7892563.838,856708.982,53.77823415,518.9179633,1277716.545,0.001881033,316.0731726,19531512.42,1.996611566,31594501.6,1963009.19,18940505.01,69575.9021,1950.634815,67.21592352,4499.471657,906.1728759,1197143548
SPS,2022,Neodymium,Wind,134911114.1,41521293.52,1818.193362,559.5813295,5.74E-05,4866889.739,128231172.5,14328404.03,198987.2988,3.093300609,135.8673345,110.6431991,130.7168225,1.424117945,7.984392088,85375467.7,143810147.2,48598806.64,5275433.858,277.6212735,218.1163308,148339382.4,0.016177467,386.2219677,7976618.709,0.805984378,36043738.15,10134080.73,7961246.026,57941.76497,1868.259841,93.0229894,225632.8039,3246.146861,817858725.2
SPS,2030,Neodymium,Wind,211726801,65282589.5,2853.436254,879.8116611,0.000128442,7824120.905,219267043,22866436.81,344781.634,5.20501197,235.890025,187.742907,226.662001,2.462687353,13.75633193,148114605.8,249431426,76223821.63,8274133.884,480.3948849,378.1874673,257057519.7,0.027716026,585.063284,12931429.56,1.304610483,58365613.05,17535967.89,13803842.47,92574.07923,3057.444233,160.692235,387769.8307,5149.592041,1369534400
SPS,2035,Neodymium,Wind,169152622.7,52213115.97,2279.665228,703.6747262,0.000107379,6355658.025,184254655.9,18342332.43,291906.8761,4.327847809,200.0843621,156.8650488,191.6227611,2.081646253,11.59926486,125643093.9,211191476.8,60873579.55,6607853.505,406.2529395,320.3941364,217572299.8,0.02327725,463.8398455,10600883.7,1.068891989,47598223.4,14829542.58,11694385.91,75526.0689,2513.129795,135.9420756,326868.0965,4148.713332,1137627271
SPS,2040,Neodymium,Wind,130915085.1,40438165.14,1764.338989,544.9840381,8.91E-05,5062981.362,149756349.6,14085674.05,238879.8484,3.487840756,163.8357317,126.9539465,156.5968972,1.700515556,9.456419033,103231091.7,172771941.9,47097230.52,5112423.025,332.0353195,262.3668245,177941838.3,0.019161274,359.9517562,8447182.53,0.851464898,37948846.21,12120356.61,9576389.035,61371.42301,2012.827195,111.2023106,266500.7667,3241.678559,915074918.9
SPS,2045,Neodymium,Wind,135160995.4,41759415.99,1821.561004,562.7904994,0.000107893,5390977.226,161759119.8,14253477.66,259843.9171,3.723758829,178.1866645,136.0757356,169.5450531,1.846714433,10.2516701,112944012.1,187819757.8,48612028.28,5276852.853,360.5887679,285.4745895,193438904,0.020698451,373.292313,8980059.447,0.905095785,40448489.45,13162645.98,10419822.45,66894.16788,2151.080054,120.7907552,289099.3795,3377.143251,980045197.8
SPS,2050,Neodymium,Wind,171282021.4,52919388.74,2308.363076,713.1931448,0.000134729,6965357.813,212726789.4,17656785.44,343297.7333,4.843549683,235.241947,177.5897754,223.0234858,2.436234312,13.50899203,150288796.7,247906050.2,61590972.57,6685720.629,475.6483439,377.3829458,255369335.8,0.027277747,474.539054,11461823.52,1.154559022,52348260.79,17362686.53,13774477.43,88912.88849,2807.693616,159.3863058,381201.8593,4310.871171,1279155546
SPS,2022,Neodymium,Electric vehicles,93703899.08,28839040.6,1262.844862,388.6629561,3.98E-05,3380348.223,89064277.05,9951940.093,138208.6708,2.148483688,94.36805179,76.84836961,90.79071075,0.989135736,5.545641479,59298407.41,99884813.81,33754799.98,3664106.734,192.8247051,151.4949364,103030640.6,0.011236226,268.254432,5540242.398,0.559804723,25034548.3,7038729.79,5529565.144,40244.04759,1297.619049,64.6100721,156715.5799,2254.644622,568052172.3
SPS,2030,Neodymium,Electric vehicles,294669220.5,90856564.53,3971.248952,1224.471418,0.000178758,10889162.81,305163296.9,31824195.51,479847.3072,7.244037186,328.2982101,261.2898121,315.4551753,3.427427039,19.14527395,206137414.9,347144355.4,106083944,11515465.07,668.5860532,526.3396304,357757915.4,0.038573576,814.257529,17997222.12,1.81568206,81229913.36,24405554.53,19211396.39,128839.295,4255.175559,223.642238,539675.8142,7166.906906,1906039443
SPS,2035,Neodymium,Electric vehicles,391330222.2,120793694.8,5273.946604,1627.933298,0.000248419,14703650.63,426268385.9,42434512.16,675319.0158,10.01236409,462.890002,362.9032376,443.3143068,4.815834822,26.83459957,290672051.5,488586025.1,140829453.5,15287098.36,939.855679,741.2235565,503347894.2,0.053851316,1073.081498,24524870.54,2.472853999,110117260,34307763.62,27054659.64,174727.609,5814.060849,314.4984796,756200.896,9597.941103,2631871298
SPS,2040,Neodymium,Electric vehicles,421435886.8,130176701.7,5679.679815,1754.387824,0.000286971,16298519.29,482088828.2,45343961.14,768991.1413,11.2278983,527.4125347,408.6843696,504.1096081,5.474222323,30.44167398,332316834.5,556179575.9,151613262,16457679.64,1068.872996,844.5993464,572822271.4,0.061683101,1158.740319,27192785.74,2.740997068,122163199.4,39017300.65,30827875.95,197564.0932,6479.601743,357.9774198,857907.1451,10435.46415,2945767552
SPS,2045,Neodymium,Electric vehicles,423561827.6,130863896.9,5708.33106,1763.649134,0.00033811,16894017.09,506913908.2,44666947.23,814287.91,11.66935839,558.3938553,426.4284019,531.3131377,5.787155816,32.12625147,353939182.2,588581636.8,152338324.3,16536378.95,1129.997875,894.6082301,606190680.1,0.064863934,1169.807709,28141331.61,2.836351003,126755770.5,41248544.92,32653200.19,209630.1224,6740.963963,378.528975,905967.4441,10583.14911,3071224313
SPS,2050,Neodymium,Electric vehicles,424671265.8,131206670.8,5723.282929,1768.268689,0.000334043,17269689.45,527428122,43777679.39,851161.6206,12.008945,583.251497,440.3105128,552.9574277,6.040322857,33.49377065,372621323.6,614650476.6,152706723.5,16576365.8,1179.307569,935.6714261,633154712.6,0.06763159,1176.55723,28418085.33,2.862577387,129790634.1,43048499.8,34152006.84,220447.8239,6961.307391,395.1774018,945139.9203,10688.23862,3171498097
SPS,2022,Nickel,Solar PV,1387705.727,417828.162,18.70207178,5.631058639,5.06E-07,44355.43144,608001.3893,124439.6572,186.3877657,0.049134621,0.243430627,1.995749088,0.600268525,0.000324126,0.00446089,58850.2368,85528.86892,502761.2091,54575.22579,5.879173862,4.223529285,3127.917892,6.93E-05,6.284451528,70913.62138,0.007192841,259237.9679,214590.9898,154158.8198,4827.896867,8.131358352,0.579926416,141.9910736,34.09781425,3991249.778
SPS,2030,Nickel,Solar PV,1799020.204,541794.6601,24.24534563,7.301751722,9.24E-07,56591.046,840535.4179,164563.218,265.4277935,0.06862435,0.348893089,2.805928018,0.85414103,0.000437537,0.005770904,86447.59393,122666.3655,651738.7131,70746.78831,8.346357089,6.002143625,4209.488423,9.56E-05,8.043807834,93410.33397,0.00946509,334644.2365,304643.5763,219078.2436,6800.608145,10.43550949,0.836919142,177.1803317,44.52074235,5297357.945
SPS,2035,Nickel,Solar PV,1747378.981,526257.5325,23.54937829,7.092358283,9.36E-07,54678.40711,848563.5279,160461.7059,272.3968309,0.069680289,0.362194829,2.860268408,0.875094797,0.000444129,0.005649077,87557.64154,126275.6819,633005.8014,68713.29801,8.559558825,6.161200311,4207.482022,9.63E-05,7.73038432,92230.10723,0.009342035,324982.923,312425.4302,224883.8127,6942.689023,10.18342541,0.873472866,168.7858923,43.42791946,5219031.167
SPS,2040,Nickel,Solar PV,1632590.729,491571.9873,22.0023802,6.624902144,9.39E-07,51323.80426,824676.4612,149311.1593,269.869458,0.068063525,0.359418927,2.803703832,0.862115864,0.000424703,0.005252612,89103.33921,124699.5639,591413.4819,64198.42015,8.433808457,6.077041685,4054.486852,9.71E-05,7.139152821,87818.14697,0.008893511,305293.5726,307835.4737,221812.0228,6823.123143,9.675847154,0.869107956,155.3597884,40.74308846,4952975.245
SPS,2045,Nickel,Solar PV,1621343.572,487952.8462,21.85080257,6.576127079,1.10E-06,51081.09548,848775.4743,146623.1049,283.0415693,0.070235775,0.376182941,2.903500666,0.893318946,0.000421108,0.005086205,97735.68139,129821.6191,587353.7346,63757.7321,8.793418,6.342752314,4143.01602,9.99E-05,7.024615799,88791.40419,0.008992487,304217.1716,320961.2393,231510.4608,7097.572293,9.771120124,0.908510954,153.1439444,40.61747333,4991626.875
SPS,2050,Nickel,Solar PV,1707613.073,513622.6165,23.01345425,6.922077867,1.13E-06,53024.08418,920963.632,152633.0379,311.7061322,0.076098068,0.411205966,3.154243419,0.970033728,0.000431105,0.005112704,115909.2238,141294.419,618626.786,67152.46331,9.598596029,6.931662874,4466.444953,0.000108038,7.400735352,95009.09097,0.009625318,320468.1714,350350.3419,253005.6963,7724.401385,10.38322432,0.989288033,162.2519179,42.95198271,5322364.417
SPS,2022,Nickel,Wind,146026028.7,43967381.54,1967.988759,592.547191,5.32E-05,4667450.295,63979002.6,13094583.82,19613.28305,5.170356725,25.61581102,210.0094479,63.16528581,0.034107276,0.469412234,6192715.213,9000064.512,52904748.69,5742862.721,618.6559545,444.4351541,329145.7396,0.007293867,661.3026676,7462125.657,0.756891043,27279191.98,22581062.71,16221883.22,508031.777,855.6496849,61.0247186,14941.49097,3588.057832,419992757.3
SPS,2030,Nickel,Wind,175403159,52824584.58,2363.903533,711.9154725,9.01E-05,5517585.75,81951590.79,16044793.85,25879.01646,6.690824076,34.01682195,273.5759372,83.27812809,0.042659575,0.56265896,8428577.418,11959881.25,63544049.64,6897760.31,813.7637346,585.20463,410422.054,0.009317526,784.2654027,9107439.498,0.922839408,32627569.22,29702526.71,21359969.12,663054.3389,1017.454571,81.59900653,17274.95324,4340.739939,516488539.7
SPS,2035,Nickel,Wind,148786544.9,44809993.05,2005.192159,603.9030431,7.97E-05,4655779.521,72253836.65,13663059.4,23194.15751,5.933165947,30.84031441,243.5473121,74.5129321,0.037816912,0.481009892,7455394.111,10752173.75,53899438.59,5850828.189,728.832839,524.6164208,358260.4115,0.008199375,658.2299468,7853247.143,0.795459457,27671779.73,26602529.17,19148499.47,591158.9434,867.1024991,74.37482726,14371.85065,3697.818366,444392214.6
SPS,2040,Nickel,Wind,125407238.8,37760036.54,1690.109896,508.8909732,7.21E-05,3942431.168,63347412.2,11469316.75,20729.98637,5.228290573,27.60871686,215.3661353,66.22331495,0.032623489,0.403478726,6844461.099,9578780.339,45429347.61,4931393.068,647.8418699,466.8071452,311444.8659,0.007458835,548.3930702,6745739.228,0.683153893,23451084.99,23646340.79,17038460.9,524117.2927,743.2489066,66.76041152,11933.94139,3129.674897,380462131.8
SPS,2045,Nickel,Wind,132530343.4,39885783.24,1786.10778,537.539603,8.96E-05,4175422.928,69379807.6,11985128.12,23136.11811,5.74114674,30.74959262,237.3352243,73.0208382,0.034421851,0.415751813,7989018.269,10611756.85,48010917.29,5211624.652,718.7833148,518.4633021,338654.5241,0.008169106,574.1995467,7257903.563,0.735055436,24867034.3,26235712.15,18923910.64,580163.0879,798.7017236,74.2626491,12518.14846,3320.115355,408020875.6
SPS,2050,Nickel,Wind,156727519.2,47141123.33,2112.21245,635.3196218,0.000104021,4866637.122,84527547.6,14008909.72,28608.89834,6.98440503,37.74115572,289.5016171,89.0312812,0.039567484,0.469252321,10638338.03,12968232.74,56778577.65,6163362.853,880.9748339,636.1993494,409937.6189,0.009915941,679.2515882,8720089.676,0.883427418,29413092.62,32155727.08,23221276.39,708958.1858,952.9893014,90.7984728,14891.74625,3942.203185,488495306.4
SPS,2022,Nickel,Other low emissions power generation,709247368.5,219288642.6,9558.507211,2955.346999,0.000477906,3804801034,1243880999,134658881.4,1426284.146,106.899355,316.8200208,1070.992554,294.4539261,1.445934705,14.42594623,40415676.63,80978473.46,261854576,28421975.02,17214.69351,12258.58262,4335365.888,0.046795562,41867.62443,54651630.29,5.491665657,8957760753,628337791.5,447438269.2,647722.5195,60355.66028,7102.438587,236162.9558,63293.04747,16618471163
SPS,2030,Nickel,Other low emissions power generation,1796554594,556253809.7,24212.11668,7496.617277,0.001613589,10123733634,3302144381,351727021.1,3791397.726,284.0768019,850.7647136,2836.763474,786.4374997,3.801450375,37.68057075,112344053,216452357.1,663961685,72066741.28,45848.99717,32655.44067,11381825.4,0.122533701,111046.4254,140609869.3,14.11810217,23824183920,1673492284,1191923594,1681569.721,159556.0815,18865.32307,615717.28,166430.4461,44043155787
SPS,2035,Nickel,Other low emissions power generation,1273068594,394406333.9,17157.11031,5315.403302,0.001146566,7337986966,2396550911,252602129.2,2749822.688,206.1124344,624.8929955,2054.962855,575.6687481,2.739152436,27.03456841,86270967.46,157804191.2,470772416.3,51097802.81,33307.55463,23728.13946,8223719.008,0.088639078,80372.82982,100619619,10.10069306,17266154488,1215728555,866077096.8,1206957.348,115329.8936,13671.38697,443417.8352,120015.5913,31881935826
SPS,2040,Nickel,Other low emissions power generation,1394477098,432161208.2,18793.32937,5824.224704,0.001301597,8203890346,2685456892,279463384.3,3090889.904,230.927618,708.1607154,2307.988621,654.1731152,3.064458962,30.14254722,104264686.3,177436212.8,515882024.8,55993967.23,37295.4026,26576.33956,9196846.558,0.105103697,89751.57508,111477064.2,11.19089506,19301454208,1361285351,970036401.4,1350583.79,129336.8134,15361.37647,494826.3784,133673.1942,35607604610
SPS,2045,Nickel,Other low emissions power generation,1065054102,330016018.1,14353.70473,4447.616788,0.00114225,6393290435,2085773182,214049177.1,2407454.215,179.2003887,558.8245198,1795.45297,519.2073519,2.377304901,23.3193605,87277068.68,138324065.2,394140045.2,42780035.91,28920.90103,20614.89293,7134345.236,0.082123178,69853.72182,85789974.31,8.61324145,15038220153,1055615356,752443597.7,1052827.072,100545.4229,11960.06912,384068.618,103699.8124,27693901527
SPS,2050,Nickel,Other low emissions power generation,807714694.4,250195850.6,10885.54865,3371.88259,0.000831998,4923885803,1608688404,162783953.3,1850427.645,137.8505124,437.3560892,1379.955529,410.2370724,1.820074497,17.82138192,71989339.21,106549003.5,299066007,32460662.3,22265.84245,15876.24732,5484049.836,0.063346442,53771.785,65652723.19,6.593907222,11581936185,812705163.3,579483031.5,814161.0858,77092.58861,9182.412714,295373.8354,79601.50676,21311669713
SPS,2022,Nickel,Electric vehicles,1780720853,550572164.5,23998.7258,7420.045901,0.001199888,9552786299,3123035675,338090614,3580998.725,268.3942432,795.4460501,2688.961368,739.2910708,3.630335756,36.2194975,101472407.8,203314193,657443262.9,71359593.09,43221.25831,30777.85648,10884885.57,0.117490508,105117.8407,137214887.3,13.78802938,22490420243,1577579640,1123391770,1626249.245,151536.1038,17832.22761,592938.8235,158911.0577,41724311527
SPS,2030,Nickel,Electric vehicles,6695598541,2073108276,90236.39676,27939.22316,0.006013704,37730251222,12306797233,1310855199,14130200.76,1058.728873,3170.724116,10572.36415,2930.982334,14.16766609,140.4321224,418696253.5,806698605.9,2474525909,268586309.3,170875.1182,121703.9113,42419046.89,0.456672163,413860.1112,524040426.7,52.61690606,88790606011,6236956301,4442192796,6267060.19,594651.2676,70309.37445,2294723.32,620271.4105,1.64145E+11
SPS,2035,Nickel,Electric vehicles,9417903932,2917738275,126924.8314,39322.27839,0.008482063,54284943195,17729198851,1868699454,20342631.99,1524.778096,4622.831973,15202.19951,4258.680948,20.26369563,199.9962684,638215165.8,1167403485,3482679105,378011208.8,246402.5515,175535.9758,60837409.67,0.655733965,594581.9366,744363587.4,74.722884,1.27732E+11,8993713923,6407063166,8928826.309,853187.2231,101138.1553,3280315.447,887851.0668,2.35856E+11
SPS,2040,Nickel,Electric vehicles,10492910123,3251848827,141412.6602,43825.0771,0.009794021,61731156541,20207042363,2102855742,23257771.67,1737.642549,5328.64021,17366.73711,4922.40404,23.05888888,226.8112106,784552133.5,1335140057,3881816149,421333320,280633.7285,199976.8535,69202774.61,0.79086537,675346.4878,838822535.6,84.20723166,1.45236E+11,10243154840,7299155208,10162629.66,973210.3596,115588.5191,3723380.413,1005839.977,2.67934E+11
SPS,2045,Nickel,Electric vehicles,9025188335,2796530911,121632.2141,37688.77008,0.009679337,54176262200,17674685036,1813836625,20400585.91,1518.530613,4735.436942,15214.5334,4399.724042,20.14510289,197.6065066,739579314.4,1172147723,3339913093,362514806.1,245073.5397,174689.0519,60455904.83,0.695905635,591935.1838,726977788.6,72.9879601,1.27433E+11,8945205119,6376150443,8921577.404,852014.3503,101348.726,3254568.577,878744.409,2.34676E+11
SPS,2050,Nickel,Electric vehicles,7155217852,2216383866,96430.67353,29870.14433,0.00737033,43618713203,14250720043,1442037215,16392190.23,1221.161945,3874.360735,12224.468,3634.124332,16.12330396,157.8724158,637724444.9,943874535.4,2649304819,287555880.8,197244.0944,140641.2549,48580979.85,0.561160513,476342.499,581590926,58.41275763,1.026E+11,7199426399,5133405844,7212323.828,682932.0676,81343.28104,2616597.364,705157.559,1.88791E+11
SPS,2022,Nickel,Grid battery storage,72032594.56,22271397.24,970.7812889,300.1510074,4.85E-05,386423274.1,126331065.4,13676227.85,144856.2972,10.8569143,32.1768809,108.7721658,29.90533517,0.146852048,1.465128222,4104697.709,8224337.242,26594479.37,2886593.161,1748.359025,1245.006399,440308.5118,0.004752652,4252.160459,5550529.902,0.557744651,909768265.8,63815254.58,45442733.9,65784.00669,6129.842703,721.3380012,23985.18655,6428.169676,1687805480
SPS,2030,Nickel,Grid battery storage,99326580.87,30753748.98,1338.621589,414.4674283,8.92E-05,559713493.3,182566514.8,19446023.25,209615.9917,15.705828,47.03644989,156.8368797,43.47997449,0.210171775,2.083255511,6211194.865,11967057.74,36708622.29,3984372.66,2534.865426,1805.429838,629269.9398,0.006774553,6139.452589,7773934.398,0.780551185,1317173850,92522802.93,65898189.58,92969.38233,8821.418557,1043.012021,34041.32132,9201.483337,2435025404
SPS,2035,Nickel,Grid battery storage,79343176.26,24581119.52,1069.305797,331.279071,7.15E-05,457335289,149363484.7,15743264.24,171380.9195,12.84582409,38.94605155,128.0742301,35.87818219,0.170715903,1.684911981,5376782.218,9835044.095,29340586.19,3184637.493,2075.871788,1478.840936,512537.9653,0.005524373,5009.184607,6271052.64,0.629519158,1076101905,75769495.45,53977694.59,75222.83565,7187.860985,852.0603458,27635.72963,7479.894061,1987021018
SPS,2040,Nickel,Grid battery storage,0,0,0,0,0,0,0,0,0,0,0,0,0,0,0,0,0,0,0,0,0,0,0,0,0,0,0,0,0,0,0,0,0,0,0
SPS,2045,Nickel,Grid battery storage,0,0,0,0,0,0,0,0,0,0,0,0,0,0,0,0,0,0,0,0,0,0,0,0,0,0,0,0,0,0,0,0,0,0,0
SPS,2050,Nickel,Grid battery storage,0,0,0,0,0,0,0,0,0,0,0,0,0,0,0,0,0,0,0,0,0,0,0,0,0,0,0,0,0,0,0,0,0,0,0
SPS,2022,Nickel,Hydrogen technologies,5684552.122,1757578.208,76.61055207,23.68683311,3.83E-06,30495128.71,9969591.27,1079278.492,11431.53564,0.856788453,2.539283192,8.583906354,2.360021009,0.011589033,0.115622626,323927.9137,649034.9821,2098740.231,227799.5035,137.9741778,98.25140701,34747.557,0.000375062,335.5651411,438027.7668,0.044015193,71795624.71,5036069.339,3586176.383,5191.436142,483.7450401,56.925389,1892.824269,507.287927,133195510.8
SPS,2030,Nickel,Hydrogen technologies,26652886.91,8252334.739,359.2002214,111.2164881,2.39E-05,150191220.8,48989149.04,5218066.042,56247.49461,4.214437403,12.62156785,42.08496438,11.66723784,0.056396631,0.559012231,1666686.529,3211191.14,9850240.992,1069150.201,680.1953811,484.4616302,168855.7121,0.001817856,1647.435501,2086025.639,0.2094499,353445023,24827189.07,17682849.64,24947.02236,2367.103238,279.8775635,9134.508403,2469.088261,653404719.5
SPS,2035,Nickel,Hydrogen technologies,27796474.31,8611559.172,374.6123171,116.0577458,2.50E-05,160219305.7,52326847.24,5515373.35,60040.26497,4.500306593,13.64405828,44.86853456,12.56928468,0.059807288,0.590279023,1883660.269,3445533.232,10278953.89,1115681.252,727.2448563,518.0856884,179558.5841,0.001935366,1754.878967,2196952.048,0.22054087,376993213,26544498.63,18910127.77,26352.98607,2518.139588,298.5042272,9681.687635,2620.448196,696117565.4
SPS,2040,Nickel,Hydrogen technologies,20632416.67,6394174.652,278.0625101,86.17411573,1.93E-05,121383193.8,39733506.99,4134886.829,45732.21636,3.416760906,10.47781062,34.14855859,9.679020403,0.045341149,0.445983369,1542680.374,2625312.297,7632891.855,828476.0388,551.8156498,393.2184415,136074.7842,0.001555094,1327.947154,1649393.339,0.165578345,285580628,20141317.92,14352473.22,19982.97967,1913.642775,227.2839908,7321.356536,1977.803037,526843313.3
SPS,2045,Nickel,Hydrogen technologies,17750268.92,5500070.898,239.2198844,74.12430404,1.90E-05,106551042.2,34761647.16,3567359.114,40122.80659,2.986566679,9.313409987,29.92314945,8.653147392,0.039620336,0.388642154,1454565.958,2305318.906,6568766.586,712975.1819,481.9978346,343.5693011,118901.5153,0.001368671,1164.187195,1429781.935,0.143548907,250628068,17592962.11,12540279.59,17546.49235,1675.697313,199.3273796,6400.91545,1728.268596,461548571.9
SPS,2050,Nickel,Hydrogen technologies,21344282.29,6611555.913,287.6563034,89.103757,2.20E-05,130116251.8,42510430.53,4301650.911,48898.51614,3.642771726,11.55736288,36.46604496,10.84072871,0.048096418,0.470939317,1902355.855,2815613.018,7902975.298,857789.9403,588.3865059,419.5381202,144918.8787,0.001673963,1420.947479,1734907.47,0.174247439,306058707.5,21476158.04,15313141.5,21514.63155,2037.211883,242.6500477,7805.407736,2103.511355,563171993.3
SPS,2022,Niobium,Other low emissions power generation,1576712.424,469393.4229,21.2493098,6.326002249,6.58E-07,49302.74908,578729.7759,104107.7704,134.9551061,0.024977446,10.05443105,0.770040561,0.339943574,0.000484373,0.00559097,196310.8431,377788.1155,549755.4192,59674.58994,0.470889038,0.413737623,2988.48566,8.28E-05,4.653831512,97653.03087,0.009850984,356627.6836,17190.27062,15101.42312,1698.648895,29.78282411,1.137512101,186.2676836,44.57157344,4453386.578
SPS,2030,Niobium,Other low emissions power generation,2167509.957,643931.6162,29.21147184,8.67824868,1.39E-06,73540.74594,883881.8343,152502.1508,218.7709366,0.038626857,16.25988284,1.208425821,0.552806264,0.000593854,0.007010331,295997.6174,625919.368,750528.5281,81467.32805,0.737172652,0.661047204,4387.215229,0.000118386,6.627441885,139276.6106,0.014049247,537279.4567,26911.19793,24128.22273,2314.357261,40.37398159,1.594326864,271.4992112,64.19240969,6410108.297
SPS,2035,Niobium,Other low emissions power generation,2156927.806,639724.2412,29.06885647,8.621546003,1.52E-06,77042.95412,931090.2614,153321.4403,238.9253942,0.040997632,17.6322568,1.290664493,0.599773741,0.000514356,0.006198636,302353.1433,689368.357,743753.3404,80731.53764,0.789993028,0.720706635,4589.934264,0.000119619,6.78993705,143430.4814,0.014473682,565353.8599,28839.42227,26305.79194,2183.101261,38.01513268,1.541456515,279.6980236,65.60628138,6545573.87
SPS,2040,Niobium,Other low emissions power generation,2399958.407,710535.671,32.34417317,9.575869696,1.89E-06,91153.03912,1098888.886,172232.6762,293.7951971,0.048781314,21.37976008,1.542459593,0.728185181,0.000516786,0.006349539,360989.194,844577.3733,823763.5699,89415.91254,0.954103163,0.884969259,5415.488034,0.000138837,7.852809968,167171.0116,0.016881081,669969.7176,34830.33842,32301.37765,2408.42538,41.59136905,1.726297719,322.9522228,75.22170708,7504271.321
SPS,2045,Niobium,Other low emissions power generation,2032433.921,600499.6957,27.39105583,8.092917883,1.88E-06,80763.72223,974101.7665,144123.3849,269.5173507,0.043187011,19.39345127,1.369297612,0.650461936,0.000393806,0.004935257,325536.0502,769930.0899,694901.4681,75428.19267,0.860733317,0.811707135,4803.745901,0.000119272,6.838174876,147157.8804,0.014867749,594910.1644,31421.7445,29627.31015,1996.978293,34.20360496,1.450991956,282.1238906,65.24946147,6508223.68
SPS,2050,Niobium,Other low emissions power generation,2124017.017,626414.9888,28.62531868,8.442177577,1.91E-06,85586.29267,1043932.025,145826.5501,295.1096435,0.045942444,20.9918042,1.459165368,0.693527216,0.000365011,0.004677777,351319.9534,835071.8576,724747.699,78667.71445,0.92753025,0.889509523,5137.908961,0.000127212,7.225058637,156975.9281,0.015861892,634362.2241,33860.19269,32467.09726,1961.180762,33.4204556,1.447724315,300.2381586,68.9513862,6880979.266
SPS,2022,PGMs,Hydrogen technologies,16154319.71,5012134.434,217.7113209,67.5483977,8.28E-06,50076547.52,319266897.8,794012.7947,2041.679577,0.245538764,3.158045805,7.356866319,2.805901029,0.002102247,0.038063988,1022450.359,28754031.74,5726484.209,621610.3462,4.265700414,5.3570539,287353.7809,0.001159405,606.9970582,7089279.282,0.717956415,125571623.8,155722.6721,195532.4648,6990.536961,205.3894791,6.714224289,8860.607472,913.2945316,560746105.2
SPS,2030,PGMs,Hydrogen technologies,83444297.48,26499229.52,1124.576494,357.1293859,7.31E-05,342273754.7,2175412466,5010778.774,12455.23109,1.17198393,21.60524472,36.314694,17.93505734,0.01036123,0.17737257,7076428.978,196716471.4,29316846.22,3182324.857,28.2070184,36.76667907,1946949.248,0.008408878,4064.739109,47175291.97,4.773619754,852127632.9,1029690.984,1341983.768,39799.23733,1181.30081,40.26353814,59882.85031,5668.694901,3772667505
SPS,2035,PGMs,Hydrogen technologies,105190224.5,33826640.15,1417.645752,455.8806968,0.000107034,500200720.6,3176822319,6906998.418,18041.1797,1.46393368,32.42155835,46.31631743,25.82086567,0.012907688,0.207785951,11088605.9,287956110.1,36750484.6,3989225.014,40.492262,54.69080199,2836174.055,0.011732832,5890.736989,68085984.89,6.888388577,1242257206,1478148.465,1996214.244,49754.62383,1495.042807,54.26019454,87343.02174,7931.654204,5479541748
SPS,2040,PGMs,Hydrogen technologies,126180549.5,41005921.82,1700.531783,552.6356777,0.00015278,688150380.6,4369679904,8786447.442,25422.45584,1.821247112,45.68931372,58.68164095,35.64797498,0.016683374,0.249671544,16880341.1,396888380.7,43836030.94,4758332.93,55.44205471,77.29028957,3892677.221,0.014688731,8057.060277,92773931.12,9.387206653,1706585370,2023872.32,2821095.526,60609.47934,1813.74757,70.35784487,120234.1115,10532.07731,7504471397
SPS,2045,PGMs,Hydrogen technologies,123049490.6,40438015.13,1658.334589,544.9820146,0.000193652,770387163.2,4891787406,9025817.136,29227.84028,1.84003956,52.09978118,60.42682289,39.70365974,0.018464051,0.258148973,20900034.75,444943147.9,42477867.13,4610883.176,61.94658033,89.0724684,4349675.922,0.014541686,8976.627603,103105534.6,10.43485924,1908243896,2261305.761,3251145.045,60692.68361,1796.883244,75.00367725,134891.5241,11419.72572,8369058085
SPS,2050,PGMs,Hydrogen technologies,113739076.2,37621140.2,1532.858391,507.0190687,0.000191052,789131175.7,5015180688,8536488.919,31116.40407,1.841837908,54.61351067,61.24799671,41.45023674,0.019269232,0.257043859,23596150,456572846.6,39062207.34,4240102.824,63.94510459,95.08357032,4453098.855,0.012920587,9169.363413,105104529.6,10.64069266,1953885023,2334257.985,3470550.259,58020.66887,1655.379951,76.26698191,139148.7143,11455.57208,8557157376
SPS,2022,Praseodymium,Wind,74254755.84,22818459.05,1000.729295,307.5237444,3.20E-05,2615059.553,69562707.53,7861995.198,101585.0767,1.628739947,68.58307939,59.26071434,72.80585428,0.685080206,3.850237333,41238838.61,69470453.72,26766752.42,2905550.846,138.6267823,111.9349691,71360787.05,0.008541375,213.4533579,5120833.705,0.518781457,19741501.73,5060316.948,4085626.342,30328.30614,944.1221051,48.00659281,109454.4322,1776.368939,423106203.2
SPS,2030,Praseodymium,Wind,126202930.1,38841317.34,1700.833406,523.4633643,7.72E-05,4549318.897,128367451.7,13553288.55,189918.9465,2.957717815,128.4943867,108.5516612,136.2119029,1.278119039,7.155895024,77252509.88,130014136.9,45469842.42,4935777.177,258.8054631,209.412072,133421813,0.015792666,350.6274201,9071573.205,0.918026264,34625640.14,9447213.786,7643540.573,52191.88212,1662.369435,89.48066294,202832.3813,3048.710237,763843431.2
SPS,2035,Praseodymium,Wind,102213496.5,31487145.61,1377.528471,424.3513943,6.52E-05,3747418.521,109170755.3,11012434.32,162742.0202,2.488542631,110.3095591,91.79676987,116.5272732,1.093181915,6.104890955,66445475.74,111393363,36814995.9,3996286.42,221.4748691,179.5543084,114272159.4,0.013420421,282.1721786,7571221.631,0.76593782,28644114.41,8084527.057,6553732.21,43075.67669,1380.811886,76.60804445,172971.2627,2488.666484,641787699.9
SPS,2040,Praseodymium,Wind,79598694.41,24534487.23,1072.749408,330.6506088,5.44E-05,3004399.452,89227917.01,8512956.204,133959.802,2.016044262,90.82700355,74.70081239,95.74552437,0.897866501,5.003837798,55110254.15,91622602.68,28661598.73,3111229.892,182.0140404,147.8856076,93965798.71,0.011100857,220.678414,6094981.589,0.616521129,22989305.93,6644081.058,5397824.64,35231.24075,1110.806338,63.01366226,141771.6399,1956.012939,518788537.6
SPS,2045,Praseodymium,Wind,83942267.07,25877766.33,1131.287617,348.7539443,6.75E-05,3270331.795,98524673.07,8815713.915,149031.0223,2.198633095,100.9683468,81.82138751,105.9573974,0.996553185,5.544164773,62014336.32,101792624.4,30218813.57,3280264.838,202.0528737,164.5465761,104402399.6,0.012246878,234.32244,6648054.164,0.672525045,25055507.32,7375559.095,6005949.983,39330.61308,1212.293025,69.96291584,157180.1448,2081.50162,567571384.9
SPS,2050,Praseodymium,Wind,110769708.9,34147622.77,1492.84031,460.2065718,8.79E-05,4402100.506,135239994.7,11404022.2,205663.542,2.982707342,139.1106469,111.4189324,145.4655363,1.371983843,7.624419244,86832349.91,140198182.4,39869672.02,4327868.337,278.1968788,227.163732,143826248.2,0.016821787,310.1975612,8735503.228,0.882925211,33681990.61,10155050.64,8291476.159,54721.47527,1650.71998,96.35394838,216311.1366,2767.100383,772360646.6
SPS,2022,Praseodymium,Electric vehicles,46484684.55,14284726.4,626.4728107,192.5148644,2.00E-05,1637069.802,43547386.02,4921736.832,63593.90979,1.01961769,42.93412287,37.09817076,45.57764861,0.428871348,2.410311176,25816183.52,43489633.63,16756422.25,1818922.074,86.78261983,70.07311071,44673013.03,0.005347039,133.6252729,3205725.165,0.324765627,12358501.09,3167840.691,2557668.523,18986.01279,591.0357894,30.0529077,68520.25429,1112.03584,264871363
SPS,2030,Praseodymium,Electric vehicles,147602557.4,45427453.76,1989.235592,612.2245435,9.03E-05,5320725.145,150134106.5,15851454.87,222122.594,3.459243879,150.2825653,126.9582472,159.3087038,1.494843572,8.369285919,90351848.52,152060012.3,53179946.13,5772713.307,302.6898677,244.9210755,156045511.8,0.018470553,410.0816348,10609796.49,1.073691588,40496944.34,11049132.64,8939619.192,61041.80996,1944.249469,104.653471,237225.6982,3565.665452,893364708.7
SPS,2035,Praseodymium,Electric vehicles,196125389.2,60416959.59,2643.176457,814.2377008,0.000125138,7190478.177,209474850.3,21130457.73,312266.4144,4.774970125,211.6599663,176.1379645,223.5904023,2.097577481,11.7139532,127494364.6,213739549.3,70639941.38,7668001.355,424.9619315,344.5255258,219263331.2,0.025750859,541.4268199,14527521.71,1.469667492,54961803.28,15512442.78,12575181.6,82652.82126,2649.476613,146.9941157,331894.098,4775.207771,1231450511
SPS,2040,Praseodymium,Electric vehicles,211771835.1,65273851.81,2854.043177,879.6939036,0.000144809,7993186.197,237390322.4,22648667.43,356399.2262,5.363673314,241.6446823,198.7410503,254.7303766,2.388768285,13.31267957,146620491,243761368.9,76254006.5,8277407.923,484.247231,393.4487463,249995427.4,0.029533762,587.1135582,16215660.89,1.640250659,61162906.51,17676536.64,14360879.14,93732.49854,2955.293405,167.6474595,377182.5728,5203.960349,1380233702
SPS,2045,Praseodymium,Electric vehicles,212653743.2,65557008.04,2865.928629,883.5099922,0.000170886,8284840.546,249595838.4,22333141.92,377545.2564,5.569870507,255.7864787,207.2808483,268.4254067,2.524601401,14.04521742,157102985.3,257874648.6,76554327.7,8310004.256,511.8672802,416.851326,264486078.9,0.031025426,593.616848,16841737.22,1.703730113,63473951.87,18684749.71,15215073.29,99637.55314,3071.142331,177.2393868,398189.7002,5273.137437,1437847508
SPS,2050,Praseodymium,Electric vehicles,212606376.8,65541404.99,2865.290273,883.2997104,0.000168704,8449192.907,259573538.1,21888365.2,394741.3145,5.72487377,267.0026933,213.852467,279.1999809,2.633323827,14.63396597,166662091,269090059.8,76524047.92,8306715.033,533.9585254,436.0078083,276053605.4,0.032286979,595.3791901,16766530.39,1.694646777,64647691.66,19491145.58,15914284.88,105029.9283,3168.317381,184.937417,415177.8268,5311.047509,1482434144
SPS,2022,Selenium,Solar PV,2917362.846,894834.6868,39.31721856,12.05966244,2.01E-06,2629943.557,24012670.95,413574.3751,1110.755325,3.693499568,7.515538567,128.0649149,89.33960565,0.002109746,0.026402487,931469.4887,1818184.381,1043029.921,113220.5475,27.47238345,31.21841915,33345.07154,0.000145706,74.93834854,591590.5726,0.060362052,12818732.96,1002782.816,1139472.289,2931.741234,104.8854655,6.88540297,562.8374604,361.9011003,50364983.11
SPS,2030,Selenium,Solar PV,2626354.295,810118.8859,35.39530435,10.91794992,2.93E-06,2840969.168,26996278.47,424195.1867,1251.46654,4.162099166,8.487945822,144.3578349,100.792284,0.002212559,0.026986845,1049461.231,2056762.384,935699.1841,101569.1681,30.96591794,35.22143143,36700.43564,0.000151974,80.5580975,638293.7406,0.065107217,14108153.14,1130301.727,1285582.235,3042.447267,113.0320194,7.747660382,541.2960363,392.5114208,55045453.38
SPS,2035,Selenium,Solar PV,2160138.111,668921.9356,29.1121217,9.015042504,2.76E-06,2681761.441,25556478.27,377226.1177,1188.4687,3.945036134,8.062462646,136.851322,95.59121576,0.002002269,0.023883028,995358.3323,1953695.29,767534.5166,83314.75312,29.3548946,33.41426614,34424.74549,0.00013614,74.89893912,592919.8565,0.060476537,13320245.64,1071496.848,1219620.703,2740.190092,104.5040447,7.348558693,470.0929048,364.9091931,51487702.3
SPS,2040,Selenium,Solar PV,1623730.756,504750.6215,21.88297459,6.802510224,2.45E-06,2329534.534,22242915.67,305364.1348,1039.261855,3.437201948,7.03454449,119.2508787,83.32690934,0.001649463,0.019302573,873380.3671,1704904.405,575129.0869,62429.1795,25.57906128,29.13870377,29742.49266,0.000119946,64.13596751,508058.9354,0.051825033,11569401.15,933673.255,1063562.678,2322.404001,89.46022374,6.402883795,378.8061123,312.3451171,44330461.66
SPS,2045,Selenium,Solar PV,1169244.681,364731.6859,15.7578783,4.915478884,2.28E-06,1938231.973,18536403.19,234823.1684,869.3899681,2.866916119,5.873333846,99.47657975,69.52887516,0.001287902,0.014807702,734951.8648,1422936.36,412722.8803,44800.08528,21.33668669,24.32575014,24631.26645,9.51E-05,52.69904505,417879.4354,0.042633532,9624283.516,778820.2681,887889.8721,1892.587324,73.49504611,5.331785956,296.6041104,256.5074285,36595527.77
SPS,2050,Selenium,Solar PV,905376.2648,283057.5461,12.20173094,3.814758751,1.88E-06,1681659.387,16123033.36,190736.4396,758.5367707,2.494446903,5.113168417,86.55993131,60.51154161,0.001050431,0.011915461,645796.8481,1238038.018,318608.0548,34584.02019,18.5644642,21.18310029,21335.21594,8.02E-05,45.44619645,360343.6729,0.036771587,8355879.963,677630.0431,773183.1536,1605.165639,63.1144292,4.625991309,248.9039195,220.8165322,31611977.27
SPS,2022,Silicon,Solar PV,4692992278,1440900248,63247.32741,19418.97298,0.001736763,159087323.8,1066185452,609756088.9,315957.814,30.4867182,10257.89646,892.9544285,220.8464914,1.212317794,19.99377459,516423794.1,107861321.2,1694239108,183912924.8,467.466799,398.8361427,7725755.248,0.124522256,10994.21257,208534497.5,21.14559042,1008798615,17064357.03,14557518.95,3006183.099,32646.70458,532.9941782,867269.8782,105636.9548,11732262283
SPS,2030,Silicon,Solar PV,4106588989,1266075395,55344.38646,17062.86325,0.002422201,126770855.6,1018670786,576880702.6,327253.0857,24.20010559,10940.32741,728.3878193,218.5678935,1.080954836,17.99919953,549214745.1,119945221,1481135154,160779899.1,468.2989028,424.930646,7228978.153,0.124279533,8146.150274,193472250.2,19.56229626,800068810.4,17094344.2,15509968.28,2866767.492,27032.15936,533.4892406,763935.036,93036.05786,10443422043
SPS,2035,Silicon,Solar PV,3495307657,1081401722,47106.16483,14574.02124,0.002353119,97380964.44,930660489.6,517159582.2,315387.507,19.13492833,10659.0196,590.7035987,205.2854016,0.914995642,15.34177776,534470172.3,118948542.5,1259658521,136738120.5,438.2723737,419.7943576,6548958.245,0.112797973,6286.452577,174145115.7,17.5845332,615602405.9,15998076.32,15322493.75,2645646.523,22506.70374,503.5853229,652943.2971,79977.40624,9002980214
SPS,2040,Silicon,Solar PV,2865503244,888783184.8,38618.30814,11978.10652,0.002255171,77270088.05,817824475.5,437300080.9,291651.2901,14.88721814,9972.214211,471.7903467,187.8631182,0.753372962,12.74702342,501483681.7,114056261.3,1031959146,112020891.7,396.6162001,398.7260114,5742755.421,0.100525159,4847.102448,152121963,15.34606962,490643255.3,14477318.57,14553499.11,2439687.93,18530.70933,461.6470312,552076.4606,66580.11232,7527042629
SPS,2045,Silicon,Solar PV,2544797440,790061103.7,34296.16487,10647.63175,0.002525618,71334006.44,774915566.6,388510436.1,287452.4487,12.93380787,10004.06832,418.7376737,183.382754,0.674142908,11.52281186,504719106.6,116352563.6,916004545.5,99433764.33,384.9533765,407.1558547,5434374.349,0.091653478,4172.131751,143858661.8,14.50533664,457137725.9,14051407.43,14861188.37,2446374.217,16621.1041,454.8238883,521013.7733,60215.99429,6844744183
SPS,2050,Silicon,Solar PV,2426545455,753545520,32702.48613,10155.51224,0.002515862,68049463.2,780282944.9,365501243.1,297178.0853,11.99579659,10513.29234,396.1739651,187.6945417,0.653448549,11.28110093,531994247.6,122044157.6,873117077.3,94778219.59,392.3646613,435.8690695,5458478.792,0.092035587,3822.361845,144592307.5,14.57224608,448797184,14321776.52,15909220.68,2573058.25,15913.16493,471.6310547,521659.9783,58287.09295,6648345972
SPS,2022,Silicon,Electric vehicles,67453492.45,20710401.43,909.0688562,279.1135101,2.50E-05,2286599.883,15324536.69,8764169.064,4541.336691,0.43819284,147.4391818,12.83464605,3.174279065,0.017424932,0.28737527,7422681.827,1550316.384,24351701.04,2643424.141,6.719011312,5.73256659,111044.1148,0.001789788,158.0224281,2997315.853,0.303930593,14499702.05,245270.0559,209238.6769,43208.58356,469.2388375,7.660851894,12465.47591,1518.345037,168630591.8
SPS,2030,Silicon,Electric vehicles,392640330.2,121052353.3,5291.602893,1631.419234,0.000231592,12120850.35,97397434.92,55156878.41,31289.41317,2.313827236,1046.029631,69.64281905,20.89777431,0.103352555,1.720944479,52511673.18,11468235.88,141614706.9,15372532.49,44.77512512,40.62858727,691179.0726,0.011882649,778.8719889,18498322.67,1.870395718,76496401.94,1634429.199,1482943.407,274098.1719,2584.60635,51.00812186,73041.56943,8895.389477,998519377.1
SPS,2035,Silicon,Electric vehicles,915548330.4,283258482,12338.81958,3817.466766,0.000616368,25507619.98,243773865.2,135462923,82611.47054,5.012134383,2791.9853,154.7267785,53.77172059,0.239670671,4.018570149,139997196.8,31156953.88,329950427.4,35816692.04,114.799491,109.9594259,1715410.595,0.029545896,1646.650803,45614945.97,4.606029452,161248682.6,4190478.637,4013518.964,692991.1456,5895.325119,131.9073303,171029.6215,20948.99447,2358208293
SPS,2040,Silicon,Electric vehicles,1179291269,365776675.2,15893.27588,4929.562185,0.00092811,31800326.99,336573781.6,179969842.3,120028.4175,6.126800381,4104.041819,194.1642319,77.31463413,0.31004891,5.246008166,206384455.6,46939591.97,424700412.6,46101940.3,163.2264848,164.0947728,2363417.783,0.041370898,1994.813862,62605443.92,6.315639651,201923103.1,5958107.154,5989459.081,1004047.955,7626.270799,189.9897737,227205.7974,27400.89207,3097737079
SPS,2045,Silicon,Electric vehicles,1449949784,450153284.8,19540.93323,6066.703431,0.001439022,40643992.17,441523808.8,221361674.6,163781.8435,7.369298486,5700.020153,238.5842543,104.4860311,0.384106549,6.565354989,287573913.8,66294225.15,521912106.7,56654397.26,219.334968,231.9852788,3096344.64,0.052221422,2377.156404,81966380.62,8.264708772,260463460.3,8006073.431,8467462.492,1393871.163,9470.210056,259.1451045,296858.1296,34309.28,3899931364
SPS,2050,Silicon,Electric vehicles,1641827560,509857253.9,22126.86471,6871.33218,0.00170226,46043021.31,527948092,247302193.6,201073.9875,8.116488976,7113.410163,268.0556974,126.996208,0.442130534,7.632917971,359953206.5,82576430.19,590760695.3,64127994.24,265.4782803,294.9138452,3693267.273,0.062272298,2586.252406,97832758.42,9.859743267,303661150.8,9690272.788,10764355.11,1740959.741,10767.02383,319.1108009,352960.9253,39437.69336,4498344599
SPS,2022,Silicon,Grid battery storage,1007823.591,309434.4025,13.58241072,4.170238926,3.73E-07,34164.12139,228964.1208,130945.5747,67.85217612,0.006547045,2.202890914,0.191762629,0.047426949,0.000260346,0.004293678,110902.3948,23163.29915,363839.1117,39495.43771,0.100388844,0.085650359,1659.111699,2.67E-05,2.361015347,44782.9388,0.004541031,216640.2547,3664.583395,3126.238048,645.5800619,7.010904148,0.114460897,186.2468529,22.6856148,2519512.072
SPS,2030,Silicon,Grid battery storage,11221685.62,3459683.96,151.2343474,46.62606551,6.62E-06,346414.6743,2783624.887,1576387.094,894.2534194,0.06612933,29.89559342,1.9903962,0.597259719,0.002953823,0.049184703,1500786.961,327762.911,4047357.334,439347.9568,1.279675925,1.161167609,19753.94187,0.000339607,22.260211,528683.2389,0.053456029,2186272.035,46712.09049,42382.61693,7833.743194,73.86821392,1.457815368,2087.532702,254.2307972,28537747.33
SPS,2035,Silicon,Grid battery storage,17567753.18,5435229.287,236.7601248,73.25043551,1.18E-05,489446.1135,4677589.324,2599293.907,1585.16801,0.096173994,53.57325988,2.968933223,1.031784215,0.004598856,0.077109254,2686298.602,597846.8395,6331165.138,687258.9733,2.202799194,2.109926904,32915.69537,0.000566933,31.59631658,875270.1367,0.088381559,3094077.028,80407.87358,77012.33045,13297.27443,113.1208623,2.531068372,3281.755946,401.9741525,45249846.32
SPS,2040,Silicon,Grid battery storage,27310652.73,8470850.263,368.0649131,114.1614159,2.15E-05,736448.8402,7794554.163,4167837.07,2779.68176,0.141887693,95.04357735,4.496558273,1.790493307,0.007180277,0.12148984,4779560.696,1087051.969,9835437.428,1067653.187,3.780085515,3.800193789,54733.28265,0.000958089,46.19695753,1449850.078,0.146260933,4676242.327,137981.0058,138707.0704,23252.27513,176.6132244,4.399883957,5261.752373,634.5643928,71739038.41
SPS,2045,Silicon,Grid battery storage,34356459.03,10666350.69,463.0210502,143.7501147,3.41E-05,963056.5603,10461875.86,5245149.444,3880.79936,0.174615014,135.0615801,5.653237268,2.475789222,0.009101378,0.155565629,6814043.834,1570837.042,12366670.97,1342421.992,5.197126772,5.496875004,73367.67033,0.001237383,56.32655523,1942187.673,0.195831698,6171663.528,189703.3517,200635.9333,33027.68002,224.3959669,6.140425181,7034.032679,812.9559972,92408601.71
SPS,2050,Silicon,Grid battery storage,37671717.01,11698669.61,507.7006905,157.6626485,3.91E-05,1056456.666,12113763.71,5674346.37,4613.640642,0.186232759,163.2171254,6.150535309,2.913926728,0.010144681,0.175137227,8259122.739,1894715.369,13554998.27,1471416.189,6.091396497,6.766795242,84741.9808,0.001428837,59.3415357,2244771.668,0.226231711,6967502.082,222343.2126,246988.0208,39946.30393,247.0492547,7.321994149,8098.684916,904.8974815,103214472
SPS,2022,Silver,Solar PV,1021902478,314402372.4,13772.15149,4237.192117,0.000300123,52876950.15,4297482549,101135309.6,155109.5675,32.45395699,1588.721215,1357.35167,863.2842793,0.402243042,6.270518929,142235805.7,97440165.97,367882579.4,39934142.56,252.3441643,276.4422263,8656576.058,0.047055155,3563.331591,200863308,20.56335589,346464276.1,9211491.316,10090141.14,765102.4436,9082.57071,394.3394771,145879.6403,25835.70677,7011653871
SPS,2030,Silver,Solar PV,929752593.2,287055601.6,12530.25004,3868.640438,0.000458724,54232537.68,4884379162,93189718.56,175411.3965,35.24610914,1818.62673,1503.115105,985.6194865,0.381548326,6.000444902,165290625.9,114521119.6,334217189.8,36279617.97,279.984804,318.8831718,9627690.097,0.05011052,3363.825902,221913558.3,22.7165194,362437609.4,10220365.68,11639235.62,788003.4698,8371.713661,441.9924696,135542.8299,24576.0834,7515864577
SPS,2035,Silver,Solar PV,685712232.7,212097262.5,9241.324836,2858.428966,0.000394789,43552998.65,4139846067,67477573.06,149821.8457,29.15678337,1547.709791,1256.398539,836.1972928,0.283758998,4.467223037,145007329.2,99082048.12,246237655.5,26729297.03,233.8471121,275.5583688,8077984.176,0.039803244,2613.235411,185509403.4,18.99349931,295287275.6,8536143.407,10057880.32,636979.524,6265.342948,373.1859106,104063.2713,18779.1381,6174108808
SPS,2040,Silver,Solar PV,463870051.3,143569578.2,6251.563879,1934.883252,0.00031967,32740143.34,3232655744,42550026.69,118789.2419,22.28122349,1211.814655,969.0057042,653.54919,0.198324718,3.118568421,119210966.8,78878787.89,166398565.2,18062658.43,180.8196993,220.8231713,6250975.352,0.029439444,1884.238712,143057911,14.65149004,223285737.7,6600445.909,8060045.637,494289.8614,4451.854969,292.5454246,74904.1451,13237.68157,4685884487
SPS,2045,Silver,Solar PV,310435556.8,95971785.15,4183.731432,1293.409106,0.000274022,24467204.63,2496909154,24451190.04,93266.86379,16.84537691,937.5758537,738.8097452,503.5800467,0.139693682,2.189132707,97346228.24,61701409.42,111251092.8,12076337.33,138.2120368,175.4894523,4786629.7,0.021009144,1332.167922,109187244.9,11.18718386,167124652.9,5045119.913,6405364.913,384431.7448,3176.505075,226.9397248,54849.84909,9246.456558,3527695019
SPS,2050,Silver,Solar PV,195127755.6,60196359.06,2629.731377,811.2646734,0.000187205,16687236.22,1774746575,12480392.14,67419.64169,11.78416818,666.7648898,520.1159469,357.2750069,0.09352774,1.463116016,72939831.1,44261324.21,69861222.37,7583435.927,97.59009249,129.1605975,3378699.834,0.014302028,876.0828229,76854172.92,7.877690873,115363675.8,3562297.366,4714361.735,277120.8774,2148.979547,162.622807,38348.83366,6044.99682,2458142611
SPS,2022,Silver,Other low emissions power generation,7546317.605,2321728.55,101.7015141,31.28987174,2.22E-06,390473.9135,31735091.08,746841.4883,1145.418555,0.239658747,11.73203426,10.02346801,6.374989292,0.002970395,0.04630513,1050351.269,719554.4151,2716657.259,294896.7534,1.863454929,2.041408925,63925.15304,0.000347482,26.31369675,1483290.578,0.151851686,2558492.148,68022.96754,74511.42484,5649.95796,67.07094339,2.91203026,1077.259447,190.7857677,51778098.39
SPS,2030,Silver,Other low emissions power generation,6585551.01,2033249.835,88.75328921,27.40205204,3.25E-06,384135.6785,34596653.3,660074.1419,1242.460315,0.24965249,12.88155493,10.64674761,6.981263029,0.002702553,0.042501883,1170773.662,811167.0573,2367301.116,256972.9587,1.983166513,2.258688397,68194.10314,0.000354939,23.82638911,1571840.798,0.160903877,2567189.79,72392.09661,82442.1254,5581.524681,59.29786887,3.130686567,960.0663949,174.075396,53235785.43
SPS,2035,Silver,Other low emissions power generation,6863944.592,2123082.816,92.50519184,28.61272865,3.95E-06,435963.3026,41439648.69,675447.0762,1499.709059,0.291857919,15.49249633,12.57648551,8.370292394,0.002840413,0.044716676,1451515.994,991806.265,2464826.414,267558.9045,2.340797705,2.758325264,80860.21097,0.000398428,26.15835362,1856939.698,0.190123963,2955810.618,85446.36158,100678.8708,6376.132655,62.71576442,3.735571995,1041.668056,187.9782177,61802515.32
SPS,2040,Silver,Other low emissions power generation,6594356.146,2040978.778,88.87195579,27.50621479,4.54E-06,465432.4306,45955291.17,604889.2987,1688.702612,0.316748888,17.22710357,13.77534226,9.290826399,0.002819375,0.044333431,1694697.835,1121337.362,2365514.648,256777.9538,2.570524853,3.139212443,88863.58931,0.00041851,26.78625424,2033704.94,0.208284935,3174220.178,93831.64731,114581.2525,7026.802822,63.28737347,4.158812825,1064.834016,188.1862961,66614326.76
SPS,2045,Silver,Other low emissions power generation,6119175.434,1891755.558,82.46795845,25.49513756,5.40E-06,482287.271,49218025.51,481971.598,1838.437283,0.332049001,18.48110181,14.56310768,9.926358573,0.002753583,0.043151265,1918848.003,1216232.292,2192934.86,238043.6941,2.724377674,3.459174447,94352.03612,0.000414123,26.25913508,2152253.156,0.220517074,3294291.03,99447.28674,126259.8654,7577.757241,62.61393515,4.473340628,1081.17721,182.2622718,69536443.96
SPS,2050,Silver,Other low emissions power generation,5980362.954,1844925.006,80.59718649,24.8640035,5.74E-06,511437.8986,54393228.86,382504.6548,2066.307411,0.361166471,20.43530934,15.94074677,10.94992462,0.00286648,0.044842236,2235492.651,1356540.912,2141138.071,232420.5449,2.990984917,3.958571912,103551.9076,0.000438335,26.85057921,2355461.155,0.241439002,3535717.667,109178.8871,144487.8725,8493.324917,65.86288881,4.984136714,1175.332251,185.2697733,75338257.03
SPS,2022,Tantalum,Other low emissions power generation,4084930.695,1228929.287,55.05249823,16.56224618,4.31E-06,151944.7492,1889304.883,266722.4834,23324.37213,0.145026159,13.39659718,4.888266201,2.973326489,0.000636766,0.01070921,2079015.562,2987649.064,1477959.705,160433.8538,2.229743463,1.99948177,17384.18004,0.000227988,23.50158249,493557.0798,0.050131156,1179765.056,81390.2048,72981.08377,1782.773126,74.71838218,3.947050152,324.3035149,120.5276616,16197478.35
SPS,2030,Tantalum,Other low emissions power generation,10154352,3066383.221,136.8499216,41.32556228,1.65E-05,421622.2112,5140107.387,685332.2254,69479.59845,0.409532467,39.99545367,13.97050868,8.886742545,0.001595436,0.026158296,6214408.64,8912844.755,3671461.95,398539.4494,6.579636703,5.990628493,49431.62263,0.000687393,59.70536074,1309896.92,0.1326471,3048727.173,240168.4727,218657.9373,4671.296221,206.9242485,11.53508934,828.651654,312.8376646,43607133.16
SPS,2035,Tantalum,Other low emissions power generation,6938631.102,2097492.48,93.51173985,28.26784842,1.23E-05,306879.3704,3715309.492,467398.9372,52333.43364,0.299131184,30.18109639,10.25697791,6.626760735,0.001091412,0.017452531,4715464.817,6717710.456,2508100.059,272255.4783,4.922390483,4.534752183,36378.23233,0.000498465,41.05625855,918905.3178,0.092910046,2144627.504,179675.5314,165518.4526,3236.737678,148.4718855,8.595216952,586.3089161,218.9058915,31240661.74
SPS,2040,Tantalum,Other low emissions power generation,7603128.489,2297747.599,102.4671528,30.96668116,1.49E-05,359749.8086,4352652.449,495591.3484,62933.13451,0.351371098,36.32375834,12.09647675,7.902064574,0.001237674,0.01926145,5730079.696,8082111.803,2747970.817,298293.2654,5.894011767,5.498598914,42917.28979,0.000575353,45.75803268,1040976.654,0.1051607,2449929.54,215140.9322,200698.8578,3723.622536,171.9049512,10.26914364,672.5301007,246.2596791,35984501.25
SPS,2045,Tantalum,Other low emissions power generation,5536181.449,1671500.915,74.6109646,22.52677183,1.31E-05,276454.5016,3357004.297,339418.7751,50129.47362,0.26899726,28.93784074,9.297000651,6.12098469,0.000946273,0.014360183,4612661.528,6434174.955,2000922.648,217200.6656,4.662073793,4.392570499,33631.98684,0.000426624,34.29142883,795059.8861,0.080303788,1851818.042,170172.9019,160328.8211,2874.112727,132.4219932,8.130910747,519.9733055,184.2799904,27510196.5
SPS,2050,Tantalum,Other low emissions power generation,4451708.42,1341695.464,59.99555151,18.08199284,1.08E-05,231430.444,2909857.844,255470.1524,43488.3029,0.226856878,25.10785765,7.864257173,5.192488822,0.000807772,0.012046706,4047056.093,5583783.466,1608812.878,174636.8772,4.034742446,3.866616161,28851.72716,0.000346259,28.26978381,665446.1983,0.067223241,1544869.124,147274.2305,141131.488,2492.360908,112.6870083,7.154742637,466.5803438,151.973148,23178592.31
SPS,2022,Tellurium,Solar PV,1893906.832,575325.0879,25.52413011,7.753640373,5.01E-07,447244.5178,3520345.041,222713.4908,1178.576417,0.517676128,1.298586687,17.75381421,12.13952335,0.002112924,0.025013355,170881.5143,293250.979,681838.0652,74013.9011,4.046226637,4.513827289,7692.874559,5.65E-05,14.73334824,134337.8608,0.013692364,2037720.282,147693.8164,164754.6945,2221.168886,32.34346067,0.890437251,291.6075157,80.64991842,10375451.2
SPS,2030,Tellurium,Solar PV,1260074.351,384556.4544,16.98198726,5.182656749,6.57E-07,395398.5063,3255880.243,171119.39,1110.705968,0.485863099,1.230906786,16.69804925,11.49412461,0.001594482,0.019185482,161847.2122,283213.692,452265.6853,49093.3192,3.810046894,4.274924092,6613.401307,4.77E-05,11.93202118,107032.8142,0.010883417,1826715.632,139072.6012,156034.7278,1941.083573,26.22315508,0.823876515,189.9687604,64.8596019,8652194.071
SPS,2035,Tellurium,Solar PV,948459.4334,290895.8197,12.78236161,3.920394954,6.76E-07,382293.0075,3182092.316,145157.7383,1098.018432,0.478863054,1.222396823,16.47695401,11.38321479,0.00133486,0.016230793,160691.325,283856.731,339303.6667,36831.07024,3.761009729,4.239488744,6214.450927,4.27E-05,10.94046579,95748.15618,0.009725182,1770047.92,137282.521,154741.3376,1847.020137,23.66573594,0.808289077,140.7210552,58.0389386,7936732.888
SPS,2040,Tellurium,Solar PV,657390.1895,202380.8837,8.859629441,2.727481598,6.70E-07,354774.9753,2966346.788,111345.4107,1033.629993,0.449726158,1.152958987,15.48810253,10.72878894,0.001046756,0.012955568,153242.7647,270678.2871,234121.7353,25413.43993,3.535098216,4.001955847,5618.719336,4.01E-05,9.725352695,83086.85,0.008435721,1641424.744,129036.2834,146071.387,1718.754237,20.62400422,0.757523996,101.2953447,49.91099564,6983814.265
SPS,2045,Tellurium,Solar PV,438909.2546,135235.2497,5.915167911,1.822561737,7.01E-07,333047.8662,2788768,79321.89003,978.455572,0.425475818,1.093260999,14.66182805,10.17409688,0.000820917,0.010397047,147215.2694,258657.0095,155306.1961,16857.92056,3.344382089,3.802921723,5151.656764,3.37E-05,8.783615101,73693.63863,0.007485176,1536990.63,122074.7563,138806.6415,1623.983288,18.26970642,0.713941714,77.91719104,43.60786396,6232741.719
SPS,2050,Tellurium,Solar PV,294367.2459,90613.73093,3.96717925,1.221198757,6.45E-07,315943.8288,2658352.637,55122.5587,936.5929265,0.407288962,1.047931519,14.04149879,9.755801341,0.000665552,0.008657873,142289.4492,248568.0937,103209.0522,11202.73153,3.200376767,3.655122985,4818.689919,3.02E-05,8.117104489,67258.39883,0.006833648,1458172.26,116818.2796,133411.9876,1550.217386,16.58163089,0.680280514,62.3014437,39.25380527,5702721.459
SPS,2022,Terbium,Wind,80109302.9,24684915.82,1079.630864,332.6779308,3.36E-05,2943154.207,77077205.74,8523173.278,125001.1957,1.899973593,85.95030383,67.10722103,76.97890434,0.92988504,5.205526045,55596530.65,93643793.71,28842379.32,3130860.138,177.000205,136.5137017,96858663.7,0.009915727,228.502665,4110114.97,0.414158694,21488139.65,6461094.202,4982750.087,35748.16932,1181.458766,57.98946205,146556.9816,1936.366927,508760882.3
SPS,2030,Terbium,Wind,131735684.3,40678175.23,1775.398181,548.2186475,7.93E-05,4961499.713,138486413.8,14280004.56,227615.6142,3.359161595,156.8088745,119.6169128,140.278367,1.690046038,9.426774022,101316017.9,170689635.3,47397025.14,5144970.541,321.8965621,248.749223,176401620.4,0.017850375,362.3089681,6911654.095,0.694988879,36458461.09,11750285.15,9079346.592,60094.85367,2035.832363,105.2702844,264808.9034,3221.399013,895845924
SPS,2035,Terbium,Wind,107114789.8,33117056.48,1443.583066,446.3176583,6.76E-05,4101168.453,118597401.8,11664798.11,196391.8694,2.846661092,135.5483818,101.8441953,120.8716812,1.456105422,8.102322686,87487750.79,147304968.2,38522081.12,4181588.402,277.4536426,214.7643456,152182120.6,0.015280453,292.0057652,5737895.429,0.57647752,30246411.64,10127969.34,7838898.573,49976.12772,1707.135839,90.76029631,227552.349,2642.471788,758701022.2
SPS,2040,Terbium,Wind,85181670.54,26356885.11,1147.991023,355.2110148,5.77E-05,3356358.372,99089261,9200186.119,165190.1274,2.358862197,114.104815,84.73277257,101.5537052,1.223005034,6.791667798,73716272.13,123901482.5,30622725.84,3324108.85,233.1347062,180.7695305,127966355.1,0.01293059,232.5197872,4676447.53,0.469568625,24769311.85,8510180.263,6598087.827,41714.85626,1406.690391,76.32299255,190767.3024,2122.069142,627668829
SPS,2045,Terbium,Wind,94058569.11,29111722.26,1267.62474,392.3378793,7.46E-05,3819685.742,114396960.5,9941034.534,191997.8951,2.693156423,132.6569728,97.09188967,117.5265582,1.419828017,7.871090506,85871436.59,143995349.3,33804207.8,3669458.659,270.6325348,210.182807,148712595.3,0.014938407,257.3941667,5291689.579,0.531172419,28212592.27,9878971.459,7671672.414,48529.18845,1607.90816,88.61606283,221231.2683,2364.35863,718899796.2
SPS,2050,Terbium,Wind,124097319.6,38409031.99,1672.456152,517.6374665,9.68E-05,5135523.127,156321085.5,12790405.41,263458.5023,3.641872218,182.0080595,131.6933651,160.6512517,1.946642438,10.77917692,118117682.9,197540197.8,44590257.58,4840287.632,370.9594403,288.6126373,204042691.6,0.020477871,340.6134459,7123585.555,0.71493855,38085037.56,13541229.09,10534361.2,66880.31262,2181.614095,121.5068894,303148.2574,3141.723099,975805029.7
SPS,2022,Terbium,Electric vehicles,31471511.85,9697645.5,424.1406967,130.6949014,1.32E-05,1156239.153,30280330.83,3348389.502,49107.61259,0.746418197,33.76619079,26.36355112,30.24171242,0.36531198,2.045028089,21841494.19,36788633.24,11330934.73,1229980.768,69.53579484,53.63038283,38051617.88,0.003895464,89.76890409,1614688.024,0.162705201,8441769.149,2538287.008,1957508.963,14043.92366,464.1445153,22.78157438,57575.95705,760.7155783,199870346.6
SPS,2030,Terbium,Electric vehicles,95572947.41,29511617.33,1288.033975,397.7272541,5.75E-05,3599519.4,100470535.5,10360003.31,165132.8966,2.437038805,113.7633011,86.78089755,101.77058,1.226111832,6.839032134,73503777.66,123833657,34386077.06,3732625.687,233.5328,180.4651226,127977646.2,0.012950272,262.8516043,5014337.284,0.504207618,26450256.09,8524716.679,6586976.939,43598.22717,1476.97642,76.37255928,192116.2632,2337.093402,649927435.1
SPS,2035,Terbium,Electric vehicles,126590206.1,39138339.48,1706.052714,527.4663234,7.99E-05,4846835.444,140160565.8,13785670.49,232099.4821,3.364235836,160.1935421,120.3613218,142.8483505,1.720851863,9.575472265,103394614.6,174087689.7,45526095.86,4941877.202,327.8997594,253.8124085,179851597,0.018058717,345.0977226,6781149.143,0.681291615,35745759.21,11969418.31,9264152.859,59062.69639,2017.524173,107.2621684,268925.5034,3122.921204,896646662.5
SPS,2040,Terbium,Electric vehicles,135830231.4,42028546.52,1830.58028,566.4175641,9.21E-05,5352030.917,158007200,14670567.05,263411.2843,3.761428909,181.9509213,135.1144211,161.9369893,1.950197216,10.82995676,117547569.1,197572634.3,48830833.09,5300606.004,371.7553423,288.2541162,204054458.2,0.020619048,370.7747959,7457037.954,0.748771591,39497010.79,13570287.45,10521275.18,66518.2843,2243.100893,121.7042314,304196.5092,3383.839983,1000877322
SPS,2045,Terbium,Electric vehicles,137806740.8,42652058.2,1857.217642,574.8206139,0.000109277,5596283.762,167604849.2,14564771.53,281299.2417,3.945787318,194.3578904,142.2509081,172.1900736,2.080213141,11.53206283,125811639.7,210969930.4,49527095.15,5376183.616,396.5081323,307.9422522,217881244.3,0.021886503,377.1123838,7752940.546,0.778229358,41334728.21,14473841.91,11239892.14,71100.90401,2355.77242,129.8328362,324129.5326,3464.060318,1053271794
SPS,2050,Terbium,Electric vehicles,138820730.4,42966035.79,1870.883153,579.0520811,0.000108281,5744822.481,174867655,14307911.14,294716.2908,4.073958753,203.6022361,147.3180017,179.7115697,2.177600016,12.05806232,132131645.3,220977170.4,49880627.12,5414559.046,414.9715773,322.8548146,228251146.6,0.022907449,381.0252107,7968756.722,0.799761768,42603601.34,15147815.59,11784200.67,74815.26497,2440.449666,135.922961,339114.9997,3514.469907,1091578508
SPS,2022,Tin,Solar PV,7321392.513,2250553.221,98.67020483,30.3306438,2.84E-06,392353.4743,38087982.95,788119.1503,700.8641862,0.410746252,1.51798723,14.98825688,5.426014645,0.002359156,0.038484092,637782.8607,990914.8437,2631212.434,285620.612,4.935697977,4.998902377,47322.6462,0.000283368,74.17657489,1205536.603,0.12288541,2634759.883,180162.5444,182459.9355,5724.990405,101.8834737,7.456945557,1606.741856,233.1390268,57644318.22
SPS,2030,Tin,Solar PV,8305726.646,2559861.046,111.9360488,34.49917683,5.37E-06,507208.4342,54138519.26,909109.8138,974.8049675,0.571231767,2.176941632,21.00532902,7.74033893,0.002871416,0.04733082,917348.7661,1444992.293,2979549.219,323431.7076,6.987596715,7.16169663,65074.08893,0.000376658,99.37029804,1648453.124,0.167965164,3468354.032,255059.599,261401.9251,7294.451648,126.5166263,10.52008847,2031.957244,288.0351258,77794532
SPS,2035,Tin,Solar PV,7383841.671,2279157.264,99.51183041,30.71613968,5.56E-06,493807.277,55619381.59,800868.1763,1001.885848,0.580114371,2.262978728,21.41888471,7.95725215,0.00262412,0.043440078,969475.4054,1506866.748,2645210.98,287138.443,7.159911392,7.415319719,65849.21489,0.00036587,99.6131084,1662813.735,0.169432495,3430687.715,261348.7554,270659.1678,7094.882791,120.3552069,10.76577897,1969.260222,273.0393256,77687307.26
SPS,2040,Tin,Solar PV,6230387.266,1924493.152,83.96675724,25.93634122,5.67E-06,468227.4336,54938274.4,643519.0963,998.515504,0.566933809,2.24994605,21.01019572,7.866786438,0.002362632,0.039171394,1007287.951,1508913.265,2228424.362,241895.4915,7.061535743,7.39244373,64167.71952,0.000357058,96.32534101,1615558.852,0.164639436,3280982.78,257757.2838,269824.1941,6939.675496,112.4016779,10.62841877,1842.980005,248.7548879,74689621.42
SPS,2045,Tin,Solar PV,5528850.954,1706344.048,74.51217172,22.99635175,6.59E-06,471469.9531,57371969.54,507448.2143,1051.411966,0.585524843,2.356009069,21.7705907,8.188418242,0.002290489,0.037962487,1111798.56,1589596.027,1974167.741,214295.2337,7.357366122,7.790331285,66172.58286,0.000352854,98.44246239,1661721.713,0.169384601,3319119.948,268554.985,284347.0896,7281.927842,112.124726,11.09448759,1845.534774,240.153716,76086162.88
SPS,2050,Tin,Solar PV,5270496.545,1623750.459,71.03033648,21.88324022,6.90E-06,495566.7735,62946502.33,410262.5989,1164.896638,0.636749049,2.590925356,23.73661919,8.958503964,0.002402937,0.039841124,1286005.007,1752427.458,1878787.846,203941.1593,8.055287091,8.633873925,71919.34901,0.000378219,106.0688399,1802463.557,0.183774841,3537659.674,294029.7177,315136.3957,8087.543698,119.4736807,12.17274739,1973.873188,247.3019555,81900311.5
SPS,2022,Tin,Other low emissions power generation,282952.3676,86977.90227,3.813341249,1.172198794,1.10E-07,15163.4193,1471999.341,30458.71112,27.0865386,0.015874251,0.058666173,0.579256305,0.209701049,9.12E-05,0.001487308,24648.61297,38296.22584,101689.3694,11038.47776,0.190751613,0.193194295,1828.894539,1.10E-05,2.866727532,46590.7866,0.004749195,101826.4689,6962.803648,7051.591711,221.2556678,3.937525552,0.288191133,62.09630361,9.010203933,2227799.738
SPS,2030,Tin,Other low emissions power generation,336718.6478,103778.1505,4.537947924,1.398615277,2.18E-07,20562.50409,2194804.835,36855.80326,39.5191203,0.023158045,0.08825439,0.851567393,0.313797524,0.000116409,0.001918817,37189.81484,58580.76862,120792.5359,13112.09626,0.283280948,0.290339053,2638.13874,1.53E-05,4.028525596,66829.1807,0.006809399,140608.9472,10340.25401,10597.37534,295.7210128,5.129052418,0.426490073,82.37664503,11.6770997,3153832.378
SPS,2035,Tin,Other low emissions power generation,193674.5356,59781.17413,2.610146372,0.805669238,1.46E-07,12952.32202,1458869.025,21006.37839,26.27897306,0.015216115,0.059356819,0.561806812,0.20871481,6.88E-05,0.001139412,25428.86309,39524.37372,69382.58309,7531.500144,0.187800955,0.194500189,1727.192522,9.60E-06,2.612802843,43614.78649,0.004444131,89985.25155,6855.049322,7099.256859,186.0952863,3.156857887,0.282381088,51.65272713,7.161687229,2037699.862
SPS,2040,Tin,Other low emissions power generation,123782.5285,38234.96329,1.66821372,0.515291547,1.13E-07,9302.531793,1091488.895,12785.14761,19.83805637,0.011263586,0.044700915,0.417421107,0.15629377,4.69E-05,0.00077824,20012.34339,29978.40924,44273.3317,4805.870693,0.140295412,0.146869743,1274.855355,7.09E-06,1.913748497,32097.19573,0.003270982,65185.08835,5121.005637,5360.745578,137.8743476,2.233145918,0.211160638,36.61549679,4.942150091,1483899.763
SPS,2045,Tin,Other low emissions power generation,174963.6378,53998.22938,2.357980118,0.72773265,2.09E-07,14919.93522,1815568.656,16058.4878,33.27253056,0.018529267,0.074557249,0.688942744,0.25912716,7.25E-05,0.001201345,35183.49873,50303.67174,62473.66269,6781.494738,0.232828042,0.246529471,2094.069078,1.12E-05,3.115267797,52586.13017,0.005360272,105035.4414,8498.575474,8998.325622,230.4407545,3.548250823,0.351091379,58.40299919,7.59980114,2407789.964
SPS,2050,Tin,Other low emissions power generation,106321.256,32755.77295,1.432888632,0.44144865,1.39E-07,9997.02425,1269814.168,8276.190756,23.49935581,0.012845082,0.052266506,0.478836698,0.1807191,4.85E-05,0.000803711,25942.46412,35351.56256,37900.61936,4114.086787,0.162498587,0.174170367,1450.822603,7.63E-06,2.139717231,36360.93632,0.003707273,71364.89256,5931.435227,6357.218356,163.1492965,2.410131887,0.245559746,39.81876748,4.988800255,1652167.667
SPS,2022,Titanium,Other low emissions power generation,86649290.74,26332550.08,1167.7701,354.8830526,4.11E-05,2412409.488,28291091.21,8768320.616,13126.92792,1.085689965,45.16947827,33.08378057,11.2022637,0.021862592,0.336936524,2706414.907,4346565.398,32320115.85,3508213.074,31.04357633,27.85479357,151334.0953,0.008516312,366.8244188,3993078.043,0.407115369,15095763.86,1133165.834,1016699.946,46750.92439,504.6504723,21.3369382,14846.81809,2002.108289,216800303.3
SPS,2030,Titanium,Other low emissions power generation,153064438.9,46525638.35,2062.845219,627.0247474,0.000110928,4429855.123,55112099.41,15876686.02,27166.86007,2.046975236,94.77190352,63.26143726,23.10539286,0.048910809,0.731922844,5764945.066,9253560.601,57407215.46,6231242.629,64.5932309,58.37267514,279419.9815,0.017617431,643.5532341,7262313.313,0.739085086,27468637.92,2357795.311,2130602.6,89337.23917,862.326751,44.65264689,27508.01684,3562.75018,393309451.8
SPS,2035,Titanium,Other low emissions power generation,81013062.85,24623958.16,1091.810812,331.8564064,6.43E-05,2414123.031,30998472.36,8447146.566,15815.77207,1.133026219,55.73631863,35.31738629,13.4378057,0.027009319,0.400698311,3273229.141,5479466.335,30498727.44,3310448.111,37.62255186,34.40520581,154078.6413,0.010240605,345.3850424,3969096.918,0.40364976,14966511.41,1373301.551,1255789.987,50272.58089,449.9080627,26.34525148,15077.27767,1901.836637,211859102.1
SPS,2040,Titanium,Other low emissions power generation,87116103.1,26463457.21,1174.061317,356.6472844,7.82E-05,2722850.953,35637550.38,8938253.235,18833.31277,1.286806407,66.70140204,40.43086062,15.97991823,0.029356859,0.436328539,4019347.265,6618087.208,32938530.17,3575245.422,44.68867264,41.3942186,174139.293,0.012281494,381.4324497,4453672.695,0.452746763,16778136.29,1631224.24,1510888.948,59976.96162,489.1260431,31.49918786,16881.62004,2068.940583,232673755.8
SPS,2045,Titanium,Other low emissions power generation,72073134.6,21864275.04,971.3276459,294.6642329,8.03E-05,2381328.648,31628334.15,7108866.173,17273.81369,1.123974926,61.48452921,35.56628546,14.47292399,0.023312124,0.351146149,3864083.802,6121406.235,27386545.4,2972590.106,40.82154796,38.38716191,151852.9853,0.011201084,327.3062184,3862979.113,0.392614813,14527156.51,1490061.782,1401131.381,55908.58814,414.5035022,28.84170469,14655.98305,1735.542477,196922080.1
SPS,2050,Titanium,Other low emissions power generation,67296602.81,20382319.97,906.9544587,274.6919652,7.74E-05,2312032.176,31470392.05,6329077.122,17623.17358,1.100178418,62.82600139,35.02164378,14.5653069,0.020809235,0.319438236,4269167.047,6231975.077,25689838.74,2788403.875,41.4105285,39.53234233,148489.6693,0.011362888,317.9071619,3765820.305,0.382714154,14115027.5,1511557.027,1442930.465,57921.78057,400.7107345,29.2031026,14314.51449,1642.983334,187843977
SPS,2022,Tungsten,Other low emissions power generation,849894.9112,261562.1345,11.45401026,3.525065685,7.77E-07,83633.19522,4612818.893,93547.65739,12683.73213,0.078897814,0.607279337,1.598618865,6.086889893,0.000177638,0.002893366,133369.2051,246366.1416,305043.6728,33112.71633,3.198898426,1.487566786,63672.59634,4.42E-05,7.01135433,119927.1965,0.012210736,829891.5353,116760.932,54296.18681,473.6057718,10.98116079,0.343936801,1901.943822,30.72120112,7818971.906
SPS,2030,Tungsten,Other low emissions power generation,1163904.96,358934.5565,15.68591503,4.837351134,1.63E-06,130717.9926,7467051.605,129637.56,20612.20118,0.126996402,0.993229526,2.567563044,9.898436883,0.000278831,0.004466578,218685.2766,402141.0652,417146.5158,45281.42937,5.194658075,2.420410215,103208.5703,6.95E-05,10.44572388,186960.2936,0.019024967,1316429.454,189606.7383,88344.97139,690.5751915,16.2103593,0.557007149,3063.534284,45.13578387,12242441.09
SPS,2035,Tungsten,Other low emissions power generation,662769.024,204650.6329,8.932119846,2.758070945,1.02E-06,80961.32754,4707885.277,73843.41625,13029.16368,0.07960118,0.631019357,1.603838873,6.251374091,0.000169727,0.002682115,141601.143,254374.1809,237294.9342,25758.42657,3.281327937,1.531032981,65156.89696,4.28E-05,6.339905398,115805.8714,0.011782966,821926.5552,119769.511,55882.70287,415.2417137,9.74931103,0.352701622,1928.319373,26.96313905,7583067.166
SPS,2040,Tungsten,Other low emissions power generation,458822.0226,141820.1431,6.183531736,1.911306163,7.99E-07,61758.74425,3640219.358,50276.14461,10097.93599,0.061204647,0.490711553,1.229250261,4.84071627,0.000126502,0.001987667,114988.997,197169.1576,164080.5819,17810.96217,2.541687193,1.188258125,50439.32341,3.35E-05,4.745877995,88134.76625,0.008967529,630322.2852,92772.35697,43371.42083,320.6143039,7.281440089,0.273580397,1488.815504,19.7471676,5763904.624
SPS,2045,Tungsten,Other low emissions power generation,658165.0625,203577.9252,8.870072383,2.743614092,1.43E-06,98347.59767,5882363.276,69493.08265,16363.22674,0.097908849,0.795463656,1.953030522,7.823887117,0.000196126,0.003081251,199099.5443,318871.2804,235055.4878,25515.24212,4.114661837,1.926193709,81638.54778,5.28E-05,7.436701341,140337.798,0.01428104,1009731.64,150186.3575,70306.06918,526.7373899,11.44600044,0.441731904,2405.007575,30.17982475,9162001.342
SPS,2050,Tungsten,Other low emissions power generation,431280.8707,133462.446,5.812360392,1.79866971,9.93E-07,70778.95775,4303624.114,43568.43592,11995.26178,0.070959449,0.582643505,1.406744892,5.72114075,0.000139068,0.00219513,158099.5112,233055.3292,153811.9091,16696.22807,3.013904989,1.413934321,59694.00469,3.79E-05,5.287358904,99366.89759,0.010108831,731011.5584,110008.3839,51608.60185,396.8519716,8.245815608,0.323097811,1759.6218,21.0153171,6610231.637
SPS,2022,Vanadium,Grid battery storage,74220.17167,22172.58183,1.000263205,0.298819275,5.77E-08,1402.760698,27022.50321,2970.445584,12.48857755,0.08073128,0.051669143,2.25633398,0.198934384,7.71E-06,0.000143945,1723.85235,-1110467.565,27087.7024,2940.364812,0.019799672,0.024455122,298.9611029,6.67E-06,0.52420031,3709.83301,0.000367143,48456.69667,722.762569,892.6119356,28.57414873,1.215221962,0.11640747,8.169296195,4.527876915,-896795.8239
SPS,2030,Vanadium,Grid battery storage,90440327.33,27326850.4,1218.861795,368.2832107,0.000116735,2068705.32,33281041.02,4433424.532,18033.53836,125.8165884,80.94802007,3516.560067,309.9804099,0.008401358,0.147871467,2576022.155,-1737334155,33012982.9,3583530.078,29.97946354,38.20251976,450588.4316,0.010912281,754.1082187,4817783.978,0.471313292,69837299.69,1094335.257,1394391.951,37679.60079,1689.603712,176.4372134,12025.28872,6551.625792,-1462947375
SPS,2035,Vanadium,Grid battery storage,575324876,174744539.5,7753.637476,2355.027349,0.000845909,14726819.32,219572402.5,30875472.58,129124.277,914.469107,593.2520392,25560.21898,2253.972246,0.049597606,0.824645607,19164668.57,-12642502855,210084002.6,22804350.16,213.9510562,280.4899593,3233789.377,0.076862304,5321.433514,32277863.41,3.145611555,494012577.3,7809750.222,10237883.36,237182.045,11196.21061,1260.016106,85554.63988,46016.07518,-10827170298
SPS,2040,Vanadium,Grid battery storage,1024798584,312335866.1,13811.18224,4209.34187,0.001750372,29406239.52,418699345.7,58805337.59,261536.9284,1849.324443,1208.220412,51692.38222,4561.643896,0.08510865,1.331675102,41291401.91,-25582119173,374457201.1,40646703.14,428.9155102,575.3254229,6476656.904,0.146942551,10569.58837,61245520.24,5.962999033,983780596,15656407.17,20999377.61,426436.9741,20948.83167,2514.352722,170054.8164,90423.4803,-22192639937
SPS,2045,Vanadium,Grid battery storage,1078665307,329906817.1,14537.14257,4446.145093,0.002335465,34520667.47,475709886.2,66116205.01,313636.5953,2216.297013,1455.677447,61951.5695,5467.574963,0.0882579,1.302176443,52520536.98,-30676612835,394469515.1,42818821.28,509.1808309,698.0964393,7694523.331,0.163060453,12463.2703,69280318.58,6.742910577,1162545896,18586191.52,25480519.63,456698.7667,23352.89459,2979.83805,200828.4408,105525.7261,-26917301889
SPS,2050,Vanadium,Grid battery storage,1185025891,362810165.8,15970.56123,4889.582617,0.002682251,40777188.18,567378982.6,75610029.69,381463.2159,2678.101111,1766.097031,74862.36296,6608.114497,0.095377956,1.342472475,67157097.87,-37074839903,433760124.5,47083578.46,611.0978357,855.3233894,9246158.936,0.180924678,14958.51743,80739260.87,7.869761766,1396727224,22306353.32,31219303.21,496490.766,26454.88022,3570.010678,241023.1618,125312.7444,-32753851628
SPS,2022,Yttrium,Other low emissions power generation,20870.68686,6429.473196,0.281273671,0.086649833,8.88E-09,768.9918883,19834.10673,2227.076601,32.06909536,0.000490465,0.022164795,0.017319881,0.019792849,0.000238296,0.00133428,14270.91523,24029.53701,7514.589258,815.712265,0.045401588,0.035044529,24820.54287,2.56E-06,0.059647082,1121.536162,0.000113107,5605.997599,1657.308426,1279.1253,9.222634711,0.303675264,0.01489866,37.59112571,0.503687187,131324.867
SPS,2030,Yttrium,Other low emissions power generation,18858.57323,5821.534844,0.254156471,0.078456665,1.15E-08,712.0004355,19566.77409,2050.655353,32.0615023,0.00047623,0.022204437,0.016955191,0.019805193,0.00023778,0.001326571,14279.85371,24047.42867,6785.489086,736.5666351,0.045332184,0.035061865,24817.60127,2.53E-06,0.051965538,1034.498756,0.00010411,5223.688928,1654.774033,1279.758058,8.514310377,0.287266189,0.014852568,37.28969281,0.460305506,126947.4309
SPS,2035,Yttrium,Other low emissions power generation,17783.78012,5496.443276,0.239671514,0.074075415,1.14E-08,682.6572388,19426.08659,1943.178294,32.06671938,0.000467976,0.022251354,0.016740781,0.019784685,0.000237462,0.001321619,14296.29686,24054.67949,6396.061987,694.2937771,0.04529151,0.035093212,24816.33541,2.51E-06,0.048589821,996.1899888,0.000100175,5026.047006,1653.288863,1280.902214,8.212393223,0.279234196,0.014847673,37.14177998,0.437853528,124624.0222
SPS,2040,Yttrium,Other low emissions power generation,16825.59816,5204.281104,0.226758122,0.070137953,1.15E-08,664.719606,19305.98902,1824.253837,32.0783194,0.000461352,0.022278131,0.016571965,0.019772825,0.000237187,0.001317468,14330.60673,24060.92432,6049.222949,656.6441202,0.045259246,0.03513401,24815.35437,2.54E-06,0.046051003,966.392014,9.71E-05,4896.469391,1652.110657,1282.391342,8.158194119,0.273659537,0.014853566,37.02961591,0.418302049,122612.5784
SPS,2045,Yttrium,Other low emissions power generation,15991.58973,4947.581092,0.215518213,0.066678414,1.28E-08,651.1605366,19183.07597,1697.79407,32.08516827,0.0004534,0.022288863,0.016347068,0.019694369,0.00023694,0.001313838,14371.28252,24061.31238,5747.748723,623.918834,0.045209942,0.035158112,24814.51192,2.52E-06,0.043887792,942.1550365,9.47E-05,4800.003969,1650.310485,1283.271078,8.172075132,0.269186429,0.01484434,36.95216548,0.40112349,120843.2759
SPS,2050,Yttrium,Other low emissions power generation,15373.84348,4756.464466,0.207192864,0.064102741,1.21E-08,638.2201092,19112.13033,1593.388833,32.09103392,0.000447055,0.02229007,0.016169094,0.019626145,0.000236762,0.001311355,14414.74799,24057.54649,5524.489816,599.6840083,0.045167403,0.035195091,24813.92492,2.52E-06,0.042348239,925.0664021,9.29E-05,4723.216438,1648.757416,1284.620798,8.217923356,0.266237509,0.014839434,36.90588431,0.38842246,119543.6635
SPS,2022,Yttrium,Hydrogen technologies,0,0,0,0,0,0,0,0,0,0,0,0,0,0,0,0,0,0,0,0,0,0,0,0,0,0,0,0,0,0,0,0,0,0,0
SPS,2030,Yttrium,Hydrogen technologies,0,0,0,0,0,0,0,0,0,0,0,0,0,0,0,0,0,0,0,0,0,0,0,0,0,0,0,0,0,0,0,0,0,0,0
SPS,2035,Yttrium,Hydrogen technologies,0,0,0,0,0,0,0,0,0,0,0,0,0,0,0,0,0,0,0,0,0,0,0,0,0,0,0,0,0,0,0,0,0,0,0
SPS,2040,Yttrium,Hydrogen technologies,0,0,0,0,0,0,0,0,0,0,0,0,0,0,0,0,0,0,0,0,0,0,0,0,0,0,0,0,0,0,0,0,0,0,0
SPS,2045,Yttrium,Hydrogen technologies,0,0,0,0,0,0,0,0,0,0,0,0,0,0,0,0,0,0,0,0,0,0,0,0,0,0,0,0,0,0,0,0,0,0,0
SPS,2050,Yttrium,Hydrogen technologies,0,0,0,0,0,0,0,0,0,0,0,0,0,0,0,0,0,0,0,0,0,0,0,0,0,0,0,0,0,0,0,0,0,0,0
SPS,2022,Zinc,Solar PV,8716237.962,2608633.776,117.4684985,35.15648562,2.57E-06,498721.228,9537694.453,836794.0513,915.6046115,0.77325304,127.1769557,44.96124759,36.40815624,0.010058145,0.128980399,837415.0169,1258441.602,3148535.306,341775.0299,2.58686516,2.697425761,52360.03264,0.000612482,23.26517734,1184732.839,0.121908636,2690924.628,94443.58204,98456.03875,8094.176991,300.6997153,21.84236062,4301.412418,407.3036414,31918782.93
SPS,2030,Zinc,Solar PV,9225463.475,2777772.948,124.3313166,37.43596958,5.00E-06,620890.7584,13247680.27,1124746.862,1337.407022,1.077187434,181.6796179,63.53483279,52.02424036,0.010636481,0.13552131,1209938.374,1836936.954,3325270.403,360957.3738,3.43945476,3.87170394,69890.04363,0.000763415,25.65328738,1545659.844,0.159053803,3357466.277,125571.709,141317.1915,10726.11205,400.6176351,30.90401044,5527.968979,516.9358088,38987562.11
SPS,2035,Zinc,Solar PV,7918610.9,2394414.591,106.7189006,32.26945955,5.30E-06,597689.391,13447073.47,1107174.432,1399.364426,1.095504398,187.2326983,65.08802849,53.56099846,0.008629175,0.108839701,1253874.594,1919996.878,2849445.081,309305.4352,3.379078416,4.030849424,69917.05437,0.000689456,23.09340346,1529887.711,0.157483992,3254440.493,123368.2379,147126.0015,10504.92802,395.5235163,31.64075101,5435.891343,500.9667653,36940067.57
SPS,2040,Zinc,Solar PV,6753457.97,2047960.092,91.01616668,27.60030181,5.45E-06,574064.4084,13194068.89,1043732.329,1418.236168,1.076868534,185.5013782,64.26333338,53.03313687,0.006471166,0.08051209,1279600.288,1924636.745,2426554.557,263400.1889,3.214994917,4.053413526,68026.22764,0.00063068,21.23617965,1478827.528,0.152313074,3125108.216,117378.3757,147949.5911,10068.65042,380.2457362,31.23373687,5251.021951,475.1945657,34461890.98
SPS,2045,Zinc,Solar PV,6221916.576,1889249.05,83.85259798,25.46135747,6.26E-06,592199.3212,13690239.47,1027268.44,1511.902064,1.118051349,194.2639049,67.01319977,55.39676796,0.0049327,0.060063886,1386914.627,2026324.325,2232849.265,242373.0353,3.216005271,4.295257803,70320.05494,0.000572375,21.12907427,1524265.773,0.15711321,3207530.029,117416.2508,156776.907,10190.39736,387.9630881,32.60208964,5447.054435,481.0548011,34403188.09
SPS,2050,Zinc,Solar PV,6300884.814,1912637.704,84.91685075,25.7765657,6.56E-06,639772.2271,14934487.38,1059907.338,1681.247974,1.217390235,212.9849974,73.21940099,60.58957025,0.003939347,0.046769267,1566397.855,2222343.833,2259522.981,245268.2032,3.369304632,4.771886466,76521.82463,0.000597034,22.29453225,1655061.453,0.1706933,3461594.811,123014.4477,174173.8527,10610.21919,415.0800199,35.63789387,5962.04918,516.8552702,36650265.61
SPS,2022,Zinc,Wind,587592836.7,175857351.2,7918.972443,2370.024683,0.000173276,33620585.2,642970162.5,56411285.74,61724.18804,52.12775849,8573.454336,3030.998824,2454.404285,0.678055625,8.69503091,56453147.26,84836058.16,212254048.1,23040279.55,174.3898508,181.8431371,3529777.438,0.041289577,1568.388978,79867086.3,8.218298027,181404872.4,6366780.315,6637274.401,545657.4774,20271.2454,1472.471804,289973.6257,27457.79809,2151759542
SPS,2030,Zinc,Wind,599647091.1,180552822.3,8081.427297,2433.305418,0.000325275,40357358.54,861087679.4,73107566.42,86930.29162,70.01624505,11809.01693,4129.708796,3381.530313,0.69136201,8.808767134,78644940.52,119399302.2,216139680.1,23461914.92,223.5615638,251.6573841,4542791.966,0.04962134,1667.441337,100466543.7,10.33835866,218232383.8,8162051.721,9185494.367,697187.9411,26039.79736,2008.733763,359313.1691,33600.37735,2534157581
SPS,2035,Zinc,Wind,445150946.8,134603901.5,5999.287024,1814.053077,0.000297772,33599579.73,755937823.4,62240682.48,78666.37304,61.58464232,10525.43356,3658.974771,3010.973701,0.485095885,6.118509501,70487547.61,107934136.3,160183798.9,17387848.58,189.9575538,226.5973742,3930442.263,0.038758317,1298.213859,86003842.3,8.853086616,182950934.8,6935242.63,8270804.017,590542.8002,22234.6659,1778.709732,305582.912,28162.24117,2076614985
SPS,2040,Zinc,Wind,337421072.6,102321639.3,4547.414483,1378.985918,0.00027234,28681814.45,659211458,52147697.3,70858.92458,53.80327194,9268.151851,3210.770389,2649.67932,0.323316976,4.022602329,63932300.09,96160070.54,121237245.4,13160187.66,160.6298637,202.5195308,3398774.79,0.0315105,1061.017118,73886233.23,7.609974194,156138880.4,5864541.927,7391962.743,503057.0766,18998.10804,1560.522186,262355.2951,23742.00902,1721809519
SPS,2045,Zinc,Wind,330931471.9,100485431,4459.954313,1354.239389,0.000332869,31497913.97,728156837.7,54638382.33,80415.08901,59.46694622,10332.51398,3564.299933,2946.444835,0.262360607,3.194679655,73767253.75,107776194.6,118760848.8,12891343.74,171.0529778,228.4562915,3740185.038,0.030443517,1123.81379,81072690.34,8.356541788,170602196.4,6245138.815,8338654.488,542007.138,20634.99152,1734.040851,289718.0828,25586.35614,1829837725
SPS,2050,Zinc,Wind,382913283.4,116233577.5,5160.511753,1566.476725,0.000398715,38879822.65,907588976.4,64412000.99,102171.7109,73.98244945,12943.38606,4449.641927,3682.110048,0.239399446,2.842231528,95192114.03,135054837.4,137314264.4,14905280.1,204.7571948,289.9939879,4650334.673,0.036282558,1354.868847,100580320.7,10.37326248,210365793.7,7475754.195,10584780.36,644797.3558,25224.97363,2165.762962,362321.7842,31409.9931,2227286160
SPS,2022,Zinc,Other low emissions power generation,13248017.91,3964924.678,178.5431718,53.43518079,3.91E-06,758018.2861,14496569.22,1271863.232,1391.649281,1.175285734,193.2992874,68.33767229,55.3376248,0.015287615,0.196040384,1272807.052,1912735.398,4785533.887,519472.0173,3.931838039,4.099881733,79583.2621,0.000930925,35.36129779,1800703.691,0.185291843,4090000.506,143547.0523,149645.6809,12302.53261,457.0406673,33.19872472,6537.8193,619.0705166,48514119.26
SPS,2030,Zinc,Other low emissions power generation,11737397.27,3534112.374,158.1845791,47.62913522,6.37E-06,789948.55,16854793.98,1430995.937,1701.559773,1.370486901,231.1478288,80.8342665,66.18953927,0.013532611,0.172421414,1539383.621,2337103.047,4230683.897,459239.8102,4.375958675,4.925901814,88919.8911,0.00097128,32.63823288,1966516.229,0.202361396,4271646.149,159762.7089,179795.4132,13646.64644,509.6988732,39.31863682,7033.139115,657.6884694,49603199.5
SPS,2035,Zinc,Other low emissions power generation,8142501.499,2462114.207,109.736268,33.18184541,5.45E-06,614588.4453,13827275.68,1138478.653,1438.930019,1.126478661,192.5265108,66.92832571,55.07538074,0.008873156,0.111917032,1289326.612,1974282.82,2930010.217,318050.729,3.474618392,4.144817556,71893.88735,0.00070895,23.74634575,1573143.717,0.16193669,3346456.459,126856.3482,151285.8382,10801.94408,406.7065379,32.53536079,5589.585593,515.1310866,37984510.08
SPS,2040,Zinc,Other low emissions power generation,7891019.678,2392921.294,106.3470544,32.24933443,6.37E-06,670760.6033,15416495.92,1219540.032,1657.12581,1.258257744,216.7474843,75.08793724,61.96611106,0.007561177,0.094073657,1495137.912,2248825.194,2835286.729,307767.6773,3.756533063,4.73617605,79484.65856,0.000736913,24.81323083,1727923.262,0.177968897,3651505.723,137149.75,172870.4228,11764.62768,444.2948486,36.49479027,6135.511278,555.236989,40266699.08
SPS,2045,Zinc,Other low emissions power generation,8851221.761,2687622.391,119.2876714,36.22101301,8.90E-06,842455.4483,19475565.77,1461379.409,2150.813223,1.590526055,276.3574345,95.33215124,78.80675866,0.007017199,0.085446144,1973007.638,2882623.986,3176423.817,344796.8899,4.575049422,6.11038076,100036.4426,0.000814254,30.05796039,2168401.684,0.223507314,4562992.648,167034.9099,223028.8937,14496.73356,551.9115028,46.37933051,7748.912438,684.3426253,48941550.95
SPS,2050,Zinc,Other low emissions power generation,8671022.406,2632094.519,116.8591297,35.4726654,9.03E-06,880428.6191,20552236.47,1458601.537,2313.665347,1.67532312,293.1013246,100.7615732,83.38091184,0.00542117,0.06436197,2155613.266,3058299.547,3109463.983,337528.1644,4.636700529,6.566876825,105306.2348,0.000821614,30.68083203,2277628.518,0.234901204,4763706.535,169287.4991,239690.9996,14601.35378,571.2163067,49.04342571,8204.730534,711.2752828,50436610.67
SPS,2022,Zirconium,Other low emissions power generation,669212.264,201817.3634,9.018955212,2.719887052,8.29E-07,18376.67046,197466.3501,60956.70092,323.5446341,0.012119164,0.214085669,0.379997449,0.157342442,0.000236309,0.00340069,236322.4157,678163.7551,241962.7997,26265.04979,0.252914347,0.411555157,1981.42137,0.000181224,2.855261765,42177.34347,0.004276566,110431.052,9231.899304,15021.76289,442.1222291,18.45519199,1.091047666,1565.818397,16.45655485,2511737.467
SPS,2030,Zirconium,Other low emissions power generation,876349.684,264656.6524,11.8105405,3.56677042,1.74E-06,26304.20694,283132.3453,83096.31581,526.7862043,0.017792627,0.353035656,0.567777496,0.25607896,0.000324586,0.004704914,389778.309,1114218.83,316602.3576,34366.97,0.407330383,0.676501767,2973.550339,0.000296096,4.030453009,60312.29389,0.006097439,147665.5129,14868.26166,24692.31391,652.962157,28.51122007,1.776768194,2542.85882,22.39031523,3642769.824
SPS,2035,Zirconium,Other low emissions power generation,481437.8267,145425.109,6.488324303,1.959890191,1.09E-06,15478.25279,167811.5228,46106.13799,333.9266693,0.010663009,0.226307654,0.343807983,0.161403472,0.000183074,0.002656699,249416.7357,707463.4927,173842.2661,18870.39873,0.255953379,0.431671067,1807.293361,0.000186507,2.356269274,35645.38926,0.00360052,84580.76779,9342.697023,15755.99356,392.5165399,17.49047939,1.123859802,1604.759441,12.67696936,2155333.275
SPS,2040,Zirconium,Other low emissions power generation,318925.3454,96216.7527,4.298148078,1.296710528,8.50E-07,11285.92927,122340.5254,29797.00957,257.3651935,0.007839719,0.175253379,0.255215094,0.123988597,0.000125748,0.001836685,194520.783,544834.3307,115109.3661,12494.96333,0.195759842,0.334828956,1342.706364,0.000144012,1.692573201,25837.91193,0.002609433,59869.24876,7145.510705,12221.25662,297.1123102,13.12271567,0.863343022,1229.599137,8.717661711,1553739.377
SPS,2045,Zirconium,Other low emissions power generation,445159.7742,133917.8723,5.999405991,1.80480748,1.55E-06,17501.40108,189137.0095,38635.16464,418.8042886,0.012123352,0.285792046,0.397815443,0.197638342,0.000183016,0.002698681,320537.0365,885719.6537,160616.3839,17434.62063,0.315859948,0.548211645,2117.185334,0.000232124,2.572099844,39890.17297,0.00402994,89484.0523,11529.29121,20009.72458,480.6062758,20.88800485,1.400766704,1992.478885,12.67740989,2374602.995
SPS,2050,Zirconium,Other low emissions power generation,283319.1623,84914.80853,3.81828453,1.144394538,1.06E-06,12078.40586,133630.8236,22229.8028,303.3911824,0.008463224,0.207129092,0.279511164,0.140809981,0.000121049,0.00180756,234928.8329,640312.7985,102196.5631,11093.21916,0.227273872,0.400155855,1498.537579,0.000166776,1.771811704,27808.31371,0.002811095,60697.03948,8295.766504,14605.68837,347.970699,14.89106129,1.011935576,1438.371765,8.387125197,1639715.022
SPS,2022,Zirconium,Hydrogen technologies,173995.1886,52472.51449,2.344928355,0.707170634,2.15E-07,4777.934319,51341.25103,15848.74224,84.12160487,0.003150983,0.055662274,0.098799337,0.040909035,6.14E-05,0.000884179,61443.82808,176322.5763,62910.32793,6828.912945,0.06575773,0.107004341,515.1695563,4.71E-05,0.742368059,10966.1093,0.001111907,28712.07351,2400.293819,3905.658351,114.9517796,4.798349919,0.283672393,407.1127831,4.278704261,653051.7413
SPS,2030,Zirconium,Hydrogen technologies,683980.2412,206561.2897,9.217982833,2.783820816,1.36E-06,20530.11273,220981.3427,64855.66112,411.1502082,0.013886928,0.275540024,0.443143411,0.199866505,0.000253335,0.003672128,304217.2168,869634.2086,247104.2791,26823.00098,0.317916397,0.528001379,2320.819777,0.000231099,3.145719422,47073.00987,0.004758977,115251.132,11604.49691,19272.04988,509.6290006,22.25265957,1.386745907,1984.670299,17.47536799,2843137.424
SPS,2035,Zirconium,Hydrogen technologies,657347.8018,198561.2065,8.859058183,2.676003915,1.49E-06,21133.76824,229127.2716,62952.61148,455.938337,0.014559109,0.308996989,0.46943013,0.220377818,0.000249967,0.003627415,340549.7738,965959.7689,237361.5556,25765.35211,0.349474806,0.589397033,2467.65055,0.000254654,3.217213816,48669.6661,0.004916095,115485.2791,12756.37478,21512.99121,535.9360449,23.88123147,1.534500884,2191.113852,17.30893894,2942858.894
SPS,2040,Zirconium,Hydrogen technologies,446495.4836,134703.4538,6.017407309,1.815394739,1.19E-06,15800.30098,171276.7356,41715.81339,360.3112709,0.010975607,0.245354731,0.357301132,0.173584036,0.000176047,0.002571359,272329.0962,762768.0629,161153.1125,17492.94866,0.274063778,0.468760539,1879.788909,0.000201617,2.369602481,36173.07671,0.003653206,83816.94826,10003.71499,17109.75927,415.9572342,18.37180193,1.208680231,1721.438792,12.20472639,2175235.128
SPS,2045,Zirconium,Hydrogen technologies,369825.0432,111254.8478,4.9841219,1.499378522,1.28E-06,14539.62552,157129.2079,32096.90601,347.9297167,0.010071708,0.237427239,0.330492829,0.164191854,0.000152044,0.002241981,266292.3072,735828.6354,133435.1497,14484.14637,0.262406726,0.455437367,1758.892431,0.000192841,2.136821409,33139.52831,0.00334795,74340.59729,9578.180389,16623.4635,399.2729061,17.35311172,1.163713877,1655.29015,10.53200206,1972747.104
SPS,2050,Zirconium,Hydrogen technologies,440048.9116,131888.9579,5.930527036,1.777463857,1.64E-06,18760.07719,207554.258,34527.14052,471.2246024,0.013145008,0.321711144,0.434134361,0.218704864,0.000188013,0.002807486,364889.4638,994528.3892,158730.832,17229.8936,0.352999844,0.621518669,2327.515814,0.000259034,2.751962859,43191.63618,0.00436617,94274.12515,12884.91393,22685.43087,540.4651282,23.12866966,1.571729725,2234.066784,13.02681148,2546791.417
