Scenario,Year,Metal,Technology,"Climate change, long term","Climate change, short term",Fossil and nuclear energy use,Freshwater acidification,Freshwater ecotoxicity,Freshwater eutrophication,Human toxicity cancer,Human toxicity non-cancer,Ionizing radiations,"Land occupation, biodiversity","Land transformation, biodiversity",Marine eutrophication,Mineral resources use,Ozone layer depletion,Particulate matter formation,Photochemical ozone formation,Terrestrial acidification,Water scarcity
NZE,2022,Aluminium,Electricity Networks,117360196848.04475,125740524296.03365,1191770128497.1592,395753158.8923459,34824642016252.883,748118.483567511,1023.3861156305758,10294.034008921943,400204594737.4111,1382907933.5873573,6799043.994048282,8226673.925690746,640743598.5142623,927.4821856275217,109918506.19987267,210609520.6902421,658004478.3175817,14118634787.639797
NZE,2030,Aluminium,Electricity Networks,123955879407.61472,131699332448.25696,1250883277057.9502,544429443.0206124,42497414436726.586,992939.210690314,1499.6580030653881,15194.823027213972,688968748079.2489,2125931540.6624722,12881781.133042093,9548903.786671134,934751188.8917971,1137.830775037449,118756545.8054149,244952570.52034178,826594153.518523,18575787318.210125
NZE,2035,Aluminium,Electricity Networks,132925466138.86716,140669163757.5457,1312406815226.6267,657076215.1533973,49521377171555.93,1229476.299366122,1843.63636614621,18937.69713919727,838292003871.6997,2978119731.959513,17237535.903836496,10905835.19926147,1161844520.3086329,1285.366300318776,132051404.53148866,278639499.9038503,971098191.8898057,21803452560.77101
NZE,2040,Aluminium,Electricity Networks,134912499612.81265,142070889293.78156,1334989412524.3677,733231053.4096594,52628768367158.24,1378231.1124908489,2054.430767458458,21498.30287756076,915312822712.2825,3758702868.3456907,19666286.08775583,11598861.43582526,1313372968.8735366,1538.6811391083922,138055149.9309461,295640260.8215187,1053717458.9104478,23219717573.904877
NZE,2045,Aluminium,Electricity Networks,111496670582.24211,116804057005.35245,1110500918718.2358,659865554.5888976,45656264395172.6,1221254.5651296969,1866.2630163636568,19854.10390223174,833419990241.6356,3554778555.6068006,17987240.497782536,10020732.305006472,1219430730.1632962,1415.5111476170957,117835319.98443332,255326374.9567694,930156586.9366999,20938759372.940033
NZE,2050,Aluminium,Electricity Networks,80402321621.19423,83699368445.49026,809023667284.1335,518569678.41574764,34532723867830.047,934035.6632584902,1481.535784202068,15834.448851346015,664358041905.667,2778290291.326372,14436948.413480368,7548234.897657468,979489427.2079263,1116.7787332079479,87712878.05166115,192949827.71071464,718045140.6437794,16261519871.69182
NZE,2022,Arsenic,Solar PV,0.0,0.0,0.0,0.0,0.0,0.0,0.0,0.0,0.0,0.0,0.0,0.0,0.0,0.0,0.0,0.0,0.0,0.0
NZE,2030,Arsenic,Solar PV,1469711.7122880826,1577737.2407589762,26764725.51593712,14911.800572353575,1312413564.0347269,163.76407248902228,0.6194552685370833,1.8710543205804284,43843835.468112096,122649.78885228894,709.0807437822219,438.86193471408535,306265.9484648406,0.19882644206882633,1487.337913431816,8379.589233581479,15159.644112610293,2248089.5447592526
NZE,2035,Arsenic,Solar PV,6467834.186672893,6967218.951692116,121493260.05588472,82576.54926510071,7476721987.35838,977.5517632417095,3.6238885497468014,10.966179735926076,203613279.0728665,893916.2817030186,4144.771407565048,2488.54940288181,1795291.1452197225,1.139993333345861,7110.0671638124695,45996.34405968683,82578.07035014834,12794989.521305256
NZE,2040,Arsenic,Solar PV,27460232.700754892,29597522.439617425,505414474.4333409,387478.07717807114,35487812862.732,4741.391935113265,17.17472694060503,52.288650027709494,776014578.2364404,5284789.830992793,18804.83520458433,11822.825521870385,8545470.336882137,5.735433420323472,33497.08191305435,214729.99816966837,386771.80614755244,59753768.11540723
NZE,2045,Arsenic,Solar PV,20503295.031333562,22109184.454389367,368178415.24577737,314393.1213648317,28957290784.068928,3909.1505495046677,14.002352677017528,42.67008542219582,523806303.1105755,4801285.987701455,14776.527845240389,9681.309360762112,7002573.731869594,4.7363027156238795,27724.272311011955,174080.56019420509,313277.91232794255,48362852.539851874
NZE,2050,Arsenic,Solar PV,24812693.905360498,26764383.06405148,437890613.11605096,397311.11011032166,36822010708.478714,4974.007537630228,17.754094201105904,54.02242404590304,578534983.8479688,6204003.3992235465,18384.53571293242,12301.306905128082,8895511.766239181,6.003787282452477,35324.195924924934,220162.3375205873,394961.22753385844,61100415.4570686
NZE,2022,Boron,Wind,589725.9683634165,631141.2071302475,9071369.933014985,6764.458572353653,275041961.6123726,23.594624952669236,0.011060492210703548,0.21408181005851232,4062315.028155898,21533.433484508278,129.8178871707117,102.1804638769203,22986.32182624806,0.013463183875891965,752.3246486927035,2728.448639184666,8450.470187056773,329711.2085922169
NZE,2030,Boron,Wind,1380655.783758084,1470902.9600186525,23679869.384006012,22102.42080094876,830760283.1945426,80.82818137939097,0.0370849886710557,0.7200999202080363,13666770.235931046,80592.9359771475,470.13606212977857,316.16289005361796,76809.89961567905,0.04232118254792542,1981.9483723728938,8315.436252006064,26567.01072151722,1084678.6732068146
NZE,2035,Boron,Wind,1194024.9084264822,1271416.0868945972,20959998.172297053,21884.879553794493,817011447.9722624,83.13003657558943,0.03676733409107036,0.7244657100849521,12373675.800284067,103502.07852310129,474.0922441388252,311.653985165271,76946.95748495066,0.04064241367876156,1850.818908065063,8085.689673296465,26095.624851806217,1071999.393287274
NZE,2040,Boron,Wind,981726.8514639954,1045033.3322975638,17286886.37374242,19281.632234338045,726202420.0428058,76.48015534379834,0.03241159275576308,0.6474640260278481,9874948.32862431,124572.19611869963,410.72497987206424,277.20703970594656,68661.62515236536,0.04153020852906338,1636.852470254395,7104.194107025219,23001.642445104284,942925.1589904386
NZE,2045,Boron,Wind,899697.3920007574,957375.5315664258,15865970.26193807,18863.552069446476,720124344.5652738,76.86110838728568,0.03176240298092177,0.6375163961029908,9076084.64789172,146883.2263794374,400.70138093216013,272.724869244997,68127.09804627913,0.041976722413708166,1610.992027582256,6920.524845944933,22492.359830349447,925447.9625742685
NZE,2050,Boron,Wind,1218319.1658568054,1296223.5403548619,21588331.875551455,26726.507059851745,1040428952.8318229,110.0319283820019,0.045060269362648495,0.9058909057084532,13006711.268083842,219168.69033518594,574.6999664734828,388.4812759411944,97091.57970789698,0.059769761699399813,2291.290370623373,9795.652812554925,31859.69575395473,1322682.7654006956
NZE,2022,Cadmium,Solar PV,3433162.7029925897,3693167.970819523,50563228.8302006,23338.591980947538,2218041878.3216457,38.29226150091533,0.9675006605008006,3.025172706920752,77179381.95666651,143588.18993209535,853.5369920180533,633.6714268109353,414112.7256337141,0.05029924664245425,2889.05201546662,14205.569861949141,24230.700548013854,2794662.0361931585
NZE,2030,Cadmium,Solar PV,2952725.67191565,3176594.731514764,56410645.22120743,38667.59114985146,4138476752.4687114,81.53805007835359,2.1490115364303812,6.594090120979962,139844933.79684675,335408.58735775255,2115.3511913760353,1159.466473870707,918306.40967861,0.0690962159117568,2929.0788671941887,24741.51423507582,36853.529458084144,5683506.661066888
NZE,2035,Cadmium,Solar PV,1836574.443379631,1982048.4063540746,37880291.101196215,33740.82161359711,3821381789.386474,83.39655836274432,2.047365618052372,6.27215726118079,105442084.2833815,377194.51589305577,2062.0254712283845,1064.4219473322598,875269.3297799424,0.05362969619604654,2214.681366287701,22265.806202197295,31881.197360457867,5175466.994804314
NZE,2040,Cadmium,Solar PV,1146853.1231243717,1238496.8750932845,23166121.02880027,23813.159091493813,2757942990.217893,65.4796370985211,1.4847794972554502,4.5539782338948385,62058467.87725547,327882.5384662899,1481.433743861626,769.6124143579739,635328.9283834435,0.044977648378861916,1558.1183927535287,15937.242875196791,22472.12707419662,3659341.7829603245
NZE,2045,Cadmium,Solar PV,652499.575119874,705173.1210273317,12822985.87032802,14867.589367854736,1736570144.190724,42.96212683797293,0.936898315752661,2.869694976954503,32875657.22916945,228686.62084587896,924.1945563472992,485.53114185164145,401630.3675384401,0.028973954419992846,975.5238704752466,10002.041876499057,13986.758400255167,2278935.9057608247
NZE,2050,Cadmium,Solar PV,491520.2476665775,531485.9905075802,9453402.03131274,11852.879557660126,1390698168.2390728,34.76429465273491,0.7494674464803207,2.291865187793717,23278718.750892762,186566.0084568226,734.7804842485651,388.4651162934775,321518.5267393081,0.023094572157762065,777.1465942846029,7982.069163458688,11119.6373596559,1812007.5520110521
NZE,2022,Cadmium,Other low emissions power generation,102482.46874604681,110243.8200244627,1509350.114334345,696.674387490971,66210205.32303419,1.143052582116848,0.028880616731367263,0.0903036628931568,2303862.1479601935,4286.214624838664,25.478716179643385,18.915564979430904,12361.573899513842,0.0015014700489748604,86.24035867064532,424.0468615507204,723.3044939705622,83422.74734904885
NZE,2030,Cadmium,Other low emissions power generation,59450.85245467752,63958.28318486106,1135784.8031115597,778.5421036882849,83325035.2846049,1.6417057062755904,0.043268688652960734,0.1327669151875158,2815669.8079902013,6753.193034048859,42.590963584755684,23.344962561155196,18489.390798898206,0.0013911989780890635,58.97474229250051,498.1512933236742,742.017371639279,114433.02002147271
NZE,2035,Cadmium,Other low emissions power generation,38800.86852210485,41874.26210607197,800287.8401661167,712.8342594421927,80733418.08562973,1.7618991203397023,0.04325420319828962,0.13251036467283359,2227649.6679587634,7968.898223092704,43.56391840623344,22.48778761969564,18491.605558731135,0.001133021750620675,46.78904294974019,470.4043563844496,673.5464231082653,109340.8520029156
NZE,2040,Cadmium,Other low emissions power generation,33403.48902303995,36072.72451728011,674741.389188356,693.5871580046723,80328436.60828803,1.9071738960734326,0.04324600477443065,0.13264014273480104,1807528.190599671,9549.976848532699,43.14855564645507,22.41589556382446,18504.726069420685,0.0013100285935585686,45.382089109325946,464.1915400542753,654.5279730348504,106582.77037749249
NZE,2045,Cadmium,Other low emissions power generation,20076.910003688477,21697.634493148722,394553.41139470926,457.46428824168424,53432927.51356094,1.3219115950170797,0.02882764048469726,0.08829830698321546,1011558.6839744437,7036.511410642437,28.43675557991696,14.939419749281637,12357.857462721002,0.0008915062898459347,30.01611909154609,307.7551346615096,430.3617969309283,70121.10479263429
NZE,2050,Cadmium,Other low emissions power generation,18904.624910252704,20441.768865675862,363592.38581971684,455.87998298692514,53488391.08611794,1.3370882558744115,0.028825671018473845,0.0881486610689889,895335.3365727969,7175.615709877758,28.260787855713996,14.940966011287232,12366.097182281066,0.0008882527752985358,29.890253626330523,307.0026601330257,427.67835998676185,69692.59815427064
NZE,2022,Chromium,Wind,258230005.96782297,280110095.0092545,3327475676.6166043,1304225.7335619745,166492342450.67282,16028.02097491937,57.59690940712486,10.494795516870735,3124721780.37452,4930102.954283586,32274.66897183109,24601.343026749026,62077144.083225474,1.771339918376392,529795.488038756,472312.40963254945,1514572.7297370308,37300779.91077215
NZE,2030,Chromium,Wind,417972037.9680003,455210906.5705715,5498223910.528298,1938061.9443270047,372977834169.59735,39082.90417297785,140.85493207037368,19.712057613796638,7352758106.724177,12891510.853378698,83952.62380125804,50335.811452876624,151803697.56199628,2.9887508560978393,1006348.2701497368,840169.8348481506,2244730.378067821,75661867.72160123
NZE,2035,Chromium,Wind,377158064.962561,411794811.2512823,4690022283.94786,1391155.3751347559,395018624993.6815,42490.53309586837,151.97146490319864,20.971781554521588,6695349972.014386,16794167.163414475,91487.54468889382,52323.1448970299,163880796.44660395,2.67214379629901,987838.066566272,807678.8204687868,1783661.1226015065,74414824.39804165
NZE,2040,Chromium,Wind,309368353.3864821,338109511.87898564,3630289673.301951,853130.8261413311,344520914144.6259,37476.07362045575,132.9511256695483,19.019494835384897,4669242617.287447,17556259.53158485,78741.59757350359,45717.209460208345,143482836.3864515,3.1219376171585718,838223.0126343673,681843.9492311666,1280333.1345990077,60808805.7582788
NZE,2045,Chromium,Wind,260176535.72417185,284441191.1424902,2930906652.474631,655251.0333095547,297387486598.62555,32435.297124923938,114.73892710311142,16.82534996137806,3334331343.960518,16205802.261052247,67191.20922891637,39504.605518325945,123934741.08289902,2.818336372108863,718877.5404822828,581545.0921812104,1044440.4115617328,50814913.74569067
NZE,2050,Chromium,Wind,328781974.8084473,359481756.77413166,3617452390.8977594,834102.6309766083,379116720106.17303,41317.53878531868,146.11019901215377,21.64368728144891,3686428159.3686485,20658819.244013604,85143.6310331485,50318.151889676905,157878777.3085836,3.525122530639917,915009.0744427571,737777.4166980163,1329970.7186683135,63722384.77289955
NZE,2022,Chromium,Other low emissions power generation,607098055.538894,658538086.5387233,7822886444.027807,3066231.222284534,391423053200.5402,37681.834578212,135.41018045157927,24.6732362789954,7346212574.544016,11590658.900906611,75877.66070222529,57837.69186391793,145943200.22991407,4.164415425379169,1245547.7798412228,1110405.2157693068,3560756.4494660553,87694034.1190761
NZE,2030,Chromium,Other low emissions power generation,1804561370.709556,1965337254.4165742,23738148907.488853,8367429.878269786,1610302437803.0225,168737.36211774673,608.1300809590861,85.10525699276943,31744954308.5985,55658083.27558768,362458.84441929165,217320.9034575057,655400514.0703381,12.903696543456753,4344829.435531828,3627367.122865931,9691446.699670278,326664157.7028875
NZE,2035,Chromium,Other low emissions power generation,1319509511.8769886,1440688191.1476393,16408316802.660809,4867038.307059202,1381995723992.9946,148655.61098445105,531.6810433141758,73.37100227445653,23424072806.96824,58755374.4035073,320074.51689320314,183055.57747996756,573346535.0839988,9.348651093194517,3456009.1540340153,2825711.512375962,6240242.582301666,260344608.10915458
NZE,2040,Chromium,Other low emissions power generation,1017354840.0999768,1111869862.0224056,11938172504.298805,2805512.476349157,1132953696407.4563,123239.70589869519,437.20849180614766,62.5454249448141,15354759219.227953,57733589.79027879,258940.98259149722,150340.6014580404,471841920.71084607,10.266461680837445,2756488.2757139136,2242237.2370991167,4210363.138848398,199969170.02563792
NZE,2045,Chromium,Other low emissions power generation,783316785.8827102,856370690.7628143,8824117718.181257,1972772.5712456773,895348266190.8243,97653.35917908975,345.44593863500256,50.656293875290544,10038713537.9037,48791013.7801056,202293.4232184781,118937.01534632251,373131892.0595615,8.48520095169971,2164333.700910039,1750865.1623226646,3144509.9534183154,152989103.33863783
NZE,2050,Chromium,Other low emissions power generation,612686802.7278076,669895995.1354952,6741140053.953659,1554354.2933509327,706485844419.643,76995.43367518148,272.2770636402301,40.333116094449004,6869676732.628779,38497809.735830955,158665.56887958513,93768.11979555545,294207866.30449486,6.569082912102614,1705123.8426738067,1374851.7899280959,2478406.8768284386,118746972.70565212
NZE,2022,Cobalt,Low emissions power generation,167710.57858061406,178066.54394539405,1869523.5549353599,729.6217956927271,43444558.95910298,7.147194738598484,0.004397313837153997,0.019608915404667124,996680.3507842104,3602.265461777924,30.167300045475024,16.681297746588722,11678.214470451396,0.006106430656521584,292.2458897656782,594.6892563568883,1129.3679901597552,117793.5620858345
NZE,2030,Cobalt,Low emissions power generation,420301.1201547409,442954.82809404936,4837310.680561206,2161.891755517068,114651333.17743833,22.350704063781926,0.013682526590580554,0.0592201253142616,3339237.525848731,12166.287992593767,98.77667006569938,45.51424991804689,36434.06302974376,0.018951519596631796,772.1606686542685,1542.2483258928448,3164.1924269365304,363074.2685874805
NZE,2035,Cobalt,Low emissions power generation,346599.65515988163,364752.50441086735,3971655.015890358,1890.8249372911027,99844778.14506698,20.133078829610977,0.012058466086913765,0.053553217083633566,2930060.8395057423,14329.993973992494,86.57008221502946,39.023558315408195,32349.432190694075,0.01672616461871938,639.6163557621667,1236.8431210858546,2724.497486050096,320308.71870765276
NZE,2040,Cobalt,Low emissions power generation,240395.38306133612,252818.46483685588,2715953.1846658397,1369.6764584483917,73855385.49016969,15.165148988917828,0.008753531744722721,0.04043873473847956,2116837.228102963,16061.807017067353,60.85366468600755,28.253850748272548,23664.08607361069,0.013509588355065874,448.87546952735795,835.9274760366326,1959.3969733774716,232473.89444473028
NZE,2045,Cobalt,Low emissions power generation,160122.05726320273,168264.90629625972,1762385.9675464826,976.8420642438527,54678153.7226021,11.356820932061545,0.006249466536637102,0.02988244002648951,1502311.2708803925,17964.120919179873,42.889112059908015,20.29921831985755,16984.96936884795,0.009724233414451946,314.6445290196336,570.6740506651929,1388.4680780983238,166631.59606302285
NZE,2050,Cobalt,Low emissions power generation,126585.34943789558,132922.60168553158,1351433.884122979,844.2542033182085,51033855.01889075,10.05235835643407,0.005380862244125282,0.026825285863343207,1284681.832901257,19104.85852924639,38.60621014824885,17.577395629766073,14609.49241319735,0.008182702599199562,264.2552122614091,469.3398177740024,1190.0081409673357,146429.52908708522
NZE,2022,Cobalt,Electric vehicles,628777660.3683593,667604070.2945051,7009186044.342192,2735485.677362418,162881604542.97226,26796.141447767288,16.486334552248135,73.51741348015926,3736737088.4119835,13505552.65059644,113102.7303272132,62541.23894734748,43783763.875579,22.894126380392365,1095683.3395622987,2229598.886504031,4234207.3383655455,441629627.6694832
NZE,2030,Cobalt,Electric vehicles,1938116469.1026747,2042578537.6959052,22306082583.625504,9969038.422363257,528686759040.66754,103064.83986078254,63.09364608492221,273.0792155196697,15398082309.917206,56101880.284332566,455484.6081470632,209877.90209206488,168006827.0298068,87.39032680006021,3560631.26398806,7111703.339640123,14590904.377789548,1674228751.0385845
NZE,2035,Cobalt,Electric vehicles,1828291709.826994,1924046865.0939746,20950234172.897778,9973984.411464032,526675019534.9617,106200.7436230469,63.607661611102245,282.4899026036464,15455889417.102692,75589830.49892542,456651.8208443487,205846.85268397006,170641250.82459897,88.22948221197714,3373936.6537173623,6524270.84382038,14371555.461854475,1689608648.7113352
NZE,2040,Cobalt,Electric vehicles,1837865601.3580644,1932842278.39458,20763946750.68553,10471420.939602474,564637601350.2278,115940.2701968312,66.9223122305843,309.16134324980794,16183598352.269274,122795380.82804114,465237.1256833203,216005.7307877076,180916160.81981373,103.28321372107335,3431733.065053461,6390814.723117227,14979939.510139186,1777304407.3175917
NZE,2045,Cobalt,Electric vehicles,1797615040.4835432,1889030977.453109,19785478506.506523,10966546.501306303,613845919778.9036,127497.68812921416,70.1598220337082,335.4761021441719,16865742185.55931,201674738.04250172,481495.8927560111,227889.7784947504,190682264.02690682,109.16939578322881,3532366.1676531313,6406689.210863446,15587678.194254706,1870694571.518723
NZE,2050,Cobalt,Electric vehicles,1611768074.2799394,1692458145.4197257,17207346652.688324,10749600.7834029,649796667561.7091,127993.24994612075,68.51268346369251,341.5572144008789,16357415554.582422,243255646.70642555,491559.7046751266,223806.98264726196,186017683.38585663,104.18756095615637,3364671.4764094325,5975943.801044957,15151967.729767784,1864437244.613415
NZE,2022,Cobalt,Grid battery storage,25702132.944523077,27289214.694685355,286509911.0535183,111816.65790451072,6658004757.561144,1095.3283382989152,0.6739011086709504,3.005123200301939,152744156.60510218,552057.6375304563,4623.22629203391,2556.457296841949,1789720.263411512,0.9358282219225594,44787.530845213565,91137.85461193943,173078.9224629751,18052205.28342537
NZE,2030,Cobalt,Grid battery storage,54385298.10014343,57316598.06646114,625928818.0542364,279740.2194425529,14835427824.07576,2892.092466490074,1.770464678081035,7.662849357998882,432084092.9560391,1574269.4166644241,12781.309373824153,5889.363437066459,4714423.264307543,2.4522514770697383,99914.52825656887,199560.81705718322,409433.9513580244,46980370.45999878
NZE,2035,Cobalt,Grid battery storage,41100273.177066006,43252863.49863876,470964421.5971868,224216.67273969148,11839733813.851778,2387.4087220620972,1.4299098192695174,6.350415584322378,347450723.43928885,1699270.7816893905,10265.60175415511,4627.4682713247275,3836041.0357223107,1.983412057109052,75846.60445844357,146666.59183591587,323074.7327063407,37982657.06238894
NZE,2040,Cobalt,Grid battery storage,0.0,0.0,0.0,0.0,0.0,0.0,0.0,0.0,0.0,0.0,0.0,0.0,0.0,0.0,0.0,0.0,0.0,0.0
NZE,2045,Cobalt,Grid battery storage,0.0,0.0,0.0,0.0,0.0,0.0,0.0,0.0,0.0,0.0,0.0,0.0,0.0,0.0,0.0,0.0,0.0,0.0
NZE,2050,Cobalt,Grid battery storage,0.0,0.0,0.0,0.0,0.0,0.0,0.0,0.0,0.0,0.0,0.0,0.0,0.0,0.0,0.0,0.0,0.0,0.0
NZE,2022,Cobalt,Hydrogen technologies,51997.75259502394,55208.563323111804,579635.6085753483,226.2152688366718,13469749.180249581,2.215948850164291,0.0013633632351766137,0.006079637554756465,309015.3211264959,1116.862811209566,9.353207278278262,5.171945625207637,3620.7668706734125,0.0018932656079451429,90.60924839421459,184.38016900705202,350.1544019349906,36521.25316401384
NZE,2030,Cobalt,Hydrogen technologies,526800.8287748536,555194.7386289542,6063032.319835106,2709.6914900169977,143702727.50112987,28.014128109310896,0.017149529235130412,0.07422585760470475,4185363.8064194415,15249.092353720793,123.80559831739882,57.04706323186905,45666.05626137242,0.02375362746207491,967.8177399209704,1933.0371899981153,3965.9641932421714,455073.3186918405
NZE,2035,Cobalt,Hydrogen technologies,515552.0385534406,542553.6189000279,5907665.542623654,2812.5205448298548,148514801.28524843,29.947086439468762,0.017936448234688082,0.07965810071515043,4358339.128167823,21315.24799798919,128.76926361369485,58.045859947082995,48118.38518496357,0.024879448487574316,951.4017431817585,1839.75079880697,4052.572505644645,476445.4044825849
NZE,2040,Cobalt,Hydrogen technologies,392217.1433192575,412486.02528847835,4431214.052088011,2234.6959453343447,120498771.42734419,24.74270237097955,0.014281826760348268,0.06597782709714016,3453726.2733808747,26205.644986002095,99.28581081592414,46.09757678011915,38609.14515435783,0.022041572032567656,732.3628770324178,1363.8576685539363,3196.854589051848,379292.83671871846
NZE,2045,Cobalt,Hydrogen technologies,293207.00883235334,308117.76159911003,3227187.601661985,1788.7413180543917,100123731.70503893,20.796007447372943,0.01144369127729389,0.05471913742887391,2750952.627006994,32894.94433835193,78.53626460650767,37.17085070557667,31101.974012006074,0.017806499874981993,576.1603540208364,1044.9880189756786,2542.48901742017,305126.93062823376
NZE,2050,Cobalt,Hydrogen technologies,329749.0817014516,346257.33576440427,3520423.8424795903,2199.243826422049,132940872.72256133,26.185936616577443,0.01401690157384946,0.06987865040540187,3346537.78307546,49767.28811058747,100.56742269850109,45.78831668401021,38057.06370261794,0.021315568348973208,688.3728169567743,1222.6088927679048,3099.9171187164043,381442.26772569685
NZE,2022,Copper,Solar PV,6827107843.14854,7344528407.530043,93468827153.10062,504538742.0230085,51774074382973.57,303425.16585348226,815.234725554976,65018.9700889484,104983315173.57167,1290539042.4522808,10248991.065478422,4049808.763716725,966589240.9558222,95.22507596276093,45656806.43331984,76479959.10491912,754873054.7254888,11187902013.872215
NZE,2030,Copper,Solar PV,8329677377.3680525,8965532904.718891,127282933976.38544,1040187569.3887196,109938701987518.23,651921.3639130273,1739.9295372567567,139131.88949943133,218940790247.68332,2814367768.476916,22192393.316365257,8354927.736308482,2054718810.3004923,158.60782118098933,90089569.52760376,153687689.96094432,1573061338.626736,23103455836.34438
NZE,2035,Copper,Solar PV,6679109558.228056,7204950283.282843,103254063901.78304,1059491941.3306472,112346696781698.53,685597.6187259019,1778.7244337585857,142529.99708040486,203657571359.1124,3053942575.9297347,22723348.690559074,8497913.811755164,2101637807.4314628,144.30259439031315,90563245.81908725,154784362.98251015,1603484631.2785292,23184540708.324097
NZE,2040,Copper,Solar PV,5041010178.312822,5441185784.668264,76391975105.17624,886490512.4434297,94179303999726.83,595284.380389586,1490.927999683183,119619.58547272166,153667968820.8395,2779176011.753556,18948161.714573227,7135222.932601915,1764299952.564362,155.27572620030344,75789168.77371429,129333716.6788512,1342927681.7398148,19218403405.830437
NZE,2045,Copper,Solar PV,3741909283.963306,4041039160.7613,55323437422.12105,705355360.9007912,74854973923205.55,483612.78648090444,1186.5544542649338,95301.36695989138,113112093445.79799,2335067569.128338,15017579.557707159,5681825.806091843,1407073550.5869029,128.57815248691716,60398057.23909217,102709032.13012274,1068509372.159071,15201920503.207954
NZE,2050,Copper,Solar PV,4536536567.608521,4900946633.075465,66102979729.1729,889106383.9927635,94197705474727.55,615722.0857785575,1495.2095929627862,120193.37310889516,136502689833.75948,3005848874.8091435,18894292.427851673,7152255.452819149,1773146247.2562792,160.880792554035,76181849.76680224,129065999.32683724,1346262372.772771,19100104104.45154
NZE,2022,Copper,Wind,2834394264.3903823,3049210539.986826,38805232562.41303,209468159.7842281,21494920374298.324,125972.31060732726,338.45907862198294,26993.772492057065,43585675401.81669,535790051.0638131,4255049.452739275,1681349.554669277,401296575.87527704,39.53437022311841,18955228.66463262,31752004.27591716,313398866.0812021,4644854897.157613
NZE,2030,Copper,Wind,4610389845.308479,4962329270.279086,70449780909.90811,575733007.3978357,60849928789174.73,360831.69851098984,963.0329131253131,77008.05462761338,121181451615.91759,1557723305.8273895,12283259.021154366,4624365.65651642,1137265503.6691115,87.78778037024038,49863640.29497531,85064538.8823854,870673099.6997601,12787522655.898106
NZE,2035,Copper,Wind,3640913167.2583055,3927559224.3474703,56285808393.39722,577549765.6035162,61242380297019.79,373732.66237038,969.6174550419889,77695.88723994617,111017722753.14445,1664763789.2173142,12386941.51224664,4632378.915439416,1145643846.5601559,78.66216468001906,49367795.40712347,84375981.61186917,874090813.5465841,12638346295.395836
NZE,2040,Copper,Wind,2790370774.558508,3011881598.216314,42285559283.601135,490702682.666155,52131451465755.45,329510.1733252583,825.2794122862243,66213.51347471261,85060452967.96931,1538368550.3976877,10488452.6731205,3949588.8397026286,976600096.2208567,85.95040141988318,41951885.45424265,71590615.85280843,743356197.0562198,10638040650.665262
NZE,2045,Copper,Wind,2252167838.4812818,2432207127.7661786,33297885389.771664,424536924.3261162,45053461221710.38,291075.24563957145,714.1594244293818,57359.66784396124,68079528302.21899,1405422654.7954667,9038730.531670924,3419758.3033812875,846884720.2124107,77.38818816463764,36352180.5842819,61818168.56874708,643110845.4194391,9149681043.098434
NZE,2050,Copper,Wind,2754210551.611221,2975450264.4328203,40132273056.71344,539792008.2431239,57189071550420.13,373815.6278998859,907.7678481007669,72971.49521816241,82873166139.08482,1824903329.7029698,11471054.800171029,4342259.15351936,1076508043.2973413,97.67353790723307,46251331.0191605,78358221.49839176,817339390.3187646,11596006662.212845
NZE,2022,Copper,Other low emissions power generation,467986000.83201784,503454252.7238003,6407120500.628317,34585226.06774343,3549019961883.615,20799.251041869105,55.88287862403236,4456.933812855896,7196418007.5859585,88464137.27020797,702549.9598793763,277607.12896430906,66257959.25812558,6.527508209219896,3129692.212923384,5242564.058985144,51745194.32432108,766910621.8126936
NZE,2030,Copper,Other low emissions power generation,744734543.6465539,801584713.7711968,11380032317.512083,93000434.43462871,9829330158239.514,58286.57431155066,155.56252315686993,12439.416262935976,19574920146.81658,251625219.1717535,1984163.5107973875,746992.1118200242,183707004.02740362,14.180708084437326,8054671.436825097,13740812.094132071,140643276.45308962,2065619214.2196136
NZE,2035,Copper,Other low emissions power generation,561427213.2232628,605627909.48271,8679246963.23351,89057920.50094412,9443548176461.021,57629.41259132473,149.5145862230984,11980.67172936156,17118884148.128574,256705846.01145115,1910060.947379577,714310.7966641732,176657778.57728726,12.129671286741443,7612492.395491176,13010739.35113933,134784420.00940418,1948827454.657204
NZE,2040,Copper,Other low emissions power generation,410972659.84061867,443597317.9011732,6227921009.6656275,72271896.09529626,7678048188282.137,48531.06748777944,121.5491784358452,9752.088861524744,12527912391.508587,226574697.79160056,1544765.0656271274,581705.1431046048,143836060.35580698,12.658986184904128,6178776.708692958,10544041.70403221,109483326.12233177,1566796750.2949133
NZE,2045,Copper,Other low emissions power generation,305999297.11292934,330461015.7435621,4524143072.519816,57681314.07554331,6121358821838.338,39548.03858345783,97.03196989498312,7793.388104999845,9249882469.819279,190953061.83042002,1228081.2922670948,464638.38940015755,115065193.94017676,10.514638731006615,4939126.435094498,8399159.160181032,87378686.12703107,1243156002.9221382
NZE,2050,Copper,Other low emissions power generation,247582708.185959,267470485.9110903,3607587968.62022,48523220.99332177,5140865212650.687,33603.19909585212,81.60146728994626,6559.585793439953,7449671157.732092,164045014.01721883,1031161.1113080863,390336.2726733709,96769935.24972345,8.780112696551448,4157645.022538348,7043811.765174564,73472632.52760376,1042393339.134483
NZE,2022,Copper,Electric vehicles,2237316860.6099086,2406881159.184575,30630742583.17581,165342786.47609365,16966922483251.05,99435.69884847061,267.16121068297866,21307.417632999608,34404164474.459236,422923560.79470366,3358704.8925918234,1327166.0031563872,316761717.5177494,31.206284261253305,14962227.810328357,25063307.32359964,247380040.239489,3666396135.1669436
NZE,2030,Copper,Electric vehicles,8483028961.986854,9130590759.37557,129626246776.61957,1059337700.280937,111962702845766.11,663923.4102917449,1771.9621046150485,141693.34473462647,222971548655.37253,2866181030.5569906,22600961.202895306,8508744.186777469,2092546732.2271879,161.52783351869763,91748142.5573613,156517121.36917034,1602021817.892886,23528796627.13199
NZE,2035,Copper,Electric vehicles,10147558815.330826,10946467657.665384,156873708573.09937,1609684149.5551176,170688128913230.97,1041627.1958140587,2702.4127468601973,216545.561307733,309416572005.1895,4639849314.900511,34523541.69496403,12910864.758336902,3193014439.052193,219.23866512664583,137592572.10032326,235163596.7886763,2436171238.6246142,35224229875.724556
NZE,2040,Copper,Electric vehicles,10422495657.717182,11249875165.401468,157943547157.17282,1832855556.669715,194719580453717.47,1230774.91420456,3082.5548953499356,247318.4076340543,317714839112.1611,5746060589.036142,39176102.84571207,14752366.569666043,3647762639.6435432,321.0389435502383,156697220.30008233,267402773.01580924,2776558157.2870684,39734838645.49683
NZE,2045,Copper,Electric vehicles,10254686829.452366,11074451012.684278,151613650155.5607,1933023432.8534539,205139744701737.97,1325338.8299215431,3251.74754682748,261172.9997786844,309983221635.4138,6399242961.245589,41155614.31718096,15571019.989896666,3856079213.1207037,352.36789211161454,165520624.65774673,281473675.36794025,2928245490.286313,41660799911.63329
NZE,2050,Copper,Electric vehicles,9723646707.141203,10504725990.933836,141685625497.91852,1905717331.7500563,201904072635403.3,1319743.3642755635,3204.84352289986,257623.38277956488,292580895301.2928,6442759157.369647,40498168.94713001,15330198.30127801,3800575044.7421827,344.83310460444983,163288751.58156058,276641036.75899017,2885588927.339099,40939307247.6054
NZE,2022,Copper,Grid battery storage,223740726.86658853,240697841.91884524,3063198034.5219784,16534946.783632476,1696760810204.0618,9943.971695980119,26.71720064384292,2130.8278647476504,3440555471.72464,42294065.0773166,335884.0614976662,132721.9632796619,31677451.75871493,3.120754527441437,1496283.2421125064,2506432.0110358503,24739003.665480327,366654429.109045
NZE,2030,Copper,Grid battery storage,915984184.4240323,985906893.3412423,13996839155.647644,114385626.14481208,12089557339913.484,71689.41025914803,191.33369348369163,15299.825498256754,24076118690.630894,309485739.7576791,2440416.401665101,918760.8741315083,225949919.59562355,17.441522539934574,9906820.772322243,16900473.68789777,172983807.4192301,2540602617.9513755
NZE,2035,Copper,Grid battery storage,1116639578.8515244,1204551681.6025288,17262417007.063377,177129993.87869054,18782558825544.63,114620.88315239371,297.3740863642959,23828.720658954942,34048266872.971504,510570027.65015644,3798978.0360263838,1420714.3657622924,351360003.2653607,24.125070388863183,15140716.556486804,25877453.33218417,268076812.8979108,3876081915.8167696
NZE,2040,Copper,Grid battery storage,1469191897.993914,1585822243.4674466,22264281746.370472,258365810.11750388,27448361637987.48,173494.39055555192,434.52785456583734,34862.87859008748,44786208872.19126,809985049.6501076,5522402.194840842,2079545.8354872419,514201539.82036704,45.25478640572157,22088595.098870255,37694041.860793725,391393470.7158752,5601163571.876211
NZE,2045,Copper,Grid battery storage,1514868316.2083404,1635967556.8378801,22397048173.69053,285554888.3762804,30304162848854.83,195784.99422550865,480.3627271043846,38581.6465186919,45792111336.15416,945324861.7859432,6079691.871635377,2300220.886901611,569637310.4217068,52.05336489417182,24451448.800257936,41580553.33654456,432573552.86310494,6154320152.68911
NZE,2050,Copper,Grid battery storage,1703507948.8780293,1840347018.4904122,24822229411.132286,333866986.40198797,35372037158924.9,231208.86424959727,561.4638808463345,45133.63078684544,51257917512.527374,1128721740.705106,7094967.0215573255,2685732.5703662382,665831451.30838,60.41210179907142,28606930.57443874,48465377.1674672,505532936.66114664,7172251051.309312
NZE,2022,Copper,Electricity networks,23412748239.928593,25187180061.769947,320540142135.4634,1730255155.721591,177552983889129.84,1040560.2461539605,2795.749799824989,222974.76654623373,360027698993.8932,4425748997.806876,35147686.698715195,13888333.857200202,3314801973.230016,326.56298692247844,156574546.5021828,262278854.9796401,2588746682.994108,38367569284.34339
NZE,2030,Copper,Electricity networks,25790254370.233505,27758983175.7036,394092003270.1017,3220617173.022644,340390985261335.44,2018471.6697898298,5387.150464441245,430778.60745854094,677882037526.385,8713814155.349665,68711841.14145993,25868434.250498928,6361797507.420039,491.07977032585,278934322.29854983,475846114.81299746,4870495005.411852,71532662773.92268
NZE,2035,Copper,Electricity networks,24671483820.572742,26613849165.42706,381402782025.4904,3913581303.1192327,414989406563919.75,2532479.8777977666,6570.30262883943,526481.3350132233,752276098021.7352,11280739474.948454,83936148.17677765,31389834.421425506,7763089182.879809,533.0290050986515,334525079.2018637,571746858.4261043,5922996889.366868,85639712297.91
NZE,2040,Copper,Electricity networks,23596633445.45745,25469828849.3484,357585755824.57355,4149603142.044136,440847059621222.2,2786486.601493167,6978.934828072087,559931.3255586567,719309543982.5018,13009138111.223972,88695085.0382295,33399504.09474879,8258570761.78987,726.8353493688404,354764059.47027814,605402527.7986888,6286155180.979666,89960068425.43234
NZE,2045,Copper,Electricity networks,21220911988.607613,22917321042.642693,313747263054.5967,4000172879.2618775,424513448346184.25,2742638.476688739,6729.122951098627,540467.9181607022,641475139482.2909,13242507931.523197,85166878.69527252,32222460.83902041,7979718831.365202,729.1854105807769,342526170.382229,582477865.1394424,6059672115.186524,86212303018.40137
NZE,2050,Copper,Electricity networks,17545825573.818512,18955243386.446743,255664499768.18875,3438769928.9128165,364325622659927.06,2381409.729209657,5782.977018579416,464868.281841998,527947333937.7866,11625630979.199268,73076884.60991895,27662562.566030793,6857944228.504297,622.2337861190637,294646241.2412119,499184670.4970038,5206898350.147828,73872896220.29272
NZE,2022,Copper,Hydrogen technologies,11995.397373961709,12904.518105875219,164227.04160221672,886.4870513505093,90968329.51248588,0.5331255227388041,0.0014323875806207494,0.11423993892895193,184458.2819072728,2267.50902380468,18.007730848425826,7.115614184721952,1698.321208489048,0.00016731281421500117,80.22013839188767,134.37718015960684,1326.3306317060442,19657.420612156224
NZE,2030,Copper,Hydrogen technologies,607868.0107528225,654270.316271535,9288621.920607373,75908.91219053643,8022906176.8314705,47.57472885153863,0.1269734059011685,10.153313396277436,15977461.864502776,205381.80045233248,1619.516022999394,609.7106854164999,149945.52361263364,0.011574592434166168,6574.392372880307,11215.54006732416,114796.00270008715,1686001.8827273354
NZE,2035,Copper,Hydrogen technologies,511967.9092781294,552274.715787681,7914642.926487725,81212.30373169418,8611612515.739222,52.55251114016559,0.1363429992567603,10.92522648094302,15610784.657505697,234091.17368468634,1741.7928571888585,651.3831117009331,161094.99401833565,0.011061099823165515,6941.864812252019,11864.549610131886,122910.49683770607,1777144.2032110225
NZE,2040,Copper,Hydrogen technologies,389455.2494504948,420371.76917260414,5901844.009083096,68487.93623636567,7276046473.79709,45.99011282619644,0.1151851941357685,9.241496019957744,11871984.9817287,214711.86302714073,1463.8853694295415,551.248644380137,136305.19555138232,0.011996196107897112,5855.272770008953,9991.984366193183,103751.07702341714,1484763.5350267994
NZE,2045,Copper,Hydrogen technologies,302791.09240331355,326996.34573596524,4476710.358624146,57076.562805785696,6057180333.891608,39.133402978616516,0.0960146524509972,7.711679471489169,9152903.434955299,188951.0424857356,1215.205654241725,459.76695641581387,113858.80980598224,0.010404399544789547,4887.342889053833,8311.099408970029,86462.57711959985,1230122.3163057389
NZE,2050,Copper,Hydrogen technologies,365358.14027257933,394706.5609964967,5323722.48749627,71605.78342506745,7586381808.5199375,49.58828675405061,0.12041939661705078,9.679989705297071,10993489.891818045,242081.45100869949,1521.6858588765351,576.0197701600287,142803.5254811953,0.012956824285911796,6135.442432462689,10394.56263246518,108423.66406725635,1538261.2728048107
NZE,2022,Dysprosium,Wind,388961181.63989085,422655779.7034348,4927316769.367332,1866292.9753344774,301355598936.7793,79921.92799865997,15.259645352277925,106.54072500557685,49579216789.07991,168724102.8683435,1167100.9856907448,22134819.992394786,17568849543.090736,14.766751065108204,330093.00820172846,903029.8576410513,3163518.3350987434,214321139.4608039
NZE,2030,Dysprosium,Wind,884702098.5782199,962153961.6539793,11628120435.30968,4969802.4054239895,835139888712.2122,233682.29744043306,44.3686572864161,305.357279705322,144645168144.58426,495364094.4177275,3422399.0388816185,64731359.22242149,51388326787.12441,41.88970304098054,738545.2810437885,2267593.3554893443,8152203.915183928,607262838.1217258
NZE,2035,Dysprosium,Wind,815142294.2264287,887569016.5392714,10651553652.808657,4813324.996875396,821402608805.4944,232265.82447920035,43.859229340066236,303.0900237550347,142716388117.9601,496775256.06877387,3392166.690763925,64176087.84382038,50949077791.10057,40.7046468141879,689426.4796124205,2167163.902996071,7859386.901126364,594954945.8843143
NZE,2040,Dysprosium,Wind,670838575.6475353,730768205.6871817,8671629882.022953,4063784.353174095,698122398358.6663,197870.60882209003,37.19649053040413,259.0175858838672,120744003227.7528,428284367.10310626,2876181.79161511,54494503.596262746,43262926881.105125,35.85593401851096,584209.1983967441,1821893.9364411745,6645740.075783318,502531208.4211113
NZE,2045,Dysprosium,Wind,587679441.923193,640427952.2655149,7512354719.614922,3637626.0289508686,626833051684.9556,178056.33245183685,33.39106858610656,232.98890775189832,108227036137.12708,388311010.7801781,2581337.063268045,48962368.679612696,38870917827.05992,32.76639039806898,527029.6546380036,1629591.2110189737,5956438.624388638,450664272.40616584
NZE,2050,Dysprosium,Wind,757458293.5889437,825746875.7396287,9630509197.498627,4732891.453008385,818390594677.3479,232493.6976602042,43.54417221675128,303.723619780357,141078298824.24985,508001459.1223986,3367313.427580119,63900378.09205078,50729883341.01954,43.334536609082456,688811.7224098227,2124033.9987589377,7756802.101932271,588327401.206892
NZE,2022,Dysprosium,Electric vehicles,257686782.83642814,280009454.053526,3264347359.7058554,1236419.0961590924,199648084295.61572,52948.27729911219,10.10951504588413,70.58323031619467,32846231122.765476,111779718.1502777,773204.4030201266,14664318.244961547,11639362822.297607,9.782972580645621,218686.617933645,598257.2806871955,2095830.8970029177,141987754.89278632
NZE,2030,Dysprosium,Electric vehicles,964098440.7583158,1048501112.0588228,12671669705.145153,5415810.313603062,910088340263.3075,254653.78567226682,48.350459863402065,332.76113814041474,157626144772.9442,539819846.4808573,3729537.414165826,70540583.7680234,56000099703.91764,45.64903536517108,804824.9857528459,2471095.3232896673,8883811.958854277,661760785.1325752
NZE,2035,Dysprosium,Electric vehicles,1268389518.1712968,1381087995.5632634,16574184778.723804,7489699.671862146,1278130783529.2395,361413.6320559967,68.2464732403617,471.6185283429642,222071621166.30856,772999428.6242554,5278328.342093881,99860205.65353075,79278521907.70393,63.33783405138675,1072771.3756038093,3372181.762851643,12229477.03149404,925770411.4838374
NZE,2040,Dysprosium,Electric vehicles,1273571712.1430385,1387346745.8223677,16462891248.10449,7715001.766939656,1325369426325.5896,375652.8309617343,70.61668760594486,491.7389701551591,229229732016.13995,813088087.7998058,5460365.431797271,103456570.2791993,82133678444.3315,68.07167168996558,1109107.8182760524,3458824.0214670007,12616785.727629248,954044020.0481962
NZE,2045,Dysprosium,Electric vehicles,1308167797.2753565,1425585385.2689998,16722416720.49876,8097314.437325667,1395323290191.3723,396351.38410183403,74.32814137246305,518.6306760127007,240912159536.8816,864375922.30164,5746027.135184345,108989679.43371414,86526223863.62495,72.93761478440227,1173162.0560868557,3627451.6222682227,13258965.073497873,1003173578.1244736
NZE,2050,Dysprosium,Electric vehicles,1331290334.1866317,1451312690.6938963,16926349498.633944,8318415.2810451295,1438383469432.9226,408625.2867967216,76.53218147186507,533.8172711291193,247955797933.53015,892851049.3666412,5918308.448473984,112309755.43451348,89161613144.82227,76.16373100990232,1210638.7848415128,3733150.664485419,13633167.330668956,1034029977.878873
NZE,2022,Gallium,Solar PV,3019177.979842415,3335345.958105513,45328741.11211851,5305.808710067724,574560577.345583,383.56648862141236,0.029407083688076863,0.18683822420471757,16572941.08660752,36866.14518435043,259.49352958226575,5796.971596399596,45361.47937796661,0.09427150640287396,1574.3790050279385,3937.2299542508854,8938.939711212624,767715.100797861
NZE,2030,Gallium,Solar PV,36593621.35364436,40609369.861113526,600093809.5731534,71087.28970866174,6850876304.939987,6163.576612738834,0.4618432787033343,2.6931232956604827,255454012.45419776,655463.9727253622,4641.785122321077,92764.72264460607,710340.1066446409,1.4631781911409263,15245.369403494242,46390.223400720686,105859.34836322398,11489044.212059591
NZE,2035,Gallium,Solar PV,178118048.1406529,198116063.54243943,2950138816.7435255,357312.18388304795,34192326619.785046,32477.843859752968,2.3982169481124096,14.219505234722385,1177254908.4327607,4460217.219830823,24183.92931793978,486881.5180657522,3728557.6738470304,7.506686854454633,70771.86236283024,225756.46524275525,520831.3003269942,58799511.50417844
NZE,2040,Gallium,Solar PV,805265008.5208776,896485301.3882148,13276251303.2312,1639794.721490995,159487973035.92374,151727.4236808508,11.096856587551471,67.977763429095,4906984276.482401,26639998.39935478,106676.84832793374,2265527.4792198483,17500926.885789014,36.257570786748154,326846.8029518071,1028596.5311958513,2392065.837767604,270325012.21903807
NZE,2045,Gallium,Solar PV,642871120.9905586,716055065.9507915,10518713091.880724,1326704.0913073444,128869060110.37157,123787.76255111756,9.00377063595517,55.8111810694515,3698946355.7951875,24234607.32962059,83083.2630964547,1845740.3066714366,14409358.360036163,30.150646162865748,268268.97404356755,829126.7210095287,1937935.5627954346,219176543.94816858
NZE,2050,Gallium,Solar PV,807464725.3411596,899767726.853109,13165448067.79377,1671729.9777961045,162754520190.15714,156916.91475533825,11.365597035478945,70.5384673831343,4471168798.450082,31325701.12056674,102719.14174931002,2339323.183894052,18278769.01694239,38.92437343398045,341056.6876602655,1047397.6846087143,2443796.4646201152,277508404.3127556
NZE,2022,Graphite (battery-grade),Electric vehicles,5839955883.740021,7242970647.248694,92648003889.6217,10995683.995507825,2230391970899.4688,247679.21242632106,253.86700860560128,395.7126432296081,26256385087.129036,145118585.5090215,910804.1870951501,877489.6143927092,240810276.733508,54.968480817741174,5869659.288205872,12869043.404581504,25154820.81239787,732538359.874941
NZE,2030,Graphite (battery-grade),Electric vehicles,19606728859.821396,26865977894.610477,451640638735.25555,55609919.80561161,10360121101866.01,1581287.3323273377,1664.1007271388632,2032.6684893401302,268025678101.49606,991631178.6893394,6891946.549268515,4775423.602213821,1586793013.6368241,356.18972466119925,19429679.37717188,58981786.32263871,105442633.93643655,3538481709.584586
NZE,2035,Graphite (battery-grade),Electric vehicles,21235422370.77605,30518395441.206654,555203697946.6602,69886626.8559972,13204753098449.236,2136542.185415721,2225.6701822762175,2749.389459442404,388745071137.2412,1639611756.41986,9337518.917805362,6213471.264855016,2140056329.609699,481.1847636555979,22154790.455233347,72847290.64214946,127873669.76027606,4347248133.239336
NZE,2040,Graphite (battery-grade),Electric vehicles,18437711162.63287,27133269916.9474,505949941901.7622,64993473.84617147,12620553858431.445,2069289.7850325333,2112.002179880265,2773.6825759572534,390663331664.0605,2069528063.0671132,8716843.296044163,5907980.228839663,2052839298.3642888,622.5926211128151,20634619.92761019,67646245.04909527,119041966.14331976,4034547448.3904305
NZE,2045,Graphite (battery-grade),Electric vehicles,14155729305.39346,21118775334.30625,399010148117.0407,52509230.54574218,10336757305880.238,1681289.6166491648,1704.279902503975,2347.711217501931,332299751115.7247,1816058005.5986557,6979139.553377445,4783382.125959308,1673286741.580686,535.0063963558863,16763339.697094839,54212083.43958366,96132237.43450472,3298293588.479067
NZE,2050,Graphite (battery-grade),Electric vehicles,10670320519.258047,16021815126.468212,305029879134.4037,40675100.51494817,8085663093989.901,1298457.217852002,1313.9403795659143,1855.9242785948986,266177285366.14197,1411982098.9052038,5371732.283222752,3664107.244295337,1295804903.4236572,409.75452930929976,12961569.766793462,41007893.52070148,74023988.77616623,2595110746.349387
NZE,2022,Graphite (battery-grade),Grid battery storage,737857884.473699,915123864.884649,11705749411.745066,1389265.9966586558,281802180351.58386,31293.397304220394,32.07520358654354,49.99690059403371,3317401901.6576076,18335222.839547776,115076.90538056257,110867.72630015056,30425531.440199718,6.945074205737944,741610.8051493213,1625958.3686484182,3178223.1301829843,92553645.14277822
NZE,2030,Graphite (battery-grade),Grid battery storage,2103942623.252831,2882912106.9588885,48464279636.94973,5967343.22135998,1111715295504.7068,169683.47152037636,178.56994270921854,218.1199069075439,28761077501.283733,106409137.30725944,739555.2927699491,512437.20115772285,170274270.61082724,38.22171199679733,2084943.943991524,6329168.681170861,11314750.840540536,379704464.91209936
NZE,2035,Graphite (battery-grade),Grid battery storage,2438577255.6577935,3504590758.90645,63757013466.94455,8025455.569003124,1516372502991.488,245350.57924151505,255.58562435582857,315.7271132015883,44641678049.64184,188285397.27173218,1072277.2949678088,713526.1753027674,245754127.23575622,55.25702290878659,2544153.2155417195,8365444.44440671,14684418.196646845,499217780.4294119
NZE,2040,Graphite (battery-grade),Grid battery storage,2965325975.340543,4363827449.6735735,81371624260.17145,10452861.232269516,2029756071645.011,332802.6291300021,339.6720378539921,446.089697212776,62830148209.73531,332840951.24270934,1401924.6543541492,950176.8999333265,330156907.2725529,100.13119606638996,3318653.488109228,10879504.82622102,19145447.677681655,648873834.822963
NZE,2045,Graphite (battery-grade),Grid battery storage,2982131073.176439,4449008227.917393,84057877594.42386,11061910.316367887,2177603463073.0212,354190.5825302876,359.03385442039826,494.5829650677105,70004264141.54707,382581701.892475,1470267.5133969816,1007696.0476536572,352504648.7361594,112.70766517929647,3531465.961409127,11420643.548560902,20251795.312176865,694838364.485713
NZE,2050,Graphite (battery-grade),Grid battery storage,3313151967.3113065,4974799792.597734,94712276198.16176,12629685.214090975,2510611610824.5806,403173.0891336923,407.98063616099114,576.2675229586223,82648482308.73372,438422750.3150406,1667931.6567771367,1137711.2902060035,402349541.167133,127.22945130332417,4024588.6048866836,12733017.986497372,22984569.54496786,805786129.7737298
NZE,2022,Hafnium,Other low emissions power generation,223507.50322806143,237289.0437060149,2867929.170749322,806.2189814307636,60568995.897688344,5.462044198371469,0.004584892522016179,0.017348595001238906,58409605.999004796,9115.098114212447,98.73258397808412,18.212822321589908,17961.131290448655,0.00826593504008573,209.88703112427066,431.14106459259466,1203.4926651859823,82305.30609985108
NZE,2030,Hafnium,Other low emissions power generation,313857.3852732908,333266.91929117334,3956825.1022463134,1363.7269670007383,101301381.95953298,11.352513210908969,0.009312414681761947,0.03119429823860018,118768902.00748013,21878.41297362064,206.92119717063417,30.572945948202793,36694.73029430063,0.015458167845885929,329.72944191682535,685.2891971402988,1762.0021508875452,158673.88020711698
NZE,2035,Hafnium,Other low emissions power generation,287749.00067143433,305597.8545410952,3438088.636727413,1346.518733252261,100263101.82568853,12.139942233352716,0.009559491362397591,0.03214735883573616,121322816.7875559,27785.854004378572,212.7859963497818,30.519948335335283,37803.51388665098,0.01548303515287059,314.24971612464583,665.2591871096205,1685.485981922822,158341.09362736763
NZE,2040,Hafnium,Other low emissions power generation,208441.29571174592,221383.42656163857,2405193.7038014904,1002.9732972041897,74825613.27784723,9.355547742273059,0.007142097475369034,0.024576064018314716,90200741.34947091,23819.465131229586,156.862828340756,22.90253786088093,28321.09713696856,0.012067470235661864,234.90071770955603,492.6893350513672,1260.563712923656,115979.91176780363
NZE,2045,Hafnium,Other low emissions power generation,172773.10080372167,183525.23241406566,1945749.1450857236,848.6964786293915,63418953.88738386,8.00789373532349,0.006043737607053384,0.020966565067592608,76034785.8947374,21328.16561544947,131.21555654548442,19.526946301521498,24032.000690429322,0.010296335491515382,200.51296038447907,417.842628678069,1068.8784355138428,96940.15389340426
NZE,2050,Hafnium,Other low emissions power generation,147184.8969484212,156363.61058075228,1634640.7801556685,731.7477850090072,54873393.307775736,6.928132161386916,0.005210931511782792,0.01809781752157405,65424204.40565438,18630.36597053326,112.50837268113726,16.84209438650156,20745.0454282468,0.008863627808364067,173.4692445977983,359.28896293847504,921.1408504397974,82996.94167313587
NZE,2022,Indium,Solar PV,5886424.473702057,6250719.299856661,96788168.97143683,47643.92451094865,5881772024.905916,79.66679413262018,2.9839367683634093,8.164082627319214,170365671.23995107,364491.9205195741,2290.401579585953,1676.411223617343,1219394.0955300636,0.12064992148451832,4713.770030969031,38066.30645079116,53540.58576742033,7943027.26780347
NZE,2030,Indium,Solar PV,5028756.779409117,5400948.927028691,91582591.78001907,62006.63130906194,9487854740.552006,143.42143185660228,5.113271496700358,13.86741480711305,209972710.26485074,662010.1518435335,4173.628234710485,2590.87854294009,2086217.458659576,0.12797428651718146,5043.918706625157,57213.20648701399,73970.68174486517,12879183.003432522
NZE,2035,Indium,Solar PV,4098231.2537789606,4429621.891146843,72643860.63969436,63100.85197383262,10137855416.104572,168.4771854180685,5.538314361000849,15.00353622923209,163104026.6567494,836566.9015268355,4608.161526920516,2748.2563504442132,2259336.0271500535,0.11176469092273687,4829.833929710808,60123.875180658695,76836.58768095293,13514182.423059039
NZE,2040,Indium,Solar PV,4910900.708768229,5310032.398127376,81624882.20997068,82080.14159940163,13211987818.376593,239.37702496049843,7.24156032807303,19.625300362726527,153958479.55921486,1309018.903333433,5999.4505662845695,3590.6545818712507,2954930.395604113,0.152302931515347,6263.623849133436,78158.29761296204,99884.06577615743,17354886.57523409
NZE,2045,Indium,Solar PV,3208770.579013077,3471921.038607595,50440227.84390105,57640.074391423055,9307342236.643917,177.2655385364879,5.1114110239897945,13.828858742209361,79600098.19190843,1033439.787696618,4208.158079327266,2535.8687483603626,2087773.0532187936,0.1076074512827064,4402.530977761813,55012.86481408691,70031.88042019302,12132824.253356518
NZE,2050,Indium,Solar PV,3794554.8633180032,4108338.5107566216,57419475.447365224,71814.96972369845,11648426679.280863,225.43632084462487,6.3893274029589255,17.25857983295547,78355697.75702183,1328727.3218637,5254.307136444969,3171.739012607859,2611176.9555721665,0.13542463621768705,5479.315736298908,68658.39099932811,87132.05593056342,15104087.324421708
NZE,2022,Indium,Other low emissions power generation,2522753.3458723193,2678879.6999385795,41480643.84490148,20418.824790406554,2520759439.2453876,34.14291177111597,1.2788300435843218,3.4988925545653804,73013859.10283622,156210.8230798173,981.6006769654076,718.4619529788606,522597.46951288375,0.05170710920925407,2020.1871561295825,16314.13133605335,22945.96532889441,3404154.543344616
NZE,2030,Indium,Other low emissions power generation,2095315.3247538097,2250395.386261965,38159413.24167471,25836.096378775892,3953272808.5633445,59.75892994025111,2.130529790291819,5.7780895029637795,87488629.27702127,275837.5632681383,1739.0117644626678,1079.5327262250394,869257.2744414919,0.053322619382159105,2101.6327944271593,23838.836036255863,30821.117393693945,5366326.2514301
NZE,2035,Indium,Other low emissions power generation,1891491.3478979738,2044440.872836995,33527935.67985876,29123.47014176887,4679010192.048259,77.75870096218358,2.5561450896926985,6.924709028876349,75278781.53388423,386107.80070469267,2126.8437816556116,1268.426007897328,1042770.474069254,0.05158370350280254,2229.1541214049803,27749.480852611687,35463.04046813208,6237314.96448876
NZE,2040,Indium,Other low emissions power generation,1155506.0491219382,1249419.3877946788,19205854.637640182,19312.974493976886,3108703016.0886145,56.3240058730588,1.7038965477818895,4.617717732406247,36225524.60216822,308004.4478431609,1411.6354273610782,844.8599016167648,695277.7401421437,0.035835983885958246,1473.7938468549296,18390.18767363813,23502.133123801796,4083502.7235843875
NZE,2045,Indium,Other low emissions power generation,1069590.1930043604,1157307.0128692,16813409.28130039,19213.358130474346,3102447412.214642,59.08851284552844,1.7038036746632679,4.609619580736448,26533366.063969504,344479.92923220596,1402.7193597757523,845.289582786791,695924.3510729286,0.035869150427568795,1467.5103259206057,18337.621604695643,23343.960140064333,4044274.7511185636
NZE,2050,Indium,Other low emissions power generation,758910.9726636005,821667.7021513239,11483895.089473039,14362.993944739705,2329685335.856175,45.08726416892496,1.27786548059178,3.451715966591096,15671139.55140439,265745.4643727398,1050.8614272889934,634.3478025215605,522235.3911144321,0.027084927243537376,1095.8631472597826,13731.678199865619,17426.411186112706,3020817.464884377
NZE,2022,Iridium,Hydrogen technologies,51083284.910823986,55550924.487099424,885382725.0055197,180602279.9250612,12696174256.32202,945.8772399874292,0.5794967404823292,10.119620706153903,983786594.522024,1018940.1117302465,7056.118307153766,5587.590069491584,1992839.4650797946,0.8223576738950504,8088869.780893084,85114.32478113199,131125427.45767644,15739824.55725492
NZE,2030,Iridium,Hydrogen technologies,1415531478.0142713,1542308832.2271218,25939240896.312992,7001932382.334739,435377627780.62646,37396.06742780239,21.96312058424712,383.6467107979046,36036453344.65332,44423410.28096755,274362.28586884594,204004.1183852801,76211188.64517465,28.326807419390583,313382480.3298337,2545652.3614953943,5082685988.634245,564282110.5143485
NZE,2035,Iridium,Hydrogen technologies,972578891.9435482,1060356347.8088267,17617894533.346527,6173065209.420048,366161659922.88855,34603.849262082265,19.294785181636172,338.89817462678934,25515787845.77675,50303289.608419426,241618.6009228293,178450.38101270047,67486275.19855455,22.965089278398313,276234456.879339,1923111.0836816651,4480845802.70023,476507122.89628196
NZE,2040,Iridium,Hydrogen technologies,547759449.4945167,598230035.3536434,9538847184.940224,4051039547.009394,235800498120.64374,23855.83373051751,12.699784145049989,223.83964734323553,12306296820.68403,43162552.90405495,155370.63764958177,117367.21015810495,44663060.0299564,16.84806846667788,181266178.34225556,1157437.3794998638,2940503549.0800996,303931019.1612606
NZE,2045,Iridium,Hydrogen technologies,307859480.4240843,336497532.9520348,5147248978.541831,2434425141.8187203,140678175924.16327,14679.686941286001,7.664709929531627,134.794057158233,5644744271.576584,29818485.634387422,92341.24789266076,70590.02609787874,27103908.411489345,10.311315218836754,108926975.41928613,662547.1139164697,1767048338.9454923,181022706.72917423
NZE,2050,Iridium,Hydrogen technologies,223472491.4670741,244348672.23116702,3629311122.0299435,1798308753.9284992,103761752434.65938,10964.076758126042,5.671826644873139,99.4687355416752,3357963775.1101546,23354602.403379332,68125.73569083138,52220.00936166214,20099579.148580976,7.580156341474174,80462298.29848148,484730.44116059114,1305313194.491356,133553617.5263203
NZE,2022,Lanthanum,Other low emissions power generation,56356.33010066572,61120.60752296697,695445.934953173,225.8162951363381,38916735.3961453,8.817280004529806,0.0016434200632774903,0.01309639178168485,4662332.0048578195,16397.83434662592,111.45763954528374,2063.606282151602,1637785.209015551,0.001768891902833955,47.0116463630316,173.6496240746327,419.60676460416914,23488.012140858762
NZE,2030,Lanthanum,Other low emissions power generation,1199086.0618441382,1299744.5803848917,15314977.846489374,5500.286149080195,979521713.0426598,234.92395471620128,0.043456680371538284,0.3416391770459862,124101294.63691197,442103.776490433,2979.9511720389346,54964.47378599091,43634127.859316826,0.045779436899200755,970.9077024099315,4188.374199342898,9963.525665876463,603372.9481506292
NZE,2035,Lanthanum,Other low emissions power generation,878891.7168928671,953470.4498074233,11168110.071256006,4231.565120128064,764671848.9617726,185.90229960135855,0.03408322085072029,0.2693588061103045,97204491.69990122,361087.10037195135,2344.11248948879,43262.23378437278,34345461.04753477,0.03530908340981946,722.4668305624147,3220.789257818641,7646.125490128863,468937.73759895796
NZE,2040,Lanthanum,Other low emissions power generation,716179.8795807448,777569.4509652678,8991032.503850492,3597.6795572430174,655662922.4943148,160.77949722616972,0.029168686216638283,0.2325978009401764,82976508.76877737,331410.8853754585,2002.8889967859618,37054.71458048508,29417060.658484064,0.0313453510321417,616.3820178287085,2737.6095209058444,6514.605744881762,399620.5464903704
NZE,2045,Lanthanum,Other low emissions power generation,594428.3357425897,645777.2461410074,7409975.793275653,3097.627217669062,567943082.4285362,139.11781631466795,0.025153627126809415,0.20160877420578607,71580361.1054689,293845.33940219256,1724.773055242845,31921.259287877096,25341417.7397155,0.027424019827514447,533.7177734925307,2353.576870792733,5613.2943675836195,344903.41169525415
NZE,2050,Lanthanum,Other low emissions power generation,753057.7503299218,818538.8201790719,9390926.078820553,4015.816711226115,742737036.34425,180.74814800797006,0.03266799559374665,0.26266711931065595,93200336.47879279,384235.51295858383,2239.0469788129194,41393.170104791345,32864612.286690827,0.035964774968654814,690.271971046336,2935.7896775347376,7207.443572577197,449672.68185111124
NZE,2022,Lead,Solar PV,2360009.134096017,2543271.833249574,30453129.65507397,46637.332374882855,2690991065.9780297,112.17259196905057,1.0006530092299233,12.790780337083715,23874664.350844618,149673.9306003975,772.898600971636,590.4466028656615,446906.74195767613,0.07740204515205719,4912.854120672203,7947.074957742229,53921.34047113309,1333131.8979575017
NZE,2030,Lead,Solar PV,3750979.4541427153,4047923.795663918,49488189.59303929,102268.18338637889,5857635135.268189,256.6580876139015,2.273916468854886,29.05161458486574,44706099.487267606,367119.674451106,1834.0146856801975,1256.1576028198099,1013766.8629774465,0.16238933691639384,9891.632763603833,15421.303610916682,117356.46034024806,2770715.7750762505
NZE,2035,Lead,Solar PV,3457079.9344437076,3735908.3317545773,44566664.85678603,105726.94989959299,6065833011.502102,273.936122940491,2.3680044137018306,30.268620919306574,37955347.72484823,452407.2749061961,1908.926414399369,1295.4640325021228,1057340.0321900246,0.16532359390342796,10054.272164607584,15430.62178860785,121224.3350178178,2750972.591964566
NZE,2040,Lead,Solar PV,2757637.6562779807,2981418.2205978907,34626615.334645696,89201.42455259003,5136371616.32495,238.4515109149219,1.9999508771905308,25.582116918874956,27037913.513668727,458836.4897945819,1575.424085705952,1098.058422629293,895688.2809791538,0.16084215530233378,8511.840840239416,12898.742327848073,102274.08857758033,2269896.423200356
NZE,2045,Lead,Solar PV,2151908.546678593,2327339.203766052,26332624.324259214,72728.37884569382,4201125544.079865,198.10080537518107,1.6318909010338192,20.875496441566547,19310367.485898506,417118.39285967586,1263.754067556593,899.5854127357429,733091.951090187,0.13488919074244607,6977.167596270796,10487.557085740134,83363.89033333512,1833434.2363480215
NZE,2050,Lead,Solar PV,2656027.2997227297,2873337.9193915604,32039836.360808834,92192.8107712125,5344949837.937166,253.05618250965955,2.0697648840325997,26.47226809236092,22936703.144422393,546100.5786320649,1594.664391071789,1143.7997977450498,931080.9370935654,0.17068941532409487,8865.855859225521,13285.402650887832,105639.88594216948,2318926.5892944494
NZE,2022,Lead,Other low emissions power generation,12328405.924381994,13285748.382646795,159083513.1235206,243627.85568968652,14057416016.302956,585.9762267039836,5.2272918392607854,66.81750922357166,124718395.8626211,781878.741942375,4037.530005075705,3084.4225522833076,2334587.457987861,0.40433904181211683,25664.16331694433,41514.57067477281,281678.64425218775,6964121.8550014105
NZE,2030,Lead,Other low emissions power generation,22161147.75970532,23915523.519239772,292380988.84290177,604210.2738363743,34607472352.787994,1516.3606926860678,13.434517430871331,171.639736059382,264127940.07794896,2168978.382971531,10835.53534209326,7421.500060423389,5989432.232033049,0.9594118373616246,58440.71873463974,91110.54649775723,693353.266780459,16369655.563905727
NZE,2035,Lead,Other low emissions power generation,15614961.888768889,16874375.86821925,201299011.43296254,477548.1980758934,27398195325.06203,1237.3165216850048,10.695818255165843,136.71751045485118,171436969.76559755,2043436.2206897594,8622.251661677856,5851.3606510074915,4775800.565564197,0.7467347203621372,45413.20410484523,69697.13623005657,547546.8913619928,12425611.497318612
NZE,2040,Lead,Other low emissions power generation,12141837.44182099,13127139.926513128,152460470.50329092,392752.5409405086,22615367564.415855,1049.8984435806296,8.80575386225684,112.637678971166,119047529.64973527,2020250.2162597287,6936.568735571007,4834.734845905101,3943702.1326694186,0.7081856091670063,37477.50817717358,56792.96995097293,450311.2855281524,9994320.072300322
NZE,2045,Lead,Other low emissions power generation,10300293.958187139,11140007.774124064,126043354.23502097,348120.59386505885,20109046049.406643,948.226415972588,7.811185105558219,99.9223457721324,92430722.41725771,1996572.7950905163,6049.06672580439,4305.942371936216,3509007.2049133205,0.6456586264196325,33396.8083114181,50199.58727015851,399028.37751017103,8775889.484958779
NZE,2050,Lead,Other low emissions power generation,9130093.842796871,9877099.097908473,110136937.4902803,316912.7870260431,18373265067.90902,869.8806273769608,7.114816788862055,90.99842156749068,78844917.0589521,1877220.7390477243,5481.658844309287,3931.811804748633,3200590.7212591297,0.5867448651765764,30476.379516087738,45668.57161242698,363137.1079262077,7971310.150699333
NZE,2022,Lithium,Electric vehicles,551979766.5753202,591822111.7002771,7944957888.1817875,1067890.0788515152,97154395535.50743,14102.32767887489,2.8157752505840525,29.67922503411559,1505325222.9863572,8210595.023400588,39664.398890988756,52745.3138379765,25835653.656783827,12.152651158858022,258447.6045743497,868810.5828802771,1716234.9234437272,445401965.1398437
NZE,2030,Lithium,Electric vehicles,3008415426.1863,3207885730.0242243,46640316921.08453,6379777.986885505,504699266395.70544,94240.5273592863,18.202416903070922,182.11822792225934,11700603076.26893,61441024.56405996,299420.3939520877,318207.29424864706,172566357.93062204,79.52913954632086,1131937.3203145834,4807149.59783827,9288962.472403448,2903263342.8345084
NZE,2035,Lithium,Electric vehicles,4484798249.001064,4778327777.473016,70421629461.66699,9773872.421593372,763821769188.1316,151018.35704173255,28.00027238099083,288.64827700970665,17920490473.73496,127091489.58546987,462273.91304417106,493169.61972834624,271519260.792238,124.0188759691398,1624605.637377474,7246445.1667770175,14009200.429263338,4503073665.069303
NZE,2040,Lithium,Electric vehicles,5571796112.499724,5935849052.28201,87607965332.81126,12352319.846127467,975361947011.5162,197049.91183367438,35.18403072170999,377.59155443619426,22440357514.032097,217599918.28549284,544316.224082208,628922.9297954763,346136275.896871,166.69148266814446,2067149.6278696323,9108441.810977086,17707399.288857855,5690719732.917544
NZE,2045,Lithium,Electric vehicles,5584765387.103347,5949342721.762618,87706943002.03313,12613108.609243833,1007880399869.9,204593.95056748408,35.852883748796444,391.6294052657416,22976161486.968067,265296992.93451002,525130.8435145607,645213.8285771422,354947131.5402339,171.76240492740416,2134173.7408002685,9270170.308331167,18083642.916991558,5799459988.681827
NZE,2050,Lithium,Electric vehicles,4668783470.763366,4973628060.792545,73330911021.6248,10704870.994198896,868886826329.4565,174452.6343179145,30.33085666805855,334.85726071476483,20028290608.8594,237178238.6215253,435219.28860981483,547959.5347375481,300973775.91390043,145.06661141509986,1817890.5677733037,7840231.068129716,15343974.279896095,4909993909.44209
NZE,2022,Lithium,Grid battery storage,61422386.67813054,65855904.1304314,884087253.0112519,118831.09005954274,10811002887.091702,1569.2579261152346,0.31332966661647427,3.302600832025159,167507349.94557935,913646.4285888466,4413.7162149139895,5869.314888326568,2874901.590750065,1.3523047108621673,28759.14963820723,96678.2168535206,190976.64711934383,49562779.99057237
NZE,2030,Lithium,Grid battery storage,300160039.8673,320061883.8184971,4653466161.820332,636532.573998803,50355596040.2625,9402.70422863037,1.8161182580535522,18.17056716232965,1167409745.1017544,6130184.090305196,29874.211055908752,31748.645249043722,17217543.96861094,7.934898049335241,112937.31186042305,479625.98595113505,926791.9987955163,289668651.85744685
NZE,2035,Lithium,Grid battery storage,381070911.77744406,406011959.03042245,5983688241.447225,830480.7191990437,64901527752.071365,12831.949135246603,2.379168188584143,24.52628992342713,1522694503.7820318,10798895.987411806,39279.16747958833,41904.35917439011,23070846.564454224,10.537817649589982,138041.87326645217,615726.5753178635,1190354.2778187287,382623764.1194342
NZE,2040,Lithium,Grid battery storage,471722700.7047216,502544366.1939398,7417117420.59753,1045779.4147764747,82576670524.01717,16682.756279483834,2.9787712361709575,31.967879697239187,1899858831.4369543,18422573.090297088,46083.22237158462,53246.24537367489,29304794.285570715,14.112532978780191,175010.2454452424,771144.2923488935,1499154.3204996125,481791082.6534629
NZE,2045,Lithium,Grid battery storage,443542664.22626704,472497435.12939304,6965694791.780739,1001734.4344738799,80045969130.96013,16248.873431430911,2.84743986110096,31.103249243386674,1824769202.1505768,21069915.547235064,41705.94774450087,51242.95125872211,28189939.14164784,13.641388565997781,169496.30670291407,736237.9171528744,1436204.8541629207,460593732.44102263
NZE,2050,Lithium,Grid battery storage,407594051.6982265,434207588.6862597,6401933892.457687,934556.4575345223,75855542290.31967,15230.060784858319,2.6479439104917133,29.23370263153012,1748509471.252003,20706130.3784538,37995.50660949597,47837.95357590964,26275607.242844157,12.664602734970076,158705.45008195884,684467.7135533992,1339559.3702428958,428652201.1345248
NZE,2022,Magnesium,Other low emissions power generation,177194559.7983057,197638281.62014845,1885219640.9559605,198944.09914228684,57864870588.56016,1306.6858385327453,13.563964264990508,5.826483045566014,702131646.3604405,1774082.0338978898,9305.092091593728,14207.547982867045,2149501.508672426,1.933166120616643,618268.9310152245,321264.3951723034,528570.7665494392,14162751.433015788
NZE,2030,Magnesium,Other low emissions power generation,525676740.68912506,589981809.4519551,5687551062.043664,552201.0823511356,190462420583.46802,4711.06543382385,52.03096945840111,17.8597905125859,3007594967.813438,7202987.124143274,41377.720688564164,46360.34061571615,8126318.49128158,7.023280238742343,2187758.7323911022,1004770.4344319187,1473696.6042895464,43737229.38480885
NZE,2035,Magnesium,Other low emissions power generation,861266866.5177501,969740048.1508437,9214310623.173407,860615.2381822979,327621921956.3821,8570.616806443622,91.69272109647127,31.53930831427019,5015947833.35641,15993896.539506033,73528.90190454395,79420.2753699587,14399688.317611143,11.694218032003073,3786355.994662629,1685586.23406297,2384088.7310686754,71373170.29882452
NZE,2040,Magnesium,Other low emissions power generation,834171387.4587399,940214808.8672892,8798011173.836067,805717.7930262826,325337644779.1394,8931.880621478946,91.01260752682333,32.818777318454025,4627647414.90032,20305976.30941679,70254.09966424445,78769.35426835583,14475983.932100654,12.677138109778411,3745856.8244503113,1652488.8807321365,2313168.5608871067,68058500.7175858
NZE,2045,Magnesium,Other low emissions power generation,642220319.4788965,724293578.0755087,6698854213.331132,620801.4311317357,253516822701.46948,7091.2099722800085,71.05337996818201,26.322751928569318,3436338635.1992326,17439530.284150515,53110.71398384109,61677.51615198086,11433995.881988177,10.47197188506367,2925237.672668311,1284510.9044683313,1800314.043766665,52334800.439729385
NZE,2050,Magnesium,Other low emissions power generation,507368173.1944626,572437344.3291402,5262076043.932175,493593.11540162173,201144093296.9877,5633.454985817492,56.47677552694843,21.096484988249887,2646457721.8774376,14017426.829938095,41437.41210817594,49148.6832519167,9106203.271351103,8.744293963836212,2325839.9500653767,1019658.5428311714,1432054.9761251546,41440692.64860256
NZE,2022,Manganese,Wind,72936080.05811733,77934789.90810241,1061667807.5450814,2224394.5148733105,34159074053.255604,662.3043943896033,1.7845468247585479,12.823492348461315,821778787.3394601,3300015.0733838594,22834.058103225623,7846.123803063818,52253098.95147311,1.4639702727848225,237899.34566848617,209830.93220694485,2923293.0541157085,30128222.91206806
NZE,2030,Manganese,Wind,102844667.95753688,109298067.94092716,1708073229.9851267,5233687.478472986,70032192290.76534,1617.8973040015594,4.235472671503431,29.457066142753412,1837300222.725181,8635686.019729106,57709.95399703499,14640.181004450427,126090985.29752314,3.021610716539322,500620.43311057833,378377.75524253777,6773910.940128063,68385175.36490032
NZE,2035,Manganese,Wind,88524140.19287816,94020619.4061473,1512851199.6936433,5612951.014713151,73872695214.28522,1981.6644090010939,4.541351524726476,32.350573624247225,1741959476.09764,11555933.423723308,62411.87974617885,15007.655449537851,136230290.20962945,3.111954495440852,518523.43826839287,373314.168972368,7241157.977927204,72389963.24653152
NZE,2040,Manganese,Wind,69480825.40839823,73741929.25658785,1178209216.7580633,4884809.120721267,65118267620.43,2003.0381015816647,3.958263039840568,29.271172874267528,1329226812.9767506,12700272.786857907,53469.8757346505,13211.979504519579,118932792.49828096,3.7943525125990676,451833.3225550811,317284.54662536475,6303831.674880727,62643882.87742105
NZE,2045,Manganese,Wind,55647350.81878368,59012005.77398945,929588806.6145084,4196959.19003218,56619468361.16046,1841.6742786638856,3.404239275539642,25.566038491763152,1023151745.0708982,12203320.846893024,45440.89714353763,11521.66465070972,102359652.3831269,3.472089004117696,390061.67803537304,270991.55786681577,5416573.49743402,53792094.153217785
NZE,2050,Manganese,Wind,67920592.32188414,71997161.20303096,1123738259.0617232,5325829.349032097,72567394139.60818,2390.9242507587496,4.317386067901593,32.51679017182911,1205115428.9850605,15850401.102341732,57513.44973980119,14737.869793359263,129976961.13478754,4.388213996878511,496051.48646627803,343228.35637791717,6872336.708966694,68337405.27979772
NZE,2022,Manganese,Other low emissions power generation,15637507.177907532,16709231.365677569,227621746.98463553,476910.538174159,7323710916.09032,141.99816761436503,0.38260712337759806,2.7493588013658705,176189502.85556293,707523.7571874559,4895.625693147134,1682.2101926974767,11203072.735338913,0.31387545954898227,51005.65759149966,44987.785276074996,626754.4962717673,6459495.78959623
NZE,2030,Manganese,Other low emissions power generation,39751920.91630544,42246314.16853447,660211105.7975484,2022945.23261834,27069115247.544407,625.355956284779,1.6371113643956168,11.385859733793927,710160425.4625757,3337898.935665319,22306.275793713845,5658.779682478063,48737177.87562588,1.1679247220996114,193501.756204949,146252.04107908477,2618278.3933654805,26432503.86180371
NZE,2035,Manganese,Other low emissions power generation,44961207.848087914,47752857.03894186,768373655.8689294,2850804.951776966,37519772534.26232,1006.4828100461905,2.306542027627456,16.43078217484529,884737224.1868211,5869232.092066964,31698.850633779155,7622.353795348508,69191052.06754996,1.58055455357662,263356.86549787136,189605.4105380991,3677767.5354662105,36766696.367248304
NZE,2040,Manganese,Other low emissions power generation,38899941.5301394,41285588.067498945,659639107.2323129,2734837.8212988386,36457494396.32477,1121.4326337687826,2.21609631010661,16.387930146696014,744188702.4393263,7110449.047225595,29935.957546214107,7396.9361647953465,66586409.22881334,2.1243284030846823,252966.0481931579,177636.78309226962,3529300.0929010427,35072170.873453684
NZE,2045,Manganese,Other low emissions power generation,28235333.972821914,29942551.925980568,471671158.2125823,2129527.1501201848,28728584110.80662,934.4611659335144,1.727302943517952,12.972147362912546,519144771.5279356,6191936.087157213,23056.603557834515,5846.065348106584,51937045.12172313,1.7617297350574652,197916.3713506101,137500.47446287549,2748356.5603407137,27293981.135948703
NZE,2050,Manganese,Other low emissions power generation,21413313.63452194,22698532.815047298,354280770.5557542,1679073.3165915168,22878310056.355717,753.7862834771763,1.3611415741953805,10.251562928625539,379936537.130934,4997153.270232269,18132.255555799544,4646.405712929203,40977814.51685776,1.3834714833645918,156390.06809943233,108209.54576707562,2166640.4299558396,21544722.185147755
NZE,2022,Manganese,Electric vehicles,41395843.59299988,44232927.94071778,602563703.3665526,1262484.7311981756,19387437406.33577,375.89967954491357,1.0128433168224051,7.278143864462412,466411495.1289161,1872967.504196635,12959.773778374092,4453.172058384976,29656942.211880703,0.8308958254830328,135022.94195578274,119092.34008313272,1659153.9050117475,17099674.158648353
NZE,2030,Manganese,Electric vehicles,219597086.441095,233376583.83396554,3647130300.3052382,11175129.877325635,149534882940.98367,3454.583899929049,9.04371103368299,62.89763026627854,3923059735.0424576,18439181.408370025,123224.06215197098,31260.163092509432,269233335.550808,6.451835791673673,1068940.0890413912,807923.7774357931,14463862.208955323,146018121.93215585
NZE,2035,Manganese,Electric vehicles,378736187.1439732,402251982.67063946,6472488677.548905,24014101.253133487,316052354290.5656,8478.230015323159,19.42943650407524,138.4066863532602,7452691307.693756,49440188.34020444,267019.11270817235,64207.821624069744,582839218.4899529,13.313992969610462,2218418.4960923702,1597164.1707601747,30980120.86976421,309708725.8656636
NZE,2040,Manganese,Electric vehicles,535523956.2758062,568366444.5086639,9081055922.55431,37649701.059317105,501899511080.1361,15438.430421992629,30.508340547426645,225.60777322841187,10245025120.083752,97887442.88259451,412119.44772801537,101831.42605038718,916675344.5319684,29.24499899228819,3482508.5489369105,2445472.9009804367,48586827.493572496,482828173.06506
NZE,2045,Manganese,Electric vehicles,639252398.9626839,677904081.7499075,10678709155.667425,48212829.38182448,650419659612.0137,21156.34766833151,39.10641012576621,293.69145516115617,11753519222.67345,140186406.2153066,522005.128413369,132355.83832183908,1175862864.6309795,39.885838097165795,4480857.754388458,3113032.35313266,62223224.492181994,617940022.7811975
NZE,2050,Manganese,Electric vehicles,741129807.9578155,785612145.4747351,12261906023.821932,58113905.484780334,791834361923.8175,26089.072109513727,47.11006482716797,354.8137852102831,13149870104.45914,172954980.5655617,627570.0859416194,160815.3615312251,1418270909.4798093,47.882918649643536,5412769.976440402,3745208.296219198,74988945.34370664,745677950.0881076
NZE,2022,Manganese,Grid battery storage,1931686.5126085486,2064075.5906885108,28117899.71535846,58912.3089652932,904691101.8427582,17.54089971471356,0.04726309708113799,0.33962569957589284,21764523.10826864,87399.74239883746,604.7520243886663,207.8018384667535,1383905.0084146378,0.038772739486522635,6300.680774453884,5557.298683302619,77422.39177836169,797935.4223826133
NZE,2030,Manganese,Grid battery storage,2619696.8264839514,2784080.1804513074,43508663.199163035,133314.3929622616,1783885499.7478492,41.211669180748856,0.10788750196343092,0.7503411136838122,46800380.20793344,219971.3384240465,1470.0089595795687,372.9200208254394,3211835.485419027,0.07696756829684409,12751.985940917095,9638.175943455457,172547.52575082643,1741932.084957037
NZE,2035,Manganese,Grid battery storage,1750133.2028583232,1858799.2768693625,29909255.371461958,110968.73593421404,1460472323.113906,39.177750515945476,0.0897830814505277,0.6395748426129596,34438754.33875641,228462.23336157738,1233.8905835018402,296.70320482148867,2693289.690376229,0.06152372535207377,10251.272520654018,7380.467302957972,143158.58902103666,1431158.5286841462
NZE,2040,Manganese,Grid battery storage,0.0,0.0,0.0,0.0,0.0,0.0,0.0,0.0,0.0,0.0,0.0,0.0,0.0,0.0,0.0,0.0,0.0,0.0
NZE,2045,Manganese,Grid battery storage,0.0,0.0,0.0,0.0,0.0,0.0,0.0,0.0,0.0,0.0,0.0,0.0,0.0,0.0,0.0,0.0,0.0,0.0
NZE,2050,Manganese,Grid battery storage,0.0,0.0,0.0,0.0,0.0,0.0,0.0,0.0,0.0,0.0,0.0,0.0,0.0,0.0,0.0,0.0,0.0,0.0
NZE,2022,Molybdenum,Solar PV,1397355.3940413382,1510080.6715968905,18202236.739131518,15208.53676191289,18935503990.562996,39.689548351737415,0.042068862758915054,0.2874909532632933,15833387.869940342,559826.3482192841,4517.570995947711,1605.142602268455,186349.00483453702,0.01817873694404756,3276.4547736653076,24718.557265075862,28078.829290971415,2953263.13778445
NZE,2030,Molybdenum,Solar PV,1584995.5180392808,1715422.6422687655,22479927.130689315,29524.06387445845,39296457894.961815,82.45510299099763,0.08642837999390789,0.5700780036007549,30963750.59272836,1173109.20383745,9485.766879920971,3286.750004861262,385705.74095825735,0.03054341416700552,5548.340241888991,49657.09264788166,54054.05595538567,5990993.650836954
NZE,2035,Molybdenum,Solar PV,1241022.2403825698,1346806.4374181712,17385789.01957559,28738.17019308026,39091011217.165146,84.35156879360291,0.0853058728368358,0.5659093986022475,26615455.86282993,1185457.0886789626,9446.691000863266,3262.1918310497767,383351.24079616123,0.028041555642847337,5210.261398040196,49003.31884117457,52714.001595309,5877040.630826657
NZE,2040,Molybdenum,Solar PV,941917.6532944897,1022875.8622787315,12811133.172610208,23335.875872427292,32050984157.05718,71.2081454149702,0.0695945061174106,0.4671268606004139,18601859.078096036,988577.6931976967,7724.135518601323,2675.0634392953616,314371.9691263378,0.028118719592023653,4238.3859706362,40104.90281317043,42965.20498687131,4778582.521934882
NZE,2045,Molybdenum,Solar PV,598625.5653418925,650410.0832191061,7918742.698517423,15574.211931597325,21505081016.401417,48.31033379364648,0.04649632025430564,0.3102849772766008,11039951.601981772,669138.2190305331,5170.848544593255,1795.2358511607827,211277.14606952458,0.01964590458624969,2841.334085527113,26886.75408817673,28723.115356764625,3192110.8144556233
NZE,2050,Molybdenum,Solar PV,677321.8562170534,736069.6466907924,8816929.805572404,18066.909257138213,25031887686.081318,56.43703823260657,0.0539267042015635,0.35612372770838857,11788814.547628518,779808.944280314,6011.15449358431,2089.7401921702303,245910.13792751875,0.022890984825887688,3302.5822856956293,31281.484678553625,33340.29385213093,3705848.793344547
NZE,2022,Molybdenum,Wind,71427723.95955813,77189830.03710796,930432119.6979282,777405.0683820448,967914073857.3157,2028.7853153437231,2.150407211543964,14.695491596574994,809345183.7244365,28616286.19062072,230921.79372709652,82049.05008379447,9525483.162135296,0.9292308956663924,167480.4478068379,1263522.7176545607,1435287.598455973,150960067.19919965
NZE,2030,Molybdenum,Wind,94811708.86588342,102613635.36341555,1344710620.4298887,1766078.7786111168,2350646599938.99,4932.322603006354,5.16999720722823,34.10108678105384,1852198364.7153995,70173377.17125863,567422.2782038306,196607.73865237186,23072254.7814346,1.8270545618668816,331892.1812180219,2970401.9712820984,3233420.762351457,358370947.6625108
NZE,2035,Molybdenum,Wind,80450933.33277532,87308535.96586661,1127057121.0072722,1862990.4759778827,2534127298454.7383,5468.20372488828,5.530067766049764,36.685836738354666,1725382668.8729389,76848847.7537494,612394.4303298669,211475.96632724776,24851258.99663274,1.8178315022578104,337762.1921190129,3176705.9516683253,3417255.9443742908,380987051.319105
NZE,2040,Molybdenum,Wind,65111260.51517327,70707600.08644867,885585939.0455716,1613122.217175722,2215565205640.518,4922.353977229135,4.810809100335237,32.290740711576106,1285877261.418918,68336695.35351609,533940.7306435889,184917.1760199716,21731363.786270745,1.943742396488402,292983.84219970496,2772302.6167634977,2970024.6568299104,330325618.58317375
NZE,2045,Molybdenum,Wind,53180083.747763224,57780463.61288798,703477138.7413633,1383565.859494706,1910446321819.708,4291.743864232092,4.130592390711837,27.564778440122694,980755892.7579898,59444214.525902204,459362.5374008493,159483.32052472793,18769222.31937867,1.7452827137454907,252415.52210922903,2388537.8722476223,2551674.6504085716,283577465.2356322
NZE,2050,Molybdenum,Wind,65785153.44362089,71491055.85222429,856347798.0774653,1754755.714470754,2431232001886.9077,5481.469682333337,5.237652495701765,34.588658046645115,1144993280.2487454,75739252.44743465,583835.7600659381,202966.84351370716,23884119.50450876,2.2232959639856227,320764.61202375294,3038226.5840591276,3238189.2401460973,359932031.23644453
NZE,2022,Molybdenum,Other low emissions power generation,82924335.97137502,89613878.82378319,1080189335.671318,902531.8952184815,1123704178190.1208,2355.327396384756,2.49652488137944,17.060796772817753,939612915.1473292,33222205.59159371,268089.6904538116,95255.2120956986,11058652.33048463,1.078794769309787,194437.1758287292,1466892.3568889734,1666303.5643876812,175257765.98697555
NZE,2030,Molybdenum,Other low emissions power generation,209470111.96818554,226707122.42348033,2970906100.0546284,3901846.342877423,5193348083023.882,10897.11577054723,11.422216800302706,75.34046745606659,4092112709.338931,155035969.1759391,1253621.6208984316,434370.8759387551,50974166.06278115,4.036561815245932,733258.5098687161,6562590.643684429,7143685.281404437,791758775.6928345
NZE,2035,Molybdenum,Other low emissions power generation,130387715.43819152,141501907.70011556,1826633913.2278876,3019369.2227422018,4107088077006.276,8862.378119214743,8.962641853402346,59.457140434492345,2796346731.2484465,124549775.59081475,992514.4110820903,342741.4322893906,40276709.69248605,2.946179575699296,547414.9120138546,5148522.391202557,5538384.418879364,617469918.31088
NZE,2040,Molybdenum,Other low emissions power generation,97501417.13880123,105881703.96894404,1326128282.1428041,2415583.740020909,3317717175250.0435,7371.021304783575,7.203987469381287,48.35404744017459,1925547966.0954866,102331372.28233586,799554.1400053989,276905.81586960395,32541817.632703625,2.9106737714934288,438731.1747187748,4151408.400534001,4447488.970216067,494648938.9742397
NZE,2045,Molybdenum,Other low emissions power generation,73722629.11381437,80100056.05033202,975218174.4478376,1918013.3900852303,2648418650361.5435,5949.570193513999,5.7261686966335485,38.21257497796066,1359604909.159741,82406485.12779778,636806.3302459117,221088.96527224063,26019447.85136745,2.4194552008320636,349919.2669062158,3311188.6870132443,3537342.377335106,393118528.99215996
NZE,2050,Molybdenum,Other low emissions power generation,56882994.548832834,61816764.53514018,740465357.0002267,1517299.1855421744,2102233550747.9312,4739.707878419394,4.528884448327971,29.908061988560203,990050841.405388,65490087.93895058,504830.1116407094,175501.024909497,20652079.81528821,1.922435771290263,277358.1989565895,2627088.5932836942,2799991.962520545,311225416.3596093
NZE,2022,Neodymium,Wind,327570684.12713915,355581546.57732356,4204826834.016478,1535809.931034688,251317312692.89423,63625.08127962571,12.069935637782237,89.25361259679751,38030712908.76929,129579058.404021,896337.5837362914,16952863.222010575,13461948422.074574,12.048512418270045,279121.12577070016,879865.6848183456,2660867.5495544737,169882691.64888155
NZE,2030,Neodymium,Wind,758573944.7517984,823763982.5652931,10136872879.834759,4148042.997325331,705024102017.0703,188280.54325678834,35.49843844571004,259.0086425840918,112290660201.87094,385894723.80775744,2660017.761648056,50163872.40108653,39842246617.747,34.59769344366699,637015.5663775138,2294013.381773065,6975131.688123225,486640646.59206945
NZE,2035,Neodymium,Wind,677618105.2754381,736667031.6838596,9018794496.950573,3901772.288509013,673255447801.523,181837.62681002298,34.06089465738426,249.64336131727077,107550905081.94444,378546694.36731994,2559250.514130097,48280220.158083044,38347379282.638756,32.62757132422436,578575.732012482,2142000.0186973615,6535505.747786607,462800114.3874028
NZE,2040,Neodymium,Wind,540675522.3587708,588150857.7776619,7122040050.732775,3220437.1587983505,559707195413.2543,151819.1310859362,28.256808989923535,208.77220560087076,88998896721.13571,324457889.8902471,2121787.7525295014,40095790.66129742,31846667837.669662,28.103944503481742,479560.61676980864,1763133.6293104626,5403291.0134846065,382372008.2984749
NZE,2045,Neodymium,Wind,463869047.53476566,504853559.83316654,6055979763.549053,2843511.581271696,496232531768.9448,134724.58185499904,25.00738682817739,185.35886217923616,78677492734.57314,291629360.1993203,1876618.0782952788,35493381.15786921,28191007124.36103,25.294600501814898,426591.45342281926,1555572.5794931543,4776288.414036501,338255925.6350789
NZE,2050,Neodymium,Wind,579958974.8186466,631490350.0422292,7550083252.02273,3610668.056795922,633486430391.6058,171586.91609208443,31.8186735498655,236.08674590822474,100138869939.97635,372666755.38885236,2387827.419268475,45161769.76127427,35871247000.696945,32.59904593716769,542755.4459708051,1942470.7801122288,6047194.846703045,431226667.6228267
NZE,2022,Neodymium,Electric vehicles,227517580.9332919,246972812.9590233,2920505637.029195,1066712.55156251,174555019118.71445,44191.45326755195,8.383297686257226,61.992012751968055,26414622008.156734,90000465.04849613,622560.4690318432,11774785.159552852,9350134453.577599,8.368417969207316,193866.4428776499,611119.7425664217,1848132.8683966084,117993767.20595327
NZE,2030,Neodymium,Electric vehicles,887510279.9223367,963780799.2412323,11859857498.879595,4853094.187001951,824858462991.232,220282.96490520315,41.5321792420201,303.0328611633571,131376928983.5475,451486024.15976137,3112146.316877692,58690326.4272328,46614313203.20552,40.47833280498829,745290.3801165689,2683931.438311075,8160708.814019319,569355933.5468678
NZE,2035,Neodymium,Electric vehicles,1173744158.7271304,1276026450.0523021,15622010800.98537,6758500.690384155,1166187330350.3955,314972.18070687924,58.99897867822515,432.4226800168621,186295563272.22934,655704102.148364,4433035.832858446,83629150.3302958,66423863360.60988,56.51623083432082,1002186.7487659359,3710290.48717268,11320553.031377481,801644653.0743606
NZE,2040,Neodymium,Electric vehicles,1162965112.2981908,1265082105.7695327,15319140158.700579,6926993.931021696,1203901257686.2258,326555.1065861109,60.7789361293654,449.0582271454281,191432028341.44687,697892156.6600204,4563855.824521726,86243973.99325702,68500537025.57429,60.45013251742183,1031510.1081373063,3792409.3368649925,11622199.786043255,822462432.977346
NZE,2045,Neodymium,Electric vehicles,1187372718.835339,1292281403.854349,15501584327.025219,7278580.226979478,1270214026032.5854,344856.57946197054,64.01179179111885,474.4659237680427,201391985423.20526,746488148.2227484,4803608.0908677,90852952.37966819,72160953514.47263,64.7469770386925,1091952.6891791797,3981823.00128585,12225938.743393322,865838883.2322683
NZE,2050,Neodymium,Electric vehicles,1201440194.9042857,1308192341.4878733,15640715788.026602,7479842.4065220235,1312327411843.0693,355458.62183987343,65.91540955685689,489.0761559591195,207447196512.1371,772014640.1195753,4946611.682146741,93556902.85019773,74310701030.97223,67.53202520349262,1124369.5452707368,4024013.0319281323,12527339.46831149,893327069.8306754
NZE,2022,Nickel,Solar PV,3339549.0669130418,3565175.1960599995,42538836.03826252,14236.946311418575,1307719565.456798,59.64241261552942,0.02529702484195632,0.9603324195442282,21387621.210743994,90005.79705632948,534.0811731253455,355.71530603409616,679342.466002708,0.051463638729012155,4562.095989436488,7850.920831997735,17996.291369525003,760918.9050924443
NZE,2030,Nickel,Solar PV,6033526.349604337,6432605.802941853,78084201.55275373,28789.77249661441,2721784230.577961,139.17859369050117,0.055823756423993995,2.152632707116011,47474750.06229555,267139.2442936952,1259.6997329367746,730.4848713055516,1543312.6283774108,0.10697886063893898,8328.351095528991,15417.154310024096,33870.31419177452,1654531.4672511737
NZE,2035,Nickel,Solar PV,5780007.805163667,6164988.74109762,73917419.68834424,28843.650543030435,2791097413.914625,152.6696287270039,0.057285415291667044,2.2476392221935746,45394057.90217851,376314.8145378948,1309.1364346715734,745.0886910196368,1608557.3951263297,0.10642547153839464,7941.944388635937,15356.116101244303,33133.5102858406,1691596.7263610377
NZE,2040,Nickel,Solar PV,4719141.66769086,5033157.5014602905,59430103.54212552,23997.459710826337,2360247889.1155586,135.3582838106908,0.04806185338765332,1.9110045280336412,34152666.663809106,393217.74182109913,1078.6206514028038,630.8489986511933,1358618.5659767813,0.10238117764477085,6626.781680376398,12825.750456370615,27592.240979221315,1409313.5714665176
NZE,2045,Nickel,Solar PV,3740970.7378704795,3989330.3754982078,46443447.54602118,19416.817012068575,1923044322.0888147,112.82291543137848,0.038966896816579805,1.5570925212132225,25286291.701132897,356462.5257656651,862.8411030262798,514.8581129388654,1104651.2143647303,0.08610051113715278,5407.680914356027,10375.893842166899,22345.602456143166,1139756.763641677
NZE,2050,Nickel,Solar PV,4664931.299426269,4974531.231187457,57477900.1507916,24548.82226447457,2446122625.822618,144.14230882371334,0.04922203411983493,1.9703825357960658,30316564.38451512,466063.34239251557,1089.1045212697672,653.1975702064112,1396672.8304224154,0.11004709517982386,6847.762517830846,13099.589394140703,28240.69312739809,1443694.8692003074
NZE,2022,Nickel,Wind,351415345.76283324,375157618.3267747,4476292899.19454,1498130.8285608646,137609214312.46786,6276.074593145551,2.661964999910735,101.05422693290322,2250584780.2277164,9471164.417550154,56200.49783929405,37431.34619628568,71486108.69263074,5.415435447856111,480061.9806472862,826139.6983405887,1893720.6273529055,80070265.40780768
NZE,2030,Nickel,Wind,642422008.5210959,684914144.8137307,8314045002.650194,3065401.9557490284,289803009194.38354,14819.09359816686,5.943855657056381,229.20238467249916,5054892035.245186,28443752.447557997,134127.0072715949,77778.65397888972,164324797.97874868,11.39061479784065,886764.3445046806,1641547.3578191726,3606354.561416189,176166866.06888276
NZE,2035,Nickel,Wind,646556354.3559171,689620633.6483458,8268462432.593372,3226474.1104254946,312214417250.56165,17077.748317644404,6.407992950399828,251.42274377390822,5077816081.914957,42094879.93431073,146441.06186146877,83346.22443019951,179934533.00115126,11.904839441047377,888392.3315512703,1717747.5841151718,3706341.295644809,189223379.84595853
NZE,2040,Nickel,Wind,545438455.5145915,581732409.6781107,6868932142.685709,2773626.706432716,272797481814.25037,15644.712208636736,5.554989641529321,220.87392827986224,3947365658.5367403,45448111.729347974,124666.9889601265,72913.53549375467,157029151.57925937,11.833217847781375,765923.5130666286,1482400.405063794,3189111.5723290043,162888480.97591388
NZE,2045,Nickel,Wind,446785587.32226324,476447275.2476316,5546758967.949528,2318957.992599597,229669929837.5914,13474.484583408685,4.653831612227879,185.96416421085578,3019951633.0148587,42572457.816991374,103049.4478555654,61489.70427605295,131928923.31393762,10.283017465957675,645841.4306515767,1239197.0290857968,2668743.9750252776,136121592.69062984
NZE,2050,Nickel,Wind,546461128.3446424,582728399.4331686,6733097693.238322,2875707.3262422387,286544612209.1417,16885.17229218274,5.765985944498702,230.81528851542186,3551354332.5134597,54595766.500401065,127580.28947854435,76517.11425865506,163609571.4710323,12.891178013792759,802163.1599569791,1534517.003938308,3308181.844721005,169117844.737162
NZE,2022,Nickel,Other low emissions power generation,1808055612.2074134,1972047930.2235498,30185867541.218826,633108795.3222896,2474230645247.1533,456092.9148641601,36.755844878250926,505.4622248200113,68835078741.84764,61398614.97159928,504687.3353340089,495060.2710954202,805595680.4645829,34.8499014824062,30600781.033483908,6019412.096147807,473496218.0318696,7382939738.452558
NZE,2030,Nickel,Other low emissions power generation,10171943536.23481,11112220686.139555,175854115201.27258,4024472326.173727,15564389851058.531,2902208.639648547,231.5019454979368,3205.0804895078722,435520278902.0744,438910354.07862335,3236089.0130496398,3089232.5988469105,5107105651.860977,214.2196458550735,193414382.92012134,36127626.67729812,3006548101.201982,46804739204.869156
NZE,2035,Nickel,Other low emissions power generation,7492624525.619,8196471412.824381,130659971056.70139,3147737488.642609,12192062969288.67,2278631.424820925,180.88749073241786,2537.0480521949016,337044999234.45544,437708154.7803856,2531288.4198951437,2416184.122023978,3995559580.5899053,163.01255483652582,151066142.39620456,27747204.742779464,2351196086.6281576,36593430251.89497
NZE,2040,Nickel,Other low emissions power generation,5542070257.837071,6067803400.3597,96812978530.78976,2428071529.8455787,9450713574975.758,1773995.7227312955,140.41075765905956,1999.8585733777907,258364399600.475,441313065.9048115,1938703.625245289,1876754.2111940547,3098442814.841428,151.0748935921111,116557574.37431832,21289792.887179915,1813718908.779521,28367369722.856724
NZE,2045,Nickel,Other low emissions power generation,3718100634.3556595,4071751282.927039,64450556988.58629,1688379708.7873592,6560966453963.457,1234780.7926960904,98.21603199866493,1410.8274614186241,178175952585.39932,355729712.9746427,1342838.8217269257,1306459.5652046488,2153812824.129277,109.60141835763292,81077277.37553687,14707189.558339877,1261112694.5963404,19706651624.287464
NZE,2050,Nickel,Other low emissions power generation,2442668445.4678574,2675341643.9662843,42136234719.51466,1125937652.0571961,4388645635625.5146,821610.5056729754,66.23637055644657,950.7208848502199,118291740478.84688,251076898.24033692,902559.4213100744,872650.9035304114,1431802039.8247018,74.32103953693942,54083664.192781284,9811021.155025903,841048016.5928612,13100310206.283686
NZE,2022,Nickel,Electric vehicles,4539519603.4972515,4951258234.450268,75788231582.45618,1589558290.1917863,6212097925439.595,1145121.153388812,92.28359860248835,1269.073618590979,172825541010.54385,154154670.02747405,1267128.088824909,1242957.2355944377,2022624392.3420773,87.49831027503964,76829962.77655,15113052.401430756,1188815957.5541399,18536487178.747055
NZE,2030,Nickel,Electric vehicles,24436423297.322193,26695284681.090458,422460622429.3883,9668133622.686447,37390889696758.47,6972079.481464417,556.1453928828242,7699.6793449164,1046265922722.4016,1054410021.4119967,7774172.228640762,7421373.819113108,12268982332.477255,514.6275071297414,464646280.8203827,86790688.04002312,7222737896.943411,112440696849.79642
NZE,2035,Nickel,Electric vehicles,31619566650.337418,34589865440.237656,551397130502.4402,13283742563.047733,51451630379234.09,9616034.803602576,763.3618967385116,10706.576808592717,1422360987263.8484,1847168789.2743206,10682270.628994334,10196519.874257604,16861629997.857004,687.9280183961357,637513055.9090067,117095763.53719527,9922264370.108604,154427651199.92395
NZE,2040,Nickel,Electric vehicles,32874056420.222805,35992562715.74114,574268309560.0276,14402661235.051216,56059067608495.13,10522861.090733044,832.8785010913246,11862.618212159905,1532547487544.4465,2617749316.155058,11499863.65984427,11132396.55134987,18379121730.88974,896.1352607544562,691387892.5961282,126285272.46804637,10758488247.839853,168267537107.40103
NZE,2045,Nickel,Electric vehicles,29128724221.617863,31899330298.776196,504925144602.9088,13227276976.908741,51400594351558.5,9673645.961125847,769.4540819566909,11052.84877666317,1395884268926.891,2786894096.1220994,10520205.222724967,10235199.130949756,16873620686.68644,858.6506400981349,635183897.7916484,115220568.47021893,9879938039.827747,154387865457.783
NZE,2050,Nickel,Electric vehicles,23050364662.413876,25245997099.763226,397620715815.0955,10624967754.102846,41413677105041.375,7753169.203692334,625.0428698473779,8971.525844463371,1116266008040.5618,2369299883.2836037,8517047.751320843,8234814.506521456,13511272560.785925,701.3342586849917,510363239.9379401,92582198.68259218,7936592261.235937,123621741626.81282
NZE,2022,Nickel,Grid battery storage,183629778.04515523,200285168.92754543,3065737646.159623,64299807.361307316,251287859262.55746,46321.717185580244,3.7329978078578367,51.33576397055039,6991029560.011234,6235767.286908706,51257.064630019246,50279.3205510083,81817923.62970553,3.5394263489936346,3107877.0980537813,611343.6443630472,48089231.78876095,749826264.3800114
NZE,2030,Nickel,Grid battery storage,377430246.23562443,412319255.8879177,6525071808.10917,149328156.96679047,577517115885.085,107686.53184002673,8.58988609030909,118.92460020553035,16159991993.768248,16285780.826952757,120075.17232914256,114626.06101857069,189499296.458613,7.948625884087086,7176646.027478241,1340516.5870364842,111558050.44666493,1736691142.6670256
NZE,2035,Nickel,Grid battery storage,308168722.56393105,337117670.34171396,5373993616.403364,129465214.42851126,501454791684.5316,93719.22121282059,7.4398318981824625,104.34779624348259,13862529278.692486,18002765.58010801,104110.90481482746,99376.70996557333,164335806.1875842,6.7046427609029875,6213291.479603813,1141231.7020644718,96703777.43286827,1505073504.8048334
NZE,2040,Nickel,Grid battery storage,0.0,0.0,0.0,0.0,0.0,0.0,0.0,0.0,0.0,0.0,0.0,0.0,0.0,0.0,0.0,0.0,0.0,0.0
NZE,2045,Nickel,Grid battery storage,0.0,0.0,0.0,0.0,0.0,0.0,0.0,0.0,0.0,0.0,0.0,0.0,0.0,0.0,0.0,0.0,0.0,0.0
NZE,2050,Nickel,Grid battery storage,0.0,0.0,0.0,0.0,0.0,0.0,0.0,0.0,0.0,0.0,0.0,0.0,0.0,0.0,0.0,0.0,0.0,0.0
NZE,2022,Nickel,Hydrogen technologies,14491398.663147146,15805781.938761143,241936939.0959713,5074308.493729904,19830729996.782333,3655.5425685518826,0.29459470037054614,4.051233026004859,551706795.5887659,492104.2256173973,4045.0223583761817,3967.8623280678335,6456774.939941567,0.2793187401719857,245262.43239746944,48245.03174244245,3795028.4353339374,59173579.802280255
NZE,2030,Nickel,Hydrogen technologies,990350266.437493,1081896559.6916866,17121326836.245369,391826520.30054027,1515364058109.826,282561.84172617097,22.539253446303018,312.04973812828115,42402675822.289696,42732736.82217439,315068.75798835617,300770.6753834267,497232748.5920269,20.856632028380915,18831011.495044854,3517420.6952843717,292720432.6760019,4556954703.588805
NZE,2035,Nickel,Hydrogen technologies,978391072.8779731,1070299790.4121404,17061651605.157644,411033309.9064276,1592046355496.8616,297544.95728448685,23.620389026937616,331.28914404327134,44011523236.166824,57156174.00801766,330537.04805796436,315506.66489890066,521742389.65728176,21.286269967720223,19726300.794760343,3623245.409512891,307020491.1345886,4778390450.772702
NZE,2040,Nickel,Hydrogen technologies,768157744.775825,841026901.3050134,13418747109.544165,336542458.63864005,1309914614671.2537,245884.38800251958,19.461610179539825,277.1900716025971,35810555495.36049,61168125.56935134,268713.699984443,260127.21154711526,429459161.33050674,20.939711002375013,16155443.598230401,2950868.273067158,251390213.73018268,3931854656.789336
NZE,2045,Nickel,Hydrogen technologies,580732534.569188,635969457.3138803,10066574037.435638,263709114.9549226,1024761579293.2692,192861.20788497705,15.340425342682607,220.35805054304097,27829416877.02058,55561653.15389147,209738.86108774188,204056.76156340304,336405413.23351616,17.11871617651109,12663512.21136974,2297125.4165863516,196974004.61492,3077994619.053063
NZE,2050,Nickel,Hydrogen technologies,660161435.8751338,723044252.859721,11387839911.887241,304298611.8181865,1186085901153.3845,222050.42692614728,17.901200457570102,256.94410783571675,31969809652.87203,67856645.04118496,243927.87512370068,235844.7273354891,386962255.25547266,20.08618249744681,14616780.872222103,2651550.1213930235,227303655.27259737,3540521273.8698945
NZE,2022,Niobium,Other low emissions power generation,3818259.829256891,4061057.4750707126,47397738.774991766,15274.063358025964,1206069255.7907023,43.1842020500126,0.8763437994825939,0.40978696388887786,26783546.19633237,298564.6986436536,2358.182809955737,339.3485851623028,11393558.304772068,0.06088083081993843,3372.172091695973,10739.217545664667,24907.656935537583,3110725.9842283847
NZE,2030,Niobium,Other low emissions power generation,14817369.67873998,15719373.98967608,177076982.5499406,71906.54128756335,5747038177.421155,243.86991987174324,4.76585226487591,2.1608890193949994,115349471.94222423,1552321.7435953845,13478.039321786557,1597.9584416019727,61993774.24151021,0.252980699360984,14721.869816209615,48249.709510686895,118880.71085405476,13032646.024264554
NZE,2035,Niobium,Other low emissions power generation,19645730.266160175,20818777.711303305,228326892.72986218,103661.69818652389,8386358214.687008,391.37123764390225,7.104003407961896,3.259407940015556,137275672.22432095,2415149.5502945078,20436.706367246206,2338.0766156126756,92440191.87411228,0.3425923777898401,20763.620024034873,68637.91785606708,172358.12437017064,15776862.484709779
NZE,2040,Niobium,Other low emissions power generation,18332954.47252165,19415468.63023979,210800389.14232576,100405.63958471033,8190347209.33901,415.4485030272192,6.91649172946557,3.231819451927951,111858639.60113947,2660605.4341046824,19858.849127881105,2300.9636310212595,90021571.13095382,0.375480754365874,20191.583499416545,66439.39991624575,167406.32479710891,13419191.523657529
NZE,2045,Niobium,Other low emissions power generation,13540041.328349274,14336955.57548611,154141248.45095754,76801.8951012503,6296572012.947553,339.1583278640145,5.30340263494184,2.4859573457752946,75686696.40926498,2287506.587655007,15159.466581602801,1783.2676943263934,69033620.24202238,0.2903907291312522,15554.217182805432,50853.62320791173,128240.13233055582,9499515.509633686
NZE,2050,Niobium,Other low emissions power generation,10231103.202286312,10832874.926835597,116024722.17658934,59313.25328564645,4880152282.316998,270.54353691989013,4.102381013680303,1.916118182693566,54087246.93859262,1861999.71746102,11697.254389006885,1388.2322619990928,53406248.57614521,0.22267017728018948,12061.93954456123,39314.17653704087,99089.93053659203,6951255.370776902
NZE,2022,PGMs,Hydrogen technologies,39762914.28722964,42415625.03789748,672087747.5970534,8242777.605943058,573013431982.5521,651.8007961676363,0.29461008667949207,3.7357298194550626,183199480.07797068,1555830.0281885366,179213.02035873992,32825.30833538981,811585.6329969147,0.8526054590788352,443496.03613807354,788247.9441434916,6739636.830446902,24274777.473017655
NZE,2030,PGMs,Hydrogen technologies,716695325.7189811,786221409.8730786,14847772509.804546,269693045.50857645,18669515562743.668,18928.385667927723,9.160625360646439,84.79667905258476,4349451163.995491,57073712.95066701,5890951.706670742,1059846.104576487,26696312.551219605,22.781030506129163,14107927.759576393,24799837.413948417,218155454.2600013,695335881.6739824
NZE,2035,PGMs,Hydrogen technologies,997478171.5607433,1109825911.7127938,22378999048.256596,511533952.96697587,35399698238040.734,38958.72912304831,17.454638603799204,152.67752633722475,6368934118.099611,152079854.335223,11202969.34782457,2005442.0021920153,51516485.08913892,34.18182865765857,26546253.307068042,46397747.16764063,412852091.404814,1143385658.6023097
NZE,2040,PGMs,Hydrogen technologies,1317885328.491415,1464721031.7320812,28820309898.522785,766521181.8690485,53080439439323.55,69748.6601445481,26.430335661512792,241.35327265255253,7831182874.648692,366732575.2027165,16796127.948817264,3008655.227006115,78250948.79055443,48.846458497207365,39687352.68878533,69117587.80511917,618569719.5537599,1494209621.551791
NZE,2045,PGMs,Hydrogen technologies,1291183824.7139995,1431182377.7038066,27022182727.117733,828638987.6377382,57431985442095.76,88560.47880331422,29.427025507968096,281.9986482391145,8229258452.011303,562790430.0793593,18171517.25421146,3260032.884306412,87175946.05504185,51.5860928693719,42864612.09405434,74499711.49413848,668675505.6276474,1469584737.3444285
NZE,2050,PGMs,Hydrogen technologies,1040205666.4494345,1150128859.0936487,21055063323.768856,735188165.2271401,51035131035344.25,85668.97983001589,27.530951734944587,280.22768274772653,10037967797.678192,570075996.1252404,16168348.452644553,2899905.6832719184,80285888.01891485,44.95576984996047,37999466.092830196,65960382.06870796,593336026.9596404,1275049776.7398553
NZE,2022,Praseodymium,Wind,180292992.9602451,195454232.65454867,2352321771.1247845,819722.2087895775,136727812738.70293,32481.48058865364,6.097888440103013,48.84085188117598,18339756922.081726,62595976.480427176,433001.523211282,8155407.783465718,6480867917.32022,6.361796092241759,154339.89868253958,566994.4058568658,1462660.0045054764,86151092.22990945
NZE,2030,Praseodymium,Wind,466956617.9929432,506139360.8350756,6366330620.968279,2464769.448423231,425897582579.11383,106705.52167298102,19.89358664365397,157.408255163218,60114266825.62274,207677903.0799248,1426448.5007112264,26780564.710220285,21286457177.16628,20.28479715018636,394788.4051702644,1680457.1531944694,4283970.269333174,273519772.569059
NZE,2035,Praseodymium,Wind,425285610.15130883,461422433.3791327,5787525535.056168,2368322.0889394404,415272922589.7622,105351.48126220144,19.484375115716443,154.915635399745,58778831482.36426,210445057.73393,1401004.6160537489,26315672.57571836,20917616805.15653,19.520628759232956,367030.34757658554,1611478.494309663,4103868.9612589357,265497468.17103177
NZE,2040,Praseodymium,Wind,350264436.75457597,380324414.5070658,4722235793.079693,2038243.8514168966,360218679708.5119,92044.40755824314,16.8690223544243,135.22266377732126,50753680666.17248,192913828.7194201,1211469.3393025103,22802780.241765246,18125172193.49876,17.49042467388807,317343.2539557641,1385474.406734278,3538547.0575590385,228882201.97120333
NZE,2045,Praseodymium,Wind,321250448.4190157,349038633.90270275,4306139224.805954,1941453.1316912454,344957189335.4771,88096.98182246381,16.09545192225978,129.58954199912827,48409888768.39397,188465438.749448,1154595.4252134888,21742556.378215216,17282282170.13887,16.93934353412599,304287.13428714377,1318022.1027023296,3373434.1316420315,218460928.642074
NZE,2050,Praseodymium,Wind,433088794.6610343,470816053.3109152,5809381986.686022,2679192.1085711904,479719944297.3614,121857.75890116976,22.252046266037855,179.61365149264432,67031799228.502785,262111591.84032616,1595697.0945547158,30026277.031993072,23868620855.511356,23.68225556038632,419331.51346215984,1758198.9368403621,4618969.336170366,302984085.52290803
NZE,2022,Praseodymium,Electric vehicles,112866345.18649378,122357527.75935015,1472591677.8586028,513159.4315186785,85593833990.89586,20333.935002653117,3.8173773161620486,30.575167437809355,11480986040.652786,39186099.0975032,271065.99420544284,5105417.880706174,4057128696.2085924,3.98258779738709,96619.28616711832,354947.7174876318,915648.9459099326,53931984.566693194
NZE,2030,Praseodymium,Electric vehicles,446151620.1615751,483588597.2335134,6082682226.964745,2354952.9878499215,406921947711.72797,101951.3152618086,19.007238723887248,150.3950160717876,57435908402.699,198424927.2001263,1362893.864540975,25587371.233032238,20338050669.27274,19.381019059336477,377198.8227616887,1605585.2998343208,4093100.3068381352,261333248.0486443
NZE,2035,Praseodymium,Electric vehicles,589186613.5597477,639250222.5655489,8017982479.29696,3281050.752938768,575315132051.3083,145952.93373856627,26.99346678499762,214.61863846312298,81431630517.12921,291548568.64902127,1940938.3849610656,36457480.89835036,28979066102.861683,27.043692235713028,508480.33039577317,2232526.881285427,5685460.777562756,367817651.118571
NZE,2040,Praseodymium,Electric vehicles,577325394.3018738,626871927.3997275,7783452600.802866,3359547.2783528487,593732533124.2046,151712.7298997787,27.80446417139127,222.88154174924767,83655049237.55757,317971339.77881175,1996811.3819318055,37584815.10779326,29874920446.84245,28.828694157250922,523062.8633515066,2283616.245983533,5832430.7605696935,377256420.10951763
NZE,2045,Praseodymium,Electric vehicles,585694415.1054004,636357021.5665132,7850827001.323053,3539600.5266809906,628915851288.4615,160615.83881046972,29.34475685826635,236.26386010816674,88259492327.74272,343604671.8663718,2105024.58621244,39640392.42125827,31508551029.704426,30.883315345754063,554767.3972674144,2402979.321390224,6150346.374152239,398291571.12184083
NZE,2050,Praseodymium,Electric vehicles,588924277.0666566,640226686.1799603,7899733562.469273,3643228.121147584,652334405490.446,165705.0319715691,30.258853200616954,244.24284617984455,91151409105.42525,356425475.8800018,2169866.247783064,40830434.1097302,32457109154.51435,32.20368526533768,570216.8041781202,2390840.0553943813,6280982.585167658,412004849.18784946
NZE,2022,Selenium,Solar PV,7008153.486173668,7523477.194444811,100234747.96406108,614664.0866595318,43730802168.6561,355.2075731563592,0.9741805012746312,80.51466622331418,126438980.4544811,1414283.6631134811,11336.008239062736,3802.5331332723445,928731.7377463533,0.10737740076202743,54636.10306141741,66077.77260839568,914746.3863846355,13098829.299007805
NZE,2030,Selenium,Solar PV,7574415.4724908145,8146808.480169493,121564356.98676383,1154569.4829353536,84306523675.44414,695.013914058739,1.8940714638165972,156.88025984701002,234213012.97097552,2806559.23423439,22314.171096951202,7099.228594150074,1797666.2500820607,0.16310425060532047,98142.95198054874,119029.47154875951,1736989.8670210498,24866639.53956947
NZE,2035,Selenium,Solar PV,5234534.51085371,5649553.645052186,85559706.29512398,1041028.2231364858,76208104072.27989,643.3234965688429,1.7134339660133335,142.1114086738675,192116914.47903195,2670291.859534064,20223.179910985542,6374.022865443763,1627859.3884863413,0.13273207783853896,86888.763924461,105452.56326223769,1566401.412602858,22203325.128524598
NZE,2040,Selenium,Solar PV,3383316.05602524,3653929.953995631,54123930.30526912,745060.7906712131,54644445257.71265,473.65702596349,1.2280288946182658,101.929786886296,122940888.16917616,2038153.848412315,14436.937204502707,4573.2201159481565,1169355.4586812374,0.12252166107984186,62122.04508264916,75243.1108551158,1121831.206254846,15784535.148619661
NZE,2045,Selenium,Solar PV,1712410.6844019007,1850060.0449060078,26696343.927596644,406206.1249626037,29817514994.12728,262.2286670093383,0.6697648866921725,55.60824000138222,61244693.069094755,1157318.8091397097,7851.217985837661,2497.785641836701,639929.9002033193,0.06981424704517122,33900.40269568185,40976.69872088264,611746.4705939803,8574289.56401233
NZE,2050,Selenium,Solar PV,1309159.3527341553,1414829.9272825476,20108696.97349516,325100.6281645511,23879445534.04437,211.15444961201774,0.5360285043460019,44.50854101303378,46388658.54556206,936284.4856420626,6279.203555748346,2000.9759377281075,512836.9875269538,0.05565979323823078,27139.016299179126,32778.67910400182,489587.31938787334,6851328.369456231
NZE,2022,Silicon,Solar PV,11152831530.104998,12182005991.779915,135103428164.8287,51510406.357438534,2986970856160.1997,100621.39517601473,894.2943930240851,400.44641478745024,96260614575.79634,783670121.061108,677450.0892248543,868501.3235865452,46276588.614098825,90.82329412422409,7777998.670417188,22840027.362287737,74168772.1083615,1510972204.8673918
NZE,2030,Silicon,Solar PV,10849402546.42069,11947323075.238596,138608060312.0192,64758847.72584084,3595046017878.459,157844.47570473302,1484.5743512419733,402.7226204329892,152706516043.65146,1320111791.7434857,1346420.224960972,1079991.5610847478,73983837.19556111,109.92543240811588,5863895.597459988,27996456.78013315,70903203.34322535,1915693827.9407482
NZE,2035,Silicon,Solar PV,8881040159.565775,9830876445.450584,109906754837.60501,56872082.676848814,3286851817935.175,160024.85314883754,1439.040361538045,371.6080050936666,127543556460.36485,1343928881.0096061,1304078.8828253285,992101.9073782098,71794593.76441547,91.79753086617913,4437436.399649402,25250746.767399874,57263502.929008454,1616009957.7331128
NZE,2040,Silicon,Solar PV,6887780027.952468,7634742417.271278,82868152230.26144,44343210.109495275,2632373789664.4365,134341.02672452427,1160.914517880863,310.65314679231363,89816555789.97403,1135487229.798465,982876.8145648977,796939.7638563979,58549647.22757886,83.11990308325825,3434520.2394953324,20072421.04652802,44812666.65141782,1190042988.1014032
NZE,2045,Silicon,Solar PV,5174500748.024845,5739165626.132744,61101805033.47179,33599298.459663436,2011810620941.0679,103702.86336093894,887.7370309925763,242.51533865745944,62633104073.298096,882263163.6210177,708638.233758467,608447.8902207271,45857593.370448254,64.57724606802819,2603821.3581613814,15262292.432864329,33980684.59619828,866430972.9039142
NZE,2050,Silicon,Solar PV,6201794113.025767,6879759134.805899,72459612836.37933,40502477.48272039,2428900759125.4795,124857.07700026373,1070.208539467505,294.94803675123075,71024085102.05241,1062643795.655744,822372.2442557539,732993.526682043,55614876.32090296,76.90950108929913,3140240.5822410462,18365889.037929833,40958882.83621594,1015445482.4654005
NZE,2022,Silicon,Electric vehicles,160302296.04180995,175094864.97721913,1941873655.9842815,740371.3027364537,42932441430.67785,1446.2552073978636,12.853905678760645,5.75571141363192,1383576672.2776446,11263876.747923583,9737.15100630155,12483.175766662309,665144.397438282,1.3054247742307195,111795.02192895417,328285.137092716,1066045.374349895,21717562.31068367
NZE,2030,Silicon,Electric vehicles,1033209916.4089845,1137767045.0573173,13199917856.84451,6167112.277314492,342363294174.5799,15031.839481549221,141.3789316772728,38.35206622790941,14542541490.325714,125716839.07587901,128222.2428498838,102849.71783251895,7045626.14553006,10.468414859127932,558430.2964296811,2666157.5737266857,6752251.332360366,182435286.30844027
NZE,2035,Silicon,Electric vehicles,2243967743.9285645,2483962378.4807677,27770081912.061638,14369839.203961775,830487119301.5857,40433.39544029874,363.601570929115,93.89399910748683,32226363297.627907,339569803.19150114,329500.9251192825,250673.8668948384,18140302.228256196,23.194433820246235,1121204.720127582,6380092.898816955,14468739.153110247,408316385.67853975
NZE,2040,Silicon,Electric vehicles,3048891552.007494,3379536158.719545,36681776746.63956,19628623.17656271,1165226266875.96,59466.36213789982,513.8814613424886,137.51132455099443,39757503443.36703,502626014.23031765,435072.6655656204,352767.20563373185,25917134.99570859,36.79321483638778,1520298.223941531,8885102.99526643,19836429.186466284,526775245.1767049
NZE,2045,Silicon,Electric vehicles,4303531101.535651,4773151840.465825,50817176598.51247,27943879.603483282,1673183558998.3118,86247.64388379965,738.3135318551754,201.69526555971726,52090728070.344734,733761023.3859917,589360.5638922672,506034.21406947187,38138863.80954292,53.70763295596411,2165547.3142926088,12693350.211734952,28261070.996469118,720593699.9137845
NZE,2050,Silicon,Electric vehicles,5191032201.458699,5758503193.785191,60650220997.96236,33901426.106691495,2033041056343.0222,104508.00130998879,895.7870721608743,246.87771451762478,59448654070.84908,889455222.3756387,688342.8768703052,613531.0091116291,46550822.00416602,64.37487112223575,2628447.459825079,15372635.670711908,34283446.993508324,849949240.8547045
NZE,2022,Silicon,Grid battery storage,2395078.8861499336,2616094.8691017586,29013561.925561167,11061.898169149674,641454218.3142873,21.608519632928637,0.19205038764842455,0.08599616613081094,20672038.74782585,168293.74276779144,145.4829117379779,186.51130675653658,9937.931906663804,0.019504370127015093,1670.331013405249,4904.9129045695,15927.79910723969,324482.40750957653
NZE,2030,Silicon,Grid battery storage,30456163.270850085,33538217.489137698,389096975.382427,181789.36868933926,10091920547.537247,443.0969450065306,4.167458865655094,1.130512563092068,428673797.0361781,3705783.806351459,3779.636162188069,3031.7244820442984,207685.5214276647,0.30857984139825967,16460.976625701787,78590.93208614834,199037.64545633638,5377686.351953468
NZE,2035,Silicon,Grid battery storage,48866003.55765607,54092272.38330084,604738158.6401287,312926.34021306864,18085191570.23634,880.5021599707347,7.918008494848085,2.0446927130941757,701780846.8116453,7394678.134623267,7175.4121344635005,5458.826270848812,395034.23149524245,0.5050960686242527,24416.03449552947,138936.77533258282,315080.04553259374,8891745.440281594
NZE,2040,Silicon,Grid battery storage,84095387.23398234,93215320.08957031,1011767118.4165362,541402.223970905,32139599738.672714,1640.2179828568133,14.174023492408907,3.792876161685552,1096602680.1855474,13863572.573691793,12000.297046174575,9730.124622401012,714853.7316863002,1.0148408352575482,41933.294665504814,245071.41833521985,547133.9879822824,14529663.476962842
NZE,2045,Silicon,Grid battery storage,112019021.25422281,124243042.48108727,1322748750.0757437,727366.8922971322,43552231931.30112,2244.9882260403638,19.21797641654154,5.250039027613366,1355898734.5944154,19099476.623943947,15340.796191641486,13171.847964799146,992737.8459443571,1.3979860574172065,56368.24386843799,330402.321630312,735623.2447096565,18756736.98686865
NZE,2050,Silicon,Grid battery storage,135240538.77100667,150024704.9562187,1580103579.792892,883224.559941292,52966261262.28721,2722.7183062113054,23.33769500198761,6.431837412323578,1548799486.062446,23172733.055473074,17933.208254991496,15984.155174699203,1212775.8032993127,1.6771408683303581,68478.22105556155,400499.06256664527,893177.2453706693,22143494.549870856
NZE,2022,Silver,Solar PV,2441819411.0155606,2647848729.928703,34656119803.391,16136713.104820982,7866277086783.396,49479.751895791094,140.86317430798326,819.9847049659088,30075299097.90681,215958855.53768417,609697.6135849133,985787.2564887113,85499153.12938121,34.77181976625494,2556407.758507575,22499803.02160669,24565752.670176946,694335756.4002132
NZE,2030,Silver,Solar PV,2246380930.0383215,2433339478.163291,38351641385.21106,25027360.9258583,13661916385752.88,86327.04151679258,250.45246933815883,1404.9283877421417,49116150260.72809,410247741.1519965,1179878.7348993984,1662478.317183613,151187265.00817817,50.69139019505947,2977401.8528355756,37478345.95544475,36916025.43823592,1064994165.561638
NZE,2035,Silver,Solar PV,1430013882.3597937,1551999051.6623864,25333538823.40987,19854360.80789531,11304318310972.24,77116.22949599886,207.9125588729643,1164.3904677513901,34433233654.87938,416149691.9077701,992843.7838488279,1370868.383916004,125482503.3393814,38.08782128712742,2249002.6557314405,30705517.06350356,29449759.314501084,824908698.2145109
NZE,2040,Silver,Solar PV,742668511.8748509,808348429.974945,13264671468.891361,12080361.94188834,7029538727608.384,54441.43915428741,129.32136207898478,727.6355730402172,18585383623.040684,348368376.04106903,610256.9879128754,853998.0449924932,78307176.9357389,23.326900111084058,1378447.2776263095,19014878.217270814,18050698.0833671,495279897.188239
NZE,2045,Silver,Solar PV,308810204.70554656,337685384.6415574,5638622591.042377,6189422.064901013,3616079508252.501,30995.696347059813,66.49015075775455,377.13789240123754,8895677272.778765,221392053.9748571,316897.2357341041,439615.4721504301,40699114.48111698,11.36000199381285,708382.7475681549,9731790.400567727,9253643.629950594,256544234.80719268
NZE,2050,Silver,Solar PV,125977802.73003931,138461852.7685567,2407937396.4268765,3097502.4860124867,1799200041367.671,16071.531621170932,33.00195968053656,189.7738435158439,4744595467.918082,117440749.36072479,163113.54356053448,218327.1133140112,20438551.528744355,5.5298736185373745,353799.41890285513,4811418.451203236,4620921.010027593,135523949.24853855
NZE,2022,Silver,Other low emissions power generation,18031803.626689415,19553243.010463156,255920787.56465644,119162.80154613894,58089129385.29369,365.38704117809135,1.0402149667150347,6.055240248370638,222093364.03049347,1594764.8122268477,4502.359015670143,7279.621968155469,631375.0855293802,0.2567751828464903,18877.99010983455,166151.52942701333,181407.69382540893,5127375.904179686
NZE,2030,Silver,Other low emissions power generation,34435231.05797172,37301156.74174986,587900126.3288339,383649.515863047,209426300387.11407,1323.3248116699206,3.839236941239495,21.536433560704673,752911476.5399009,6288771.226943672,18086.601570266525,25484.468914232224,2317580.3951872983,0.7770586505054137,45641.19975550055,574513.2027203967,565893.2769189461,16325512.594999308
NZE,2035,Silver,Other low emissions power generation,49663794.68449351,53900289.50285144,879823396.3164569,689533.7946845753,392594331124.8452,2678.214971040345,7.220717759155726,40.43880261327219,1195852059.6577444,14452707.845617104,34481.05675273302,47609.6958205181,4357955.792750411,1.322774386820725,78106.93834301172,1066389.993785651,1022778.04302822,28648740.21640653
NZE,2040,Silver,Other low emissions power generation,40851091.019891374,44463868.81992565,729634140.7510078,664490.2232295969,386665547007.5623,2994.596041955851,7.113427658011675,40.02419188143221,1022304279.6142873,19162288.437649027,33567.6864713426,46974.86335959871,4307350.535755136,1.2831152855049286,75822.62382752397,1045928.9822654778,992893.4626764789,27243277.231834978
NZE,2045,Silver,Other low emissions power generation,25671928.16773618,28072371.980318554,468748480.1878201,514537.3962024591,300610964178.45715,2576.7260213742557,5.52744160686853,31.35212740876796,739513087.5545139,18404705.608642183,26344.217089837606,36545.997025041244,3383388.00832686,0.9443766777350461,58889.08699818834,809020.6226994935,769271.4519730204,21326967.397652708
NZE,2050,Silver,Other low emissions power generation,16715861.796695957,18372357.23148364,319506673.886207,411004.3384552589,238733956176.07693,2132.5145828778877,4.378995228406529,25.180891173634013,629555369.3129879,15583089.187712753,21643.364086688372,28969.594432832284,2711969.8492540354,0.7337530990181655,46945.27180161133,638422.0404981594,613145.1359141029,17982529.91152574
NZE,2022,Tantalum,Other low emissions power generation,9808310.865887336,10448194.255203925,129639836.18297678,42185.04383141125,3825902434.8339877,7458.225069402904,1.1764644238439455,2.907274839372159,51360198.726485334,3155642.468412774,18623.60751820757,1981.033317896274,1352270.9303467395,0.16854997828481502,17086.984262183112,54890.73155146215,74853.17144138299,8535141.270959599
NZE,2030,Tantalum,Other low emissions power generation,47659419.37465373,50974820.73746361,682050826.748521,287717.3690772443,23439368108.477634,55611.22102943531,8.735382107275333,20.823988972286692,342142133.45718336,23803652.922817037,139612.12963755638,13696.924266053284,9973711.600101981,1.0922907637055395,101208.0972051364,348602.5878708373,454441.99281767325,60640820.38373416
NZE,2035,Tantalum,Other low emissions power generation,30293624.514446706,32471333.094564766,438184604.8742299,213890.44742836108,17161624706.82696,42704.408322034644,6.676381934656739,15.821427521575952,226469211.20570588,19116485.758996516,106903.07631058803,10311.585497210846,7620322.300062682,0.7398176418861624,70600.37209672597,247443.9333599863,327890.59374479315,44678942.20472881
NZE,2040,Tantalum,Other low emissions power generation,21167866.34992375,22697804.74963767,304393152.90052724,167022.23891921702,13610290685.938719,34056.506242974305,5.295405541410865,12.618565014216253,161600663.0242987,16773567.599355243,84480.8831011645,8177.1695757988355,6045443.954884985,0.6117229785986836,53274.16106688814,186849.52967357353,254737.20539789184,34347216.26774168
NZE,2045,Tantalum,Other low emissions power generation,13402818.893903993,14395440.335694231,192348542.03572467,124645.82288847411,10554822214.616066,25757.186126607885,3.9856439104397117,9.45306935274142,118517572.89600971,14251762.635648817,63487.580610081706,6193.756990358457,4567168.124623086,0.44423403078927226,39085.374308894345,136685.86438429414,188583.69675343682,25532272.40469556
NZE,2050,Tantalum,Other low emissions power generation,7929052.325283652,8537831.023039222,114353689.94004667,92718.21198073306,8490878539.881075,18912.122761498576,2.924780345623383,7.015063230774642,99681120.91982342,11124840.293477012,46832.28468716534,4588.176281393558,3362556.386521223,0.31261877873531035,28047.47181687511,97797.46136051814,138454.2284998442,19196183.936581146
NZE,2022,Tellurium,Solar PV,4423010.870430724,4758656.082580502,64544419.50174239,138820.69223442554,6675122990.38916,376.6059816289569,0.15767432764887818,11.064441250128203,119678260.75596525,259585.59362080702,1834.1905721966725,869.3409084822791,160399.5309580207,0.04129018080003819,10629.13753922599,14758.96771006054,145678.36810946773,2142308.3737349357
NZE,2030,Tellurium,Solar PV,3168147.4578649355,3401689.7594475406,65990120.09157175,280454.7990157432,13660673183.376608,831.0603460995787,0.34659588568752814,24.434807825138826,221672226.28073055,598732.1375874572,4361.363171517622,1595.8709119258137,352411.4019455284,0.060914428488578774,17636.06251597994,23007.70973747746,298376.3564766131,4184209.549936045
NZE,2035,Tellurium,Solar PV,1553687.5268762787,1673624.749695275,39879428.66116308,261099.6612530025,12821335289.152397,797.7320275632088,0.3288781534946197,23.248367078191496,171908160.33928534,641244.3870283791,4213.450685046769,1466.4988243444116,336076.21863286896,0.048659612939353905,15673.747899885942,19933.075702685295,279122.55994266446,3770618.7094714586
NZE,2040,Tellurium,Solar PV,894285.4899301765,964340.0447212583,23607710.75761006,188694.52217112674,9310008447.760908,585.2466208179846,0.23882229453746387,16.916251119671898,103671864.08491474,518056.3491676651,3040.384568981316,1065.1948275575553,246046.29867229023,0.05477862520096335,11312.81716346974,14218.073437717876,201894.72655243942,2665383.0189206325
NZE,2045,Tellurium,Solar PV,488865.81492377096,527453.2498541725,12808456.540866934,118322.15272125817,5848202806.46777,368.7806914616176,0.14998575449905438,10.631056150710652,55798271.45573578,337435.2753175264,1891.2734037537614,669.7062717536966,155973.9847848894,0.03681791695422587,7106.412168286381,8870.18017110184,126632.660717743,1651368.9298115661
NZE,2050,Tellurium,Solar PV,364559.1729455707,393416.716058141,9348773.574933132,94074.17229926075,4651907915.6296,293.37099710793694,0.11921528168384084,8.456069773474377,39369358.01555191,266574.30332731403,1493.2257610132972,532.8159098455496,124405.68030635902,0.0287488235425127,5652.272850825461,7036.119994140187,100678.3231881892,1303098.9002808768
NZE,2022,Terbium,Wind,194510652.7446794,211360604.44561228,2464022438.3960586,933288.4114527972,150703545076.8666,39968.23222571022,7.63112375185653,53.27938257886741,24794126460.490692,84377232.36923777,583655.4640036717,11069433.658591185,8786031848.460005,7.384590796432963,165070.6880050216,451556.77501263306,1582011.5695255352,107179664.1490681
NZE,2030,Terbium,Wind,480772230.29799134,522861864.9790654,6318994812.931282,2700728.328229267,453846876909.10126,126993.28946924894,24.111628119099777,165.94237029328414,78606621958.95139,269202022.5930621,1859879.6442186283,35177927.17943197,27926726505.01384,22.764328713232622,401342.2594331056,1232202.3870885258,4430167.454091886,330012146.72195655
NZE,2035,Terbium,Wind,451812181.4335351,491956451.22545296,5903817377.541405,2667883.786327715,455287764112.42194,128742.02312937778,24.310370181058843,167.99617238807411,79105972952.41783,275354800.3661644,1880233.3514148085,35572069.67643837,28240491842.40258,22.561659066023726,382124.06514419336,1201130.3904125802,4356260.046663219,329774312.3187182
NZE,2040,Terbium,Wind,389237215.7734647,424009843.44130504,5031442575.457134,2357876.925213327,405069728040.98065,114811.41685004949,21.582488465193265,150.28787046602383,70059990342.50838,248503271.81875178,1668860.902421468,31619706.204242866,25102736114.623566,20.803724226327596,338962.43885163346,1057039.9567489822,3856002.028855739,291584222.86741525
NZE,2045,Terbium,Wind,365285242.44164526,398072204.02155447,4669425786.347321,2261006.0284773754,389621504091.77167,110676.30679622121,20.755027345630108,144.81776123750572,67271928470.33088,241363860.91722685,1604509.147716616,30434154.783275485,24161486765.56865,20.36569214372753,327574.297586456,1012839.1667774271,3702318.917044488,280121908.3269639
NZE,2050,Terbium,Wind,505994268.97279906,551612051.029319,6433273339.248402,3161580.503342566,546695354980.3722,155311.1574785747,29.088225590771764,202.88902740059524,94243753220.49535,339352927.86776525,2249444.5694718026,42687091.871300586,33888866199.931362,28.946764273275157,460117.2775353009,1418787.7588358333,5181600.7814193275,393012977.6946326
NZE,2022,Terbium,Electric vehicles,76414899.29255381,83034523.1750634,968008815.0841687,366649.01878502814,59204964137.340576,15701.805517243301,2.997941473943643,20.931186013126528,9740549680.907053,33148198.43077199,229293.2180014393,4348706.080160821,3451655369.037856,2.9010892415986462,64849.19885911576,177397.30446925058,621504.5451707479,42106296.62999117
NZE,2030,Terbium,Electric vehicles,286302564.11004007,311367178.02124155,3762996911.0714426,1608298.8920915881,270268364900.92572,75625.21732438421,14.35861000350889,98.81961377015828,46810684986.79129,160311316.82508197,1107568.776894255,20948653.264156125,16630522525.457682,13.556285638217181,239001.57022420934,733783.4439965386,2638189.6074929237,196524087.3737609
NZE,2035,Terbium,Electric vehicles,381530286.5438744,415429892.1459384,4985445785.479414,2252879.6417878536,384465223028.2676,108715.4861981414,20.52875704178303,141.86343446104016,66800599382.04172,232521831.42031655,1587752.6078614173,30038636.615659066,23847526444.695515,19.052067655753568,322682.5438995414,1014287.8852372909,3678619.5949600567,278476085.95802784
NZE,2040,Terbium,Electric vehicles,379506285.37912774,413409597.35527223,4905656511.070707,2298930.002082995,394942984839.9565,111941.13142879831,21.042926253563454,146.53067370437333,68308490583.945625,242290690.02328303,1627139.3798609534,30829213.54913681,24475167711.757984,20.283631120669533,330488.3778803427,1030613.9578302584,3759601.978134347,284294617.29572535
NZE,2045,Terbium,Electric vehicles,389005063.3794151,423921048.43853927,4972635252.993255,2407824.6017551282,414921601760.069,117863.07996480685,22.10275639404769,154.22151196721407,71640235513.85892,257036838.89886504,1708698.0534125604,32410398.600371353,25730414477.6186,21.688139685528,348845.3558712909,1078607.9438408979,3942729.2363330936,298311642.6339177
NZE,2050,Terbium,Electric vehicles,398236230.2100775,434139114.23604256,5063224387.371454,2488280.951704881,430269492345.66254,122235.63320073,22.893510881626625,159.6811789726957,74173324293.90836,267083322.8588893,1770396.1889361932,33596322.30611618,26671792842.53857,22.78217558544814,362129.3388009398,1116638.5138985764,4078111.7261171658,309315769.4818938
NZE,2022,Tin,Solar PV,17456905.11569574,18921240.955436774,239776659.24758002,123709.47604683235,69519480632.53702,223.16257056636286,0.1667313517984365,7.543493636172304,185042917.34173894,968354.8942559505,6193.88100228175,5383.415067443167,387574.336036501,0.20947544276682503,53879.313628207055,134346.40793870605,191339.83313677282,10039910.919888698
NZE,2030,Tin,Solar PV,20238425.41784976,21817434.649966843,337234674.1156425,253632.5258757556,155838425105.86096,484.4160207728912,0.36637403672669366,16.783522461959645,412776882.8640859,2356368.8542384203,15105.93777711228,11425.80488349582,869809.0114584176,0.3989643062537633,108724.5092268389,282186.4643505394,375296.69186339807,21130566.230906438
NZE,2035,Tin,Solar PV,16266960.867058739,17526258.732461564,282484465.6184194,254705.61713588046,162396619963.1776,551.1566288339309,0.3769616614893332,17.54220089479042,377288342.94192827,3048546.8960508113,15918.266218534121,11818.613256154706,908744.6621978176,0.3735116795715376,111167.65027078456,289686.82293547236,378072.55858943355,21228970.728896767
NZE,2040,Tin,Solar PV,11933435.092712443,12867801.804191075,208025150.94441158,211329.92971749417,137614915124.92505,535.8491688893762,0.31776876411001964,14.935964332378822,285554419.9770343,3478356.9887870094,13332.85577171207,10026.864673032831,776474.6403492315,0.34873582235495154,93922.0998120377,244178.6624803611,316040.33634153765,17625504.108878393
NZE,2045,Tin,Solar PV,8472041.55386058,9147658.825556207,148658893.6602834,171650.0049274512,112336759884.42557,483.98717601234256,0.2609980678254535,12.23900611326527,219666119.46318996,3491452.1516037355,10850.058282661239,8203.084594663933,644146.2601664909,0.287850080263408,76597.0571795506,198647.7242621864,257036.90713107673,14319274.086223837
NZE,2050,Tin,Solar PV,9706333.431488626,10495507.539949367,172946244.41971594,219226.3541404356,143138913298.3156,643.5313714269791,0.33595419931122084,15.657826453274778,286788473.22568226,4757820.475306787,13946.111588067972,10467.157088006099,830101.5937773198,0.3738401062031925,97447.32527525986,252453.15932015388,327892.7118053497,18421651.87961901
NZE,2022,Tin,Other low emissions power generation,674662.999640407,731255.6890989984,9266730.792177003,4781.042552534584,2686743212.8516717,8.62464040836125,0.006443723741002369,0.29153598593902597,7151417.095332907,37424.343739360374,239.37704356644443,208.0546885968365,14978.71830092747,0.008095669285571474,2082.292314133604,5192.131707776077,7394.776159875271,388015.8809618811
NZE,2030,Tin,Other low emissions power generation,680283.2073226817,733359.1478980461,11335619.298004799,8525.463054647249,5238266390.112974,16.28289145455099,0.012315093671485602,0.5641520155280556,13874853.205515511,79205.67577272002,507.76261435671506,384.0606683528007,29237.277696081605,0.013410564916092898,3654.605352162656,9485.259305900487,12615.014852551205,710271.1338120751
NZE,2035,Tin,Other low emissions power generation,522633.2808693587,563092.6500389277,9075806.124286588,8183.313000350327,5217562087.17038,17.707843496672176,0.012111218039818033,0.5636048480253958,12121713.829459568,97945.28180082953,511.43023995290923,379.71448212545323,29196.615652942426,0.012000375247278884,3571.6514143224313,9307.20716258548,12146.909512914095,682055.2844625039
NZE,2040,Tin,Other low emissions power generation,339339.3865226284,365909.0560433478,5915407.13586005,6009.381887701251,3913220335.305926,15.237417124816364,0.009036078600284915,0.42471936490176737,8120030.8998208735,98910.62527356419,379.13333947996455,285.12411392510404,22079.84759286904,0.009916658455590205,2670.7706107688446,6943.4690752709275,8986.928995493954,501199.16897285613
NZE,2045,Tin,Other low emissions power generation,246280.27772850537,265920.3146964015,4321479.466868702,4989.825724635212,3265603485.0123696,14.069394651521847,0.007587153134460879,0.3557850614321305,6385643.007650861,101495.7020815038,315.40867100759397,238.461761472789,18725.181981584086,0.008367734891378138,2226.658638940425,5774.643147156583,7472.003114275491,416257.9676227579
NZE,2050,Tin,Other low emissions power generation,199901.60385216857,216154.61752756147,3561821.9674541056,4514.959238590209,2947941006.1437993,13.253506505361099,0.0069189652032059235,0.32247239835119734,5906398.762084993,97987.14937702767,287.2196894567774,215.57074094291733,17095.91383065418,0.0076992241552144985,2006.9243191701116,5199.264150758318,6752.9391447326025,379393.28813859774
NZE,2022,Titanium,Other low emissions power generation,212979447.29937908,229294935.20735317,2503196408.6130643,794635.390307997,65462826733.201836,4192.745955486449,4.014724740994554,16.239937666555388,1622364034.1159399,4137731.853448686,27243.49960046929,17063.276633043046,19390820.243816458,6.335028662019145,264531.16893099766,440803.00509222766,1058575.5937710812,38874468.1220196
NZE,2030,Titanium,Other low emissions power generation,584671004.6004665,626372998.9242911,7363857093.962654,2941433.144129787,221132699281.6689,18013.306552648555,17.20896319323732,60.30807767416725,8245783923.5787,23701172.534418218,128821.52665011045,56397.006367865535,84126678.11636187,26.069519960663722,806314.9928603724,1413253.4308790723,3412952.595150372,147415676.2686109
NZE,2035,Titanium,Other low emissions power generation,421115627.03332824,451086454.8196105,5231507667.648312,2355489.3008039063,178267625180.23874,15754.263459669557,14.482042199881136,50.371043464940875,6369854942.189386,27820170.246441122,108067.89477450064,44864.49608635003,71120158.91826189,21.530311249918125,614807.1052185402,1095004.571349482,2650643.729374493,118227537.0399558
NZE,2040,Titanium,Other low emissions power generation,317303939.535277,340013383.8335433,3864888160.02687,1814278.762216868,139781581762.8744,12754.121689466385,11.36494438633918,40.36867534919997,4403121668.826868,26462843.059944414,81372.41976490496,35182.24080947001,55966732.07020501,17.80565788243621,476435.8008795644,846492.456179338,2041725.125483154,89967379.18829487
NZE,2045,Titanium,Other low emissions power generation,235520200.91838306,252450067.5464293,2818172201.0872283,1369418.7192453276,106323415691.74898,9792.694288043704,8.62634723800252,30.921987396121917,2952294708.1502275,21589208.7657211,59716.57188016585,26765.672394140936,42585652.01224342,13.670593036146265,362745.60604622075,639480.5142371042,1541871.5266354089,67345856.96869296
NZE,2050,Titanium,Other low emissions power generation,192826487.3097129,206733634.25057757,2284186453.3182793,1132777.0646343662,88276262790.55544,8133.453323888383,7.136757128861542,25.631779914664378,2236427748.8276954,18197582.39392379,48459.822375116375,22165.400356954033,35280683.72075031,11.303279461235524,300798.25140376703,528194.6610604394,1274732.3891852815,55441601.89474985
NZE,2022,Tungsten,Other low emissions power generation,2046533.9736192904,2217843.18219092,26558575.264711685,19623.032494327355,8395120157.276238,4055.634408005956,0.05955091954542524,2.845337325339292,13979199.131088443,202844.24055443768,1537.070041982917,7274.84686826441,169989.4083241613,0.03282588792591293,5092.123485494422,13362.043066505534,68798.45530326202,860703.5473561704
NZE,2030,Tungsten,Other low emissions power generation,2624710.0822834536,2835746.872437865,38433584.98461804,38124.56146928269,16940422074.997486,8328.11041765224,0.12087370642108708,5.812109958144751,31944406.58871136,448060.0000220267,3213.9368548490365,14861.837213795567,346115.0635244404,0.06100536030153817,8878.491314043591,25267.94402466366,135860.26537925776,1668776.1557306014
NZE,2035,Tungsten,Other low emissions power generation,2257058.7188397334,2441512.192759398,33690589.55054821,38512.88688166159,17397542131.35625,8586.542573910778,0.12356140531843052,5.981228858973713,30799938.571510132,543384.578888514,3293.9451836080657,15300.07230433628,356112.8528983799,0.05981888950448295,8774.289422696316,25509.635562743315,138552.67986700562,1680221.9740023687
NZE,2040,Tungsten,Other low emissions power generation,1499484.716852689,1624717.9630082191,22310958.322706632,28517.086911338927,13010645888.883406,6432.173823917593,0.09211572575805227,4.47720684862465,21457381.207121454,520653.62752114335,2427.77725082431,11449.386128857699,266856.43910330633,0.049639191886930105,6527.5400578066265,18963.711703820725,103293.02799077399,1242357.1013117163
NZE,2045,Tungsten,Other low emissions power generation,1165469.4392869647,1264463.279150529,17435224.873979405,24022.886753272258,11023889634.076132,5447.752302359847,0.07792285204147065,3.783316510753881,18613653.96139741,483057.8650609649,2044.983431956427,9693.757187575933,226883.25075973058,0.04287036778318494,5522.314223215659,16016.778779609274,87269.92325776147,1052767.9293882002
NZE,2050,Tungsten,Other low emissions power generation,946606.7884655952,1027984.4103920672,14373806.094225664,20670.076591679586,9527864540.472235,4700.439563225981,0.0673087676932272,3.2580502663467135,17381833.025023557,425825.9128925694,1768.8505238154278,8350.538354892913,196240.71937949333,0.036961019663656385,4732.994366831746,13511.368620425685,75000.95857207438,916486.9785162106
NZE,2022,Vanadium,Grid battery storage,179243.89806621228,189709.84137915017,2896603.7770266384,438.8106063883381,53271464.08828396,3.9889350810955295,0.011508122328408726,0.9092431605663105,687010.6124402556,2627.416645781028,-6920.209046509504,34.10216822929429,105486.62870924649,0.004924668883989979,382.15785566261314,400.58037759388344,3044.152154704653,187608.4187361209
NZE,2030,Vanadium,Grid battery storage,266907180.11180517,288424188.6245518,5076071779.927352,1017648.6708541375,95280733621.27844,9159.809470366066,28.757768969475887,2270.8407426665294,1148301056.5887585,7209948.778931528,-17370756.12751538,80547.97980464966,264897562.97505048,10.723847848920784,847451.4216374217,726659.5402531798,6829197.345202327,438755003.55992097
NZE,2035,Vanadium,Grid battery storage,1618595819.6565967,1765299663.7616446,32845509739.827606,7771210.393579696,680792434535.6139,71712.94834022716,222.2204408882833,17528.460102753645,6689925656.448878,69371619.69951919,-134144121.02458265,614614.1596394562,2047087283.9177575,72.17855049980409,6369304.668785126,5052787.008394224,51526246.437714644,3158310848.046321
NZE,2040,Vanadium,Grid battery storage,3064969553.3665767,3345455284.6388893,62835572715.14349,15859179.990459155,1397876432083.5042,151828.16737275757,454.060204449831,35823.10686574782,11001589504.771233,179470557.54684547,-274038215.21597093,1257447.9379727044,4182808483.144722,150.95683196324038,13021051.81133769,10109067.926364986,105251218.73549466,6057093522.703313
NZE,2045,Vanadium,Grid battery storage,3409161129.425926,3723147780.9658914,70430189945.96938,18055307.51610576,1607094545704.4775,176554.45044928094,519.4725055170078,40995.276033825634,10746831419.258274,231807978.3914697,-313573752.9326147,1442659.999042487,4787211181.907097,176.10167807942372,14916346.993914591,11517942.947113404,120360568.2973698,6596819313.491207
NZE,2050,Vanadium,Grid battery storage,4063615421.10752,4439752519.270541,84525207088.28998,21794554.042689342,1963650971860.2632,215652.52204890034,630.8676460214864,49793.119628808854,12090794815.798584,287344648.0216863,-380857505.8993498,1754398.6393728915,5814456279.024578,214.1361986207602,18120723.365203615,13945998.61224721,146050064.0659396,7718620951.202981
NZE,2022,Yttrium,Other low emissions power generation,50675.66825032697,55056.23551104073,642972.0478767715,244.5765733263312,38844399.43638735,10.253908441019528,0.0019678520203403067,0.013723418099102472,6355235.830781995,21658.67975191014,149.76943552680672,2836.6005181149676,2251284.175777372,0.0019091457909334595,43.09385601882395,123.3746293104939,412.4445638054723,27541.36092648681
NZE,2030,Yttrium,Other low emissions power generation,78944.9286222318,85839.9675358014,1039652.1469798067,445.7818274222635,73605575.22224894,20.502488676099013,0.003911757505078653,0.02690459387427172,12678124.044371048,43498.80452067636,300.30254230692447,5672.015244617455,4502517.689240147,0.00370290035188973,66.05425468662526,212.4466724590386,727.3078658733714,53365.231158607305
NZE,2035,Yttrium,Other low emissions power generation,73280.10811940626,79778.4298345021,959919.2954118187,435.6885590809911,73044066.72508301,20.560011722858157,0.0038999570106716644,0.026963679305847674,12617931.363403432,44064.26049115724,300.21272310816977,5671.832995059253,4502517.754849637,0.0036308035144484514,62.26302290894471,204.87653848304856,707.5352861648671,52762.48510309618
NZE,2040,Yttrium,Other low emissions power generation,35430.63980443542,38591.339049457296,459136.9709444369,216.66718629643603,36578213.85631672,10.318470810843412,0.0019478025828294366,0.013589306068014265,6286645.339706252,22421.76714159058,149.88244379949361,2835.9280925656312,2251268.4596043355,0.0019018621292089073,31.11281931455604,101.38715571637047,352.38364852966447,26259.727224069477
NZE,2045,Yttrium,Other low emissions power generation,34489.23037539774,37581.42684999859,441913.11581487185,215.96013172365852,36582846.38374216,10.337400305179692,0.0019464987169988221,0.013622919633847885,6272196.807356831,22658.827629851807,149.72176764646815,2835.950616769628,2251280.6765673338,0.0019378189734061363,31.281773525656014,100.96165112437484,351.6534230072969,26226.85847709708
NZE,2050,Yttrium,Other low emissions power generation,34022.34993986151,37086.85915737824,433576.37359737506,215.38278500993914,36622799.9982266,10.34379007434594,0.0019452511735836505,0.013618562563040455,6265514.565640508,22723.94263526618,149.66224014819602,2835.9677267234647,2251283.8114059074,0.0019623697294601727,31.350632635483862,100.82928664290411,350.9804039110078,26249.827010996294
NZE,2022,Yttrium,Hydrogen technologies,0.0,0.0,0.0,0.0,0.0,0.0,0.0,0.0,0.0,0.0,0.0,0.0,0.0,0.0,0.0,0.0,0.0,0.0
NZE,2030,Yttrium,Hydrogen technologies,39472.4643111159,42919.9837679007,519826.07348990336,222.89091371113176,36802787.61112447,10.251244338049506,0.0019558787525393263,0.01345229693713586,6339062.022185524,21749.40226033818,150.15127115346223,2836.0076223087276,2251258.8446200737,0.001851450175944865,33.02712734331263,106.2233362295193,363.6539329366857,26682.615579303652
NZE,2035,Yttrium,Hydrogen technologies,36640.05405970313,39889.21491725105,479959.64770590933,217.84427954049556,36522033.362541504,10.280005861429078,0.0019499785053358322,0.013481839652923837,6308965.681701716,22032.13024557862,150.10636155408488,2835.9164975296267,2251258.8774248185,0.0018154017572242257,31.131511454472356,102.43826924152428,353.76764308243355,26381.24255154809
NZE,2040,Yttrium,Hydrogen technologies,0.0,0.0,0.0,0.0,0.0,0.0,0.0,0.0,0.0,0.0,0.0,0.0,0.0,0.0,0.0,0.0,0.0,0.0
NZE,2045,Yttrium,Hydrogen technologies,0.0,0.0,0.0,0.0,0.0,0.0,0.0,0.0,0.0,0.0,0.0,0.0,0.0,0.0,0.0,0.0,0.0,0.0
NZE,2050,Yttrium,Hydrogen technologies,0.0,0.0,0.0,0.0,0.0,0.0,0.0,0.0,0.0,0.0,0.0,0.0,0.0,0.0,0.0,0.0,0.0,0.0
NZE,2022,Zinc,Solar PV,20546376.469355218,21772550.467830285,343917282.5263252,227606.279033003,18554025735.08073,293.57450035197394,11.125208350422106,30.11355186181737,613942157.6993845,1272716.5998206735,7863.91178816578,5949.263886337095,4526663.188393212,0.44762934859328024,16674.571185281464,132990.825122608,192126.2514145752,28295407.002967153
NZE,2030,Zinc,Solar PV,25001172.902685203,26849371.541577008,451452264.23698294,423937.22459409415,40287390436.05667,718.6584893059965,25.502613729362867,68.53829073967938,995456214.0674809,3127431.301941574,19127.194286576254,12350.34486028961,10360706.46784571,0.6497468483234282,25363.14773129553,267438.8067964396,361039.32890295365,61528267.70799397
NZE,2035,Zinc,Solar PV,20064539.1399375,21694744.90531006,351033320.97265804,424526.74103862786,41690518861.3637,823.8155158205404,26.700986752756915,71.75609212340184,740734205.3326573,3920690.752091173,20425.545987453537,12675.59118209004,10854989.068177896,0.5603118160413275,23974.657311717216,271270.6682456681,364062.38582100143,62527122.53049274
NZE,2040,Zinc,Solar PV,15476890.461009357,16744000.041115778,254653260.6180449,359047.5759962349,35313142129.61771,767.963442944945,22.639009236063554,60.94358940318543,449406798.7765236,4084162.473690445,17250.542409519207,10757.166673182792,9217363.010077033,0.5763086797865119,20410.21274594857,228480.33354134852,307580.62011958007,52164058.91569458
NZE,2045,Zinc,Solar PV,11613479.117989296,12573581.86928632,180734637.43144912,291965.51496203366,28799177213.64484,660.6668196617464,18.45990570655334,49.660208452595,264324358.444786,3760435.0630356777,13988.882780659196,8790.513926376034,7530657.112268513,0.48521941061729196,16729.43665674702,185787.5054656523,249523.94130114414,42178818.99656707
NZE,2050,Zinc,Solar PV,13871104.243787741,15028474.661130454,207859347.92019647,369534.5057219915,36627920028.74595,853.7479555257477,23.40918244835645,62.90647197396645,259869195.12058666,4910926.700655715,17743.594997182285,11163.046377790515,9559306.07261515,0.6155250210480626,21222.52992184495,235244.14812757826,315174.3862008026,53307269.34716208
NZE,2022,Zinc,Wind,1385104868.064674,1467765651.4351768,23184696481.60471,15343754.92247521,1250793365252.8828,19790.909126171482,749.9901633451833,2030.0624463263352,41388040981.72119,85798386.91788791,530134.4748581541,401061.19843843393,305158587.33943135,30.17629851975899,1124092.5988128267,8965388.109188193,12951919.114022529,1907494785.8633988
NZE,2030,Zinc,Wind,1772930495.2498305,1903993455.4127338,32014237473.20935,30063038.9014157,2856935686823.307,50962.87107489754,1808.4896162814919,4860.317002632526,70591675257.62865,221778328.10458025,1356383.8053212466,875811.0315419525,734718027.8571218,46.07607835316184,1798599.5394444359,18965126.877375834,25602704.26863975,4363208980.79473
NZE,2035,Zinc,Wind,1467677811.6031804,1586923851.2703717,25677331172.758324,31053216.518410593,3049571637818.2407,60260.330177118594,1953.1196571033686,5248.80354950423,54183111302.981,286790081.88871527,1494084.6847559116,927192.1870299387,794019064.6516597,40.98560222328176,1753694.5320193842,19842864.9642124,26630379.19696092,4573724306.417483
NZE,2040,Zinc,Wind,1164012273.341575,1259311203.487028,19152395085.603214,27003860.124619864,2655890791027.138,57758.29940242747,1702.6730707605402,4583.549016226036,33799750073.627064,307168630.3959749,1297408.1025556466,809043.2678005233,693235097.7480917,43.344002349488356,1535045.9575616417,17183937.11768652,23133045.86364918,3923243170.7228727
NZE,2045,Zinc,Wind,920456516.381323,996551959.0000705,14324594126.311691,23140486.84938453,2282553751843.268,52362.868451042144,1463.0878763162286,3935.949082152403,20949715042.06227,298043069.0092193,1108725.3166372045,696715.0621849559,596861831.08418,38.457327372774124,1325935.047512052,14725072.334542472,19776669.45713287,3342992087.4030614
NZE,2050,Zinc,Wind,1099993803.6848428,1191774549.1302016,16483474619.73601,29304492.23060079,2904634293374.934,67703.15069959263,1856.3738827103373,4988.552329136113,20607912634.58597,389441881.9245079,1407086.5742887808,885241.8401595862,758063472.2799977,48.81181031200766,1682969.9353604566,18655119.357879918,24993675.038980663,4227325016.2833576
NZE,2022,Zinc,Other low emissions power generation,31228927.51410771,33092618.61191152,522728078.2517699,345944.2106630702,28200706126.45129,446.210883225913,16.909469446978243,45.77030551774572,933145324.6388657,1934432.3073745565,11952.547037977603,9042.42803814199,6880183.31611668,0.6803625204822089,25344.078341533543,202135.92620526926,292017.2706818529,43006863.79400052
NZE,2030,Zinc,Other low emissions power generation,48913959.56188266,52529898.45550835,883251273.1687273,829419.0173111907,78820933494.3405,1406.031325871971,49.895011787482694,134.0928761514695,1947576827.2972512,6118714.863145629,37421.716633354874,24163.037127215313,20270376.080888227,1.2712080024429342,49622.15122144931,523235.0910830362,706361.385641696,120378000.27607597
NZE,2035,Zinc,Other low emissions power generation,42220929.88095399,45651300.38840918,738664024.4910787,893313.0056451256,87727530708.27377,1733.518865583003,56.18571558399343,150.99319814643195,1558694507.0432184,8250137.627106346,42980.58076001069,26672.690699056315,22841677.504260328,1.1790395847898578,50448.820090919195,570822.9719546684,766080.5143261916,131573082.1229277
NZE,2040,Zinc,Other low emissions power generation,35236371.53218549,38121210.96741333,579771300.0312002,817446.7485834244,80397738756.55708,1748.4290702268027,51.5424298293114,138.75080166300725,1023168379.3765737,9298448.333876787,39274.4603966072,24490.93520981036,20985250.77684863,1.312086998957615,46468.10941635935,520183.1686244003,700271.4811439383,118762368.00996506
NZE,2045,Zinc,Other low emissions power generation,26743616.545999292,28954549.167014934,416197230.041064,672340.6222606384,66318985414.8846,1521.3890609518207,42.50962477959338,114.3579420910464,608688336.5609846,8659561.217635255,32213.715906491794,20242.868764891587,17341659.98868898,1.1173673045249568,38524.68622306254,427833.0166810001,574605.8125568491,97129736.07194057
NZE,2050,Zinc,Other low emissions power generation,21350232.48151119,23131642.745842308,319934543.3179209,568782.9511221698,56377242516.80651,1314.0783178277218,36.031124753341466,96.82486539147395,399987458.3231216,7558837.776424144,27310.722462292928,17182.023231817122,14713565.94437385,0.9474085167695828,32665.456168000765,362084.88986651576,485112.52596334415,82049891.16321743
NZE,2022,Zirconium,Other low emissions power generation,1587825.6549672238,1698219.6274145981,21361575.81006663,6755.423496553272,455312737.51645476,103.40929215785772,0.019563811726270832,0.19760828011609866,16294946.33780685,358721.47279558424,4227.627782880772,224.52899811309288,613011.3665504432,0.1350109950904588,2059.4611875121263,4643.771983486281,7734.285491836833,2757191.449300415
NZE,2030,Zirconium,Other low emissions power generation,1764372.4932021042,1877711.8443569827,27420902.05858486,11669.323094543239,641082224.741862,211.00709876898242,0.038870775854309245,0.35811025237037625,30675490.640779696,754063.439914806,8761.573624693023,389.24509832572073,1260651.364178615,0.2708409789750892,3075.688325989867,7322.007130877488,10785.525033016118,5545332.121469395
NZE,2035,Zirconium,Other low emissions power generation,1417506.778847757,1507136.4344979003,22574883.55230139,11450.931308321531,614879727.566843,220.6145532131476,0.039542592782588155,0.37008641640441464,27418954.44516732,820443.0967824649,9013.305197088886,388.9222814647762,1297794.0498310858,0.2753779734790049,2920.637614214677,7008.438648776011,10059.645813038753,5636478.716338155
NZE,2040,Zirconium,Other low emissions power generation,959469.4986368289,1019218.8214843322,15114804.979922995,8546.11884879029,469008073.8233571,170.51479277941434,0.029778730799192455,0.2895093653956805,18376508.240504235,667126.5304106306,6777.717633226161,294.9589980730829,980453.7478139811,0.21676891268019505,2206.0414138234005,5193.506140499243,7473.167976658482,4219994.103843192
NZE,2045,Zirconium,Other low emissions power generation,743729.875142815,789513.2093792756,11575042.699194584,7145.77429876755,402390413.4649894,144.93377938237262,0.024984735696586532,0.24710424926006838,14196100.206547633,587345.9735442617,5662.241118216461,249.06398900928014,822256.0305180477,0.1830494804360983,1863.322916225063,4329.208790668394,6237.546877299233,3518785.1470692973
NZE,2050,Zirconium,Other low emissions power generation,611780.159220333,649109.0575848974,9473667.802014323,6201.984498185777,360290819.49791086,126.29499868807949,0.021683564648936577,0.2162236108659917,11980079.657283112,517854.108012533,4899.7607849831375,216.99224004709052,712280.5957421615,0.15811841306080815,1621.4706777486692,3746.002042288285,5411.220368079821,3041819.9760474917
NZE,2022,Zirconium,Hydrogen technologies,412834.67029147566,441537.1031277927,5554009.710617324,1756.4101091038724,118381311.75428165,26.88641596104323,0.005086591048830445,0.051378152830188296,4236686.04782978,93267.5829268519,1099.1832235489999,58.3775395094042,159382.95530311513,0.03510285872322913,535.4599087531544,1207.3807157064336,2010.9142278776135,716869.7768181014
NZE,2030,Zirconium,Hydrogen technologies,17318258.16143033,18430744.41402821,269150795.9342648,114540.63736488544,6292564361.301172,2071.147348111077,0.38153742124957823,3.5150433509363976,301096320.75561416,7401535.317998707,85999.52363654977,3820.648489391293,12373966.302762909,2.6584488324642233,30189.523277434502,71869.4097991955,105865.68745999297,54430395.87189905
NZE,2035,Zirconium,Hydrogen technologies,14616367.06868491,15540567.197228365,232776865.30816418,118074.22566033564,6340222096.51478,2274.827421339293,0.40773635765442273,3.8160797465098613,282725634.0430935,8459851.931917306,92939.08094734105,4010.3023928396315,13381970.721371492,2.839510613325956,30115.63124845899,72266.25889728479,103728.23465709026,58119539.9712992
NZE,2040,Zirconium,Hydrogen technologies,11153832.921653112,11848418.799755339,175709607.89160466,99348.63161718691,5452218858.196508,1982.23446606069,0.34617774554061154,3.3655463727247663,213626908.29586166,7755345.916023572,78790.96748625409,3428.898352599584,11397774.818337517,2.519938609907283,25645.231435696987,60374.508883303606,86875.57772865462,49057431.45717706
NZE,2045,Zirconium,Hydrogen technologies,8847055.380430205,9391672.057840044,137691179.5710161,85002.71815101095,4786644172.113401,1724.0630174293271,0.2972064828384991,2.9394341292578243,168870027.83012703,6986787.177832482,67355.31598833612,2962.746257319386,9781165.019744523,2.177469192650302,22165.199466139922,51498.20009198072,74198.87852548488,41857787.49573352
NZE,2050,Zirconium,Hydrogen technologies,10832727.99171174,11493706.933442907,167749255.73566723,109817.89792477209,6379632269.385323,2236.292476769957,0.38394863611133734,3.8286491096443522,212130031.1729269,9169589.119463304,86759.55734789118,3842.2591470406446,12612278.824606897,2.7997863829905145,28711.21355254969,66330.07064534584,95815.91927617167,53861191.64483984
